Year,State,Metric Name,Metric Value,Unit,Rank
2024,Alabama,CO2 Equivalent Emissions From Lost NG,256.2739314907094,thousand metric tons,13.0
2024,Alaska,CO2 Equivalent Emissions From Lost NG,9.02452010982949,thousand metric tons,2.0
2024,Arizona,CO2 Equivalent Emissions From Lost NG,346.6491635485548,thousand metric tons,18.0
2024,Arkansas,CO2 Equivalent Emissions From Lost NG,786.8425993977133,thousand metric tons,34.0
2024,California,CO2 Equivalent Emissions From Lost NG,3527.787858300609,thousand metric tons,46.0
2024,Colorado,CO2 Equivalent Emissions From Lost NG,401.9572749178037,thousand metric tons,20.0
2024,Connecticut,CO2 Equivalent Emissions From Lost NG,544.9199991540751,thousand metric tons,25.0
2024,Delaware,CO2 Equivalent Emissions From Lost NG,229.60458168690923,thousand metric tons,12.0
2024,District of Columbia,CO2 Equivalent Emissions From Lost NG,532.1583892667652,thousand metric tons,24.0
2024,Florida,CO2 Equivalent Emissions From Lost NG,791.8064383992955,thousand metric tons,35.0
2024,Georgia,CO2 Equivalent Emissions From Lost NG,367.43331212310096,thousand metric tons,19.0
2024,Hawaii,CO2 Equivalent Emissions From Lost NG,,thousand metric tons,
2024,Idaho,CO2 Equivalent Emissions From Lost NG,97.36123823895088,thousand metric tons,7.0
2024,Illinois,CO2 Equivalent Emissions From Lost NG,1832.753309848362,thousand metric tons,42.0
2024,Indiana,CO2 Equivalent Emissions From Lost NG,830.3829089276453,thousand metric tons,36.0
2024,Iowa,CO2 Equivalent Emissions From Lost NG,624.2804943869143,thousand metric tons,30.0
2024,Kansas,CO2 Equivalent Emissions From Lost NG,325.68334314766525,thousand metric tons,16.0
2024,Kentucky,CO2 Equivalent Emissions From Lost NG,784.6591938283474,thousand metric tons,33.0
2024,Louisiana,CO2 Equivalent Emissions From Lost NG,4890.501540395681,thousand metric tons,48.0
2024,Maine,CO2 Equivalent Emissions From Lost NG,163.5436529968915,thousand metric tons,10.0
2024,Maryland,CO2 Equivalent Emissions From Lost NG,1580.7102142643973,thousand metric tons,41.0
2024,Massachusetts,CO2 Equivalent Emissions From Lost NG,2208.495971803765,thousand metric tons,45.0
2024,Michigan,CO2 Equivalent Emissions From Lost NG,575.365819540248,thousand metric tons,27.0
2024,Minnesota,CO2 Equivalent Emissions From Lost NG,681.5988843908134,thousand metric tons,31.0
2024,Mississippi,CO2 Equivalent Emissions From Lost NG,484.1788227777804,thousand metric tons,22.0
2024,Missouri,CO2 Equivalent Emissions From Lost NG,318.9964081735258,thousand metric tons,15.0
2024,Montana,CO2 Equivalent Emissions From Lost NG,179.2952319198074,thousand metric tons,11.0
2024,Nebraska,CO2 Equivalent Emissions From Lost NG,682.1803085385176,thousand metric tons,32.0
2024,Nevada,CO2 Equivalent Emissions From Lost NG,74.97027852138825,thousand metric tons,6.0
2024,New Hampshire,CO2 Equivalent Emissions From Lost NG,39.153436471726586,thousand metric tons,3.0
2024,New Jersey,CO2 Equivalent Emissions From Lost NG,1116.225509103103,thousand metric tons,39.0
2024,New Mexico,CO2 Equivalent Emissions From Lost NG,107.14551066958235,thousand metric tons,8.0
2024,New York,CO2 Equivalent Emissions From Lost NG,9844.019055925735,thousand metric tons,50.0
2024,North Carolina,CO2 Equivalent Emissions From Lost NG,599.8454479852185,thousand metric tons,29.0
2024,North Dakota,CO2 Equivalent Emissions From Lost NG,129.61188834368426,thousand metric tons,9.0
2024,Ohio,CO2 Equivalent Emissions From Lost NG,4130.562346528958,thousand metric tons,47.0
2024,Oklahoma,CO2 Equivalent Emissions From Lost NG,466.91479803677896,thousand metric tons,21.0
2024,Oregon,CO2 Equivalent Emissions From Lost NG,325.8449530545351,thousand metric tons,17.0
2024,Pennsylvania,CO2 Equivalent Emissions From Lost NG,1963.6877988091883,thousand metric tons,44.0
2024,Rhode Island,CO2 Equivalent Emissions From Lost NG,596.2268721394425,thousand metric tons,28.0
2024,South Carolina,CO2 Equivalent Emissions From Lost NG,74.57015468300013,thousand metric tons,5.0
2024,South Dakota,CO2 Equivalent Emissions From Lost NG,70.8639008187846,thousand metric tons,4.0
2024,Tennessee,CO2 Equivalent Emissions From Lost NG,498.22513854544883,thousand metric tons,23.0
2024,Texas,CO2 Equivalent Emissions From Lost NG,6238.792559974442,thousand metric tons,49.0
2024,Utah,CO2 Equivalent Emissions From Lost NG,1167.96928611256,thousand metric tons,40.0
2024,Vermont,CO2 Equivalent Emissions From Lost NG,0.15789473659699205,thousand metric tons,1.0
2024,Virginia,CO2 Equivalent Emissions From Lost NG,1930.5202446811102,thousand metric tons,43.0
2024,Washington,CO2 Equivalent Emissions From Lost NG,896.2082958223631,thousand metric tons,37.0
2024,West Virginia,CO2 Equivalent Emissions From Lost NG,1052.0957259209233,thousand metric tons,38.0
2024,Wisconsin,CO2 Equivalent Emissions From Lost NG,568.4975842567925,thousand metric tons,26.0
2024,Wyoming,CO2 Equivalent Emissions From Lost NG,290.3390707567127,thousand metric tons,14.0
2024,Alabama,NG - Consumption per Customer - All Sectors,128.49048152167444,Mcf per customer,44.0
2024,Alaska,NG - Consumption per Customer - All Sectors,599.4448590931191,Mcf per customer,51.0
2024,Arizona,NG - Consumption per Customer - All Sectors,52.349333049354,Mcf per customer,3.0
2024,Arkansas,NG - Consumption per Customer - All Sectors,75.67757935419992,Mcf per customer,8.0
2024,California,NG - Consumption per Customer - All Sectors,48.90652447692441,Mcf per customer,2.0
2024,Colorado,NG - Consumption per Customer - All Sectors,92.75127340941842,Mcf per customer,22.0
2024,Connecticut,NG - Consumption per Customer - All Sectors,152.2437937107986,Mcf per customer,45.0
2024,Delaware,NG - Consumption per Customer - All Sectors,74.05482539697113,Mcf per customer,7.0
2024,District of Columbia,NG - Consumption per Customer - All Sectors,71.42426515009478,Mcf per customer,6.0
2024,Florida,NG - Consumption per Customer - All Sectors,47.11218425962238,Mcf per customer,1.0
2024,Georgia,NG - Consumption per Customer - All Sectors,160.58721067827898,Mcf per customer,46.0
2024,Hawaii,NG - Consumption per Customer - All Sectors,94.76790858155803,Mcf per customer,26.0
2024,Idaho,NG - Consumption per Customer - All Sectors,99.43665309513281,Mcf per customer,35.0
2024,Illinois,NG - Consumption per Customer - All Sectors,96.24834382986525,Mcf per customer,32.0
2024,Indiana,NG - Consumption per Customer - All Sectors,98.96767459053888,Mcf per customer,34.0
2024,Iowa,NG - Consumption per Customer - All Sectors,85.07392528168876,Mcf per customer,14.0
2024,Kansas,NG - Consumption per Customer - All Sectors,84.40834265835213,Mcf per customer,12.0
2024,Kentucky,NG - Consumption per Customer - All Sectors,101.20384615824959,Mcf per customer,38.0
2024,Louisiana,NG - Consumption per Customer - All Sectors,77.09745960255236,Mcf per customer,9.0
2024,Maine,NG - Consumption per Customer - All Sectors,197.56943480195815,Mcf per customer,48.0
2024,Maryland,NG - Consumption per Customer - All Sectors,69.65746566364115,Mcf per customer,5.0
2024,Massachusetts,NG - Consumption per Customer - All Sectors,95.15269154912899,Mcf per customer,28.0
2024,Michigan,NG - Consumption per Customer - All Sectors,102.35407313812925,Mcf per customer,40.0
2024,Minnesota,NG - Consumption per Customer - All Sectors,123.63330832161427,Mcf per customer,43.0
2024,Mississippi,NG - Consumption per Customer - All Sectors,93.65073915844438,Mcf per customer,24.0
2024,Missouri,NG - Consumption per Customer - All Sectors,85.0275547109085,Mcf per customer,13.0
2024,Montana,NG - Consumption per Customer - All Sectors,101.33070880226578,Mcf per customer,39.0
2024,Nebraska,NG - Consumption per Customer - All Sectors,93.20032732006695,Mcf per customer,23.0
2024,Nevada,NG - Consumption per Customer - All Sectors,66.8608508408328,Mcf per customer,4.0
2024,New Hampshire,NG - Consumption per Customer - All Sectors,95.43954140547675,Mcf per customer,30.0
2024,New Jersey,NG - Consumption per Customer - All Sectors,95.19498425379584,Mcf per customer,29.0
2024,New Mexico,NG - Consumption per Customer - All Sectors,83.26425584439873,Mcf per customer,11.0
2024,New York,NG - Consumption per Customer - All Sectors,89.06709030249252,Mcf per customer,17.0
2024,North Carolina,NG - Consumption per Customer - All Sectors,94.85877369636772,Mcf per customer,27.0
2024,North Dakota,NG - Consumption per Customer - All Sectors,228.33381471625452,Mcf per customer,50.0
2024,Ohio,NG - Consumption per Customer - All Sectors,91.41543200513766,Mcf per customer,21.0
2024,Oklahoma,NG - Consumption per Customer - All Sectors,78.15072504606647,Mcf per customer,10.0
2024,Oregon,NG - Consumption per Customer - All Sectors,94.20226931125588,Mcf per customer,25.0
2024,Pennsylvania,NG - Consumption per Customer - All Sectors,89.52349974265852,Mcf per customer,19.0
2024,Rhode Island,NG - Consumption per Customer - All Sectors,87.32895066320698,Mcf per customer,15.0
2024,South Carolina,NG - Consumption per Customer - All Sectors,98.29358442422898,Mcf per customer,33.0
2024,South Dakota,NG - Consumption per Customer - All Sectors,96.07853923427469,Mcf per customer,31.0
2024,Tennessee,NG - Consumption per Customer - All Sectors,113.61304371195047,Mcf per customer,41.0
2024,Texas,NG - Consumption per Customer - All Sectors,165.6173156185494,Mcf per customer,47.0
2024,Utah,NG - Consumption per Customer - All Sectors,89.14894762541664,Mcf per customer,18.0
2024,Vermont,NG - Consumption per Customer - All Sectors,223.5966182706821,Mcf per customer,49.0
2024,Virginia,NG - Consumption per Customer - All Sectors,88.28263663346159,Mcf per customer,16.0
2024,Washington,NG - Consumption per Customer - All Sectors,100.63631445919766,Mcf per customer,37.0
2024,West Virginia,NG - Consumption per Customer - All Sectors,90.0054698230589,Mcf per customer,20.0
2024,Wisconsin,NG - Consumption per Customer - All Sectors,100.32039062737607,Mcf per customer,36.0
2024,Wyoming,NG - Consumption per Customer - All Sectors,122.62756884149759,Mcf per customer,42.0
2024,Alabama,NG - Consumption per Customer - Commercial Sector,276.95783737881254,Mcf per customer,5.0
2024,Alaska,NG - Consumption per Customer - Commercial Sector,1133.7401329174013,Mcf per customer,51.0
2024,Arizona,NG - Consumption per Customer - Commercial Sector,494.9803149606299,Mcf per customer,43.0
2024,Arkansas,NG - Consumption per Customer - Commercial Sector,276.8252467877842,Mcf per customer,4.0
2024,California,NG - Consumption per Customer - Commercial Sector,321.92585089641506,Mcf per customer,15.0
2024,Colorado,NG - Consumption per Customer - Commercial Sector,351.9966949383711,Mcf per customer,23.0
2024,Connecticut,NG - Consumption per Customer - Commercial Sector,687.0461250369592,Mcf per customer,48.0
2024,Delaware,NG - Consumption per Customer - Commercial Sector,349.2680714485068,Mcf per customer,22.0
2024,District of Columbia,NG - Consumption per Customer - Commercial Sector,399.47505270555166,Mcf per customer,35.0
2024,Florida,NG - Consumption per Customer - Commercial Sector,507.5102681864693,Mcf per customer,45.0
2024,Georgia,NG - Consumption per Customer - Commercial Sector,348.5441642162407,Mcf per customer,21.0
2024,Hawaii,NG - Consumption per Customer - Commercial Sector,775.9216745442269,Mcf per customer,49.0
2024,Idaho,NG - Consumption per Customer - Commercial Sector,368.0890214080398,Mcf per customer,29.0
2024,Illinois,NG - Consumption per Customer - Commercial Sector,287.1590356256018,Mcf per customer,7.0
2024,Indiana,NG - Consumption per Customer - Commercial Sector,380.43275415504667,Mcf per customer,33.0
2024,Iowa,NG - Consumption per Customer - Commercial Sector,290.6068410781682,Mcf per customer,8.0
2024,Kansas,NG - Consumption per Customer - Commercial Sector,241.84520942473372,Mcf per customer,2.0
2024,Kentucky,NG - Consumption per Customer - Commercial Sector,318.3411889132859,Mcf per customer,13.0
2024,Louisiana,NG - Consumption per Customer - Commercial Sector,376.16800274066463,Mcf per customer,32.0
2024,Maine,NG - Consumption per Customer - Commercial Sector,444.136193887661,Mcf per customer,39.0
2024,Maryland,NG - Consumption per Customer - Commercial Sector,316.8363093108137,Mcf per customer,12.0
2024,Massachusetts,NG - Consumption per Customer - Commercial Sector,343.7325420662821,Mcf per customer,20.0
2024,Michigan,NG - Consumption per Customer - Commercial Sector,376.03614038317613,Mcf per customer,31.0
2024,Minnesota,NG - Consumption per Customer - Commercial Sector,568.5460128586508,Mcf per customer,47.0
2024,Mississippi,NG - Consumption per Customer - Commercial Sector,320.29816682141086,Mcf per customer,14.0
2024,Missouri,NG - Consumption per Customer - Commercial Sector,364.8510629097262,Mcf per customer,28.0
2024,Montana,NG - Consumption per Customer - Commercial Sector,313.3878723086868,Mcf per customer,11.0
2024,Nebraska,NG - Consumption per Customer - Commercial Sector,363.6798849438992,Mcf per customer,27.0
2024,Nevada,NG - Consumption per Customer - Commercial Sector,413.73281810082256,Mcf per customer,38.0
2024,New Hampshire,NG - Consumption per Customer - Commercial Sector,306.70754319426885,Mcf per customer,9.0
2024,New Jersey,NG - Consumption per Customer - Commercial Sector,323.70179765949035,Mcf per customer,17.0
2024,New Mexico,NG - Consumption per Customer - Commercial Sector,353.05200205867214,Mcf per customer,24.0
2024,New York,NG - Consumption per Customer - Commercial Sector,281.4395960682526,Mcf per customer,6.0
2024,North Carolina,NG - Consumption per Customer - Commercial Sector,456.5395478549813,Mcf per customer,40.0
2024,North Dakota,NG - Consumption per Customer - Commercial Sector,553.9363911560715,Mcf per customer,46.0
2024,Ohio,NG - Consumption per Customer - Commercial Sector,484.0545636242505,Mcf per customer,42.0
2024,Oklahoma,NG - Consumption per Customer - Commercial Sector,197.01478314889494,Mcf per customer,1.0
2024,Oregon,NG - Consumption per Customer - Commercial Sector,343.4924601159619,Mcf per customer,19.0
2024,Pennsylvania,NG - Consumption per Customer - Commercial Sector,308.24964677752416,Mcf per customer,10.0
2024,Rhode Island,NG - Consumption per Customer - Commercial Sector,272.1615109379954,Mcf per customer,3.0
2024,South Carolina,NG - Consumption per Customer - Commercial Sector,369.28126931794765,Mcf per customer,30.0
2024,South Dakota,NG - Consumption per Customer - Commercial Sector,328.1622679814385,Mcf per customer,18.0
2024,Tennessee,NG - Consumption per Customer - Commercial Sector,354.56731239847636,Mcf per customer,25.0
2024,Texas,NG - Consumption per Customer - Commercial Sector,400.7978915511315,Mcf per customer,36.0
2024,Utah,NG - Consumption per Customer - Commercial Sector,400.9972101133391,Mcf per customer,37.0
2024,Vermont,NG - Consumption per Customer - Commercial Sector,1089.7934713375796,Mcf per customer,50.0
2024,Virginia,NG - Consumption per Customer - Commercial Sector,385.55290138463164,Mcf per customer,34.0
2024,Washington,NG - Consumption per Customer - Commercial Sector,474.15799420204763,Mcf per customer,41.0
2024,West Virginia,NG - Consumption per Customer - Commercial Sector,323.173587944323,Mcf per customer,16.0
2024,Wisconsin,NG - Consumption per Customer - Commercial Sector,358.7450950664286,Mcf per customer,26.0
2024,Wyoming,NG - Consumption per Customer - Commercial Sector,499.76999929641875,Mcf per customer,44.0
2024,Alabama,NG - Consumption per Customer - Industrial Sector,18150.697500718183,Mcf per customer,34.0
2024,Alaska,NG - Consumption per Customer - Industrial Sector,8129484.142857143,Mcf per customer,50.0
2024,Arizona,NG - Consumption per Customer - Industrial Sector,22921.489270386268,Mcf per customer,40.0
2024,Arkansas,NG - Consumption per Customer - Industrial Sector,4037.5725190839694,Mcf per customer,17.0
2024,California,NG - Consumption per Customer - Industrial Sector,957.7286496720535,Mcf per customer,5.0
2024,Colorado,NG - Consumption per Customer - Industrial Sector,6758.018555334659,Mcf per customer,24.0
2024,Connecticut,NG - Consumption per Customer - Industrial Sector,5182.605010438413,Mcf per customer,19.0
2024,Delaware,NG - Consumption per Customer - Industrial Sector,1091.516129032258,Mcf per customer,6.0
2024,District of Columbia,NG - Consumption per Customer - Industrial Sector,,Mcf per customer,
2024,Florida,NG - Consumption per Customer - Industrial Sector,34476.596153846156,Mcf per customer,42.0
2024,Georgia,NG - Consumption per Customer - Industrial Sector,37033.4885583524,Mcf per customer,44.0
2024,Hawaii,NG - Consumption per Customer - Industrial Sector,15893.2,Mcf per customer,33.0
2024,Idaho,NG - Consumption per Customer - Industrial Sector,5772.128113879004,Mcf per customer,22.0
2024,Illinois,NG - Consumption per Customer - Industrial Sector,880.4821177886222,Mcf per customer,2.0
2024,Indiana,NG - Consumption per Customer - Industrial Sector,3230.364900086881,Mcf per customer,15.0
2024,Iowa,NG - Consumption per Customer - Industrial Sector,5532.860528714677,Mcf per customer,21.0
2024,Kansas,NG - Consumption per Customer - Industrial Sector,2625.3596017069704,Mcf per customer,13.0
2024,Kentucky,NG - Consumption per Customer - Industrial Sector,15082.695084485407,Mcf per customer,32.0
2024,Louisiana,NG - Consumption per Customer - Industrial Sector,38690.56476683938,Mcf per customer,45.0
2024,Maine,NG - Consumption per Customer - Industrial Sector,35556.52307692308,Mcf per customer,43.0
2024,Maryland,NG - Consumption per Customer - Industrial Sector,896.7128427128428,Mcf per customer,3.0
2024,Massachusetts,NG - Consumption per Customer - Industrial Sector,1678.4786931818182,Mcf per customer,10.0
2024,Michigan,NG - Consumption per Customer - Industrial Sector,2051.2689639740433,Mcf per customer,11.0
2024,Minnesota,NG - Consumption per Customer - Industrial Sector,13264.314457831326,Mcf per customer,30.0
2024,Mississippi,NG - Consumption per Customer - Industrial Sector,19241.438697318008,Mcf per customer,36.0
2024,Missouri,NG - Consumption per Customer - Industrial Sector,3045.712359550562,Mcf per customer,14.0
2024,Montana,NG - Consumption per Customer - Industrial Sector,1435.8068181818182,Mcf per customer,8.0
2024,Nebraska,NG - Consumption per Customer - Industrial Sector,11246.926121372031,Mcf per customer,27.0
2024,Nevada,NG - Consumption per Customer - Industrial Sector,18210.056872037916,Mcf per customer,35.0
2024,New Hampshire,NG - Consumption per Customer - Industrial Sector,11860.180327868853,Mcf per customer,29.0
2024,New Jersey,NG - Consumption per Customer - Industrial Sector,697.7334681496461,Mcf per customer,1.0
2024,New Mexico,NG - Consumption per Customer - Industrial Sector,5530.38524590164,Mcf per customer,20.0
2024,New York,NG - Consumption per Customer - Industrial Sector,927.1333968556455,Mcf per customer,4.0
2024,North Carolina,NG - Consumption per Customer - Industrial Sector,10522.97643277986,Mcf per customer,26.0
2024,North Dakota,NG - Consumption per Customer - Industrial Sector,91676.92613636363,Mcf per customer,47.0
2024,Ohio,NG - Consumption per Customer - Industrial Sector,2287.393816110659,Mcf per customer,12.0
2024,Oklahoma,NG - Consumption per Customer - Industrial Sector,9301.752751283933,Mcf per customer,25.0
2024,Oregon,NG - Consumption per Customer - Industrial Sector,11349.324205914567,Mcf per customer,28.0
2024,Pennsylvania,NG - Consumption per Customer - Industrial Sector,1354.1956224350206,Mcf per customer,7.0
2024,Rhode Island,NG - Consumption per Customer - Industrial Sector,6310.390625,Mcf per customer,23.0
2024,South Carolina,NG - Consumption per Customer - Industrial Sector,24853.88249027237,Mcf per customer,41.0
2024,South Dakota,NG - Consumption per Customer - Industrial Sector,4328.592233009709,Mcf per customer,18.0
2024,Tennessee,NG - Consumption per Customer - Industrial Sector,19382.9140625,Mcf per customer,38.0
2024,Texas,NG - Consumption per Customer - Industrial Sector,124125.72682425489,Mcf per customer,48.0
2024,Utah,NG - Consumption per Customer - Industrial Sector,15004.292307692307,Mcf per customer,31.0
2024,Vermont,NG - Consumption per Customer - Industrial Sector,147222.7857142857,Mcf per customer,49.0
2024,Virginia,NG - Consumption per Customer - Industrial Sector,19361.07969924812,Mcf per customer,37.0
2024,Washington,NG - Consumption per Customer - Industrial Sector,1572.7199184228416,Mcf per customer,9.0
2024,West Virginia,NG - Consumption per Customer - Industrial Sector,45351.40740740741,Mcf per customer,46.0
2024,Wisconsin,NG - Consumption per Customer - Industrial Sector,3714.7319935977234,Mcf per customer,16.0
2024,Wyoming,NG - Consumption per Customer - Industrial Sector,20416.029411764706,Mcf per customer,39.0
2024,Alabama,NG - Consumption per Customer - Residential Sector,36.893410038177294,Mcf per customer,6.0
2024,Alaska,NG - Consumption per Customer - Residential Sector,148.36828582171654,Mcf per customer,51.0
2024,Arizona,NG - Consumption per Customer - Residential Sector,29.599574944360132,Mcf per customer,3.0
2024,Arkansas,NG - Consumption per Customer - Residential Sector,48.46904050625344,Mcf per customer,13.0
2024,California,NG - Consumption per Customer - Residential Sector,36.45550679939547,Mcf per customer,5.0
2024,Colorado,NG - Consumption per Customer - Residential Sector,66.474140084005,Mcf per customer,32.0
2024,Connecticut,NG - Consumption per Customer - Residential Sector,77.46034359329445,Mcf per customer,47.0
2024,Delaware,NG - Consumption per Customer - Residential Sector,54.35673382716535,Mcf per customer,17.0
2024,District of Columbia,NG - Consumption per Customer - Residential Sector,54.37398278960364,Mcf per customer,18.0
2024,Florida,NG - Consumption per Customer - Residential Sector,20.36771509564615,Mcf per customer,1.0
2024,Georgia,NG - Consumption per Customer - Residential Sector,47.5941710943949,Mcf per customer,11.0
2024,Hawaii,NG - Consumption per Customer - Residential Sector,21.52274315259922,Mcf per customer,2.0
2024,Idaho,NG - Consumption per Customer - Residential Sector,69.7467940225186,Mcf per customer,37.0
2024,Illinois,NG - Consumption per Customer - Residential Sector,81.28920786117156,Mcf per customer,50.0
2024,Indiana,NG - Consumption per Customer - Residential Sector,71.54109016017094,Mcf per customer,42.0
2024,Iowa,NG - Consumption per Customer - Residential Sector,57.51694743104972,Mcf per customer,22.0
2024,Kansas,NG - Consumption per Customer - Residential Sector,60.196672095925365,Mcf per customer,28.0
2024,Kentucky,NG - Consumption per Customer - Residential Sector,52.30384994536104,Mcf per customer,14.0
2024,Louisiana,NG - Consumption per Customer - Residential Sector,34.17911541740817,Mcf per customer,4.0
2024,Maine,NG - Consumption per Customer - Residential Sector,68.84965921514807,Mcf per customer,35.0
2024,Maryland,NG - Consumption per Customer - Residential Sector,56.22206348272587,Mcf per customer,21.0
2024,Massachusetts,NG - Consumption per Customer - Residential Sector,69.82046392631115,Mcf per customer,38.0
2024,Michigan,NG - Consumption per Customer - Residential Sector,79.17649791198781,Mcf per customer,49.0
2024,Minnesota,NG - Consumption per Customer - Residential Sector,71.50312004650165,Mcf per customer,41.0
2024,Mississippi,NG - Consumption per Customer - Residential Sector,45.440592114395145,Mcf per customer,9.0
2024,Missouri,NG - Consumption per Customer - Residential Sector,58.386977431470065,Mcf per customer,25.0
2024,Montana,NG - Consumption per Customer - Residential Sector,71.21714320588325,Mcf per customer,40.0
2024,Nebraska,NG - Consumption per Customer - Residential Sector,59.55564909369675,Mcf per customer,27.0
2024,Nevada,NG - Consumption per Customer - Residential Sector,45.58322247623382,Mcf per customer,10.0
2024,New Hampshire,NG - Consumption per Customer - Residential Sector,59.215790285538,Mcf per customer,26.0
2024,New Jersey,NG - Consumption per Customer - Residential Sector,77.64856222772744,Mcf per customer,48.0
2024,New Mexico,NG - Consumption per Customer - Residential Sector,57.811600614875864,Mcf per customer,24.0
2024,New York,NG - Consumption per Customer - Residential Sector,73.73253217747771,Mcf per customer,46.0
2024,North Carolina,NG - Consumption per Customer - Residential Sector,47.61786765423688,Mcf per customer,12.0
2024,North Dakota,NG - Consumption per Customer - Residential Sector,73.28654380843699,Mcf per customer,45.0
2024,Ohio,NG - Consumption per Customer - Residential Sector,66.80004554035844,Mcf per customer,33.0
2024,Oklahoma,NG - Consumption per Customer - Residential Sector,54.03919886418181,Mcf per customer,16.0
2024,Oregon,NG - Consumption per Customer - Residential Sector,55.449497356522514,Mcf per customer,20.0
2024,Pennsylvania,NG - Consumption per Customer - Residential Sector,73.14011726283968,Mcf per customer,44.0
2024,Rhode Island,NG - Consumption per Customer - Residential Sector,69.653410256815,Mcf per customer,36.0
2024,South Carolina,NG - Consumption per Customer - Residential Sector,39.86377006210082,Mcf per customer,8.0
2024,South Dakota,NG - Consumption per Customer - Residential Sector,57.74777890714702,Mcf per customer,23.0
2024,Tennessee,NG - Consumption per Customer - Residential Sector,53.00206351538692,Mcf per customer,15.0
2024,Texas,NG - Consumption per Customer - Residential Sector,37.021324849182655,Mcf per customer,7.0
2024,Utah,NG - Consumption per Customer - Residential Sector,67.19036225412641,Mcf per customer,34.0
2024,Vermont,NG - Consumption per Customer - Residential Sector,71.69206612909761,Mcf per customer,43.0
2024,Virginia,NG - Consumption per Customer - Residential Sector,55.11960953940814,Mcf per customer,19.0
2024,Washington,NG - Consumption per Customer - Residential Sector,65.6475132568564,Mcf per customer,31.0
2024,West Virginia,NG - Consumption per Customer - Residential Sector,62.28043362624104,Mcf per customer,29.0
2024,Wisconsin,NG - Consumption per Customer - Residential Sector,65.17461837722384,Mcf per customer,30.0
2024,Wyoming,NG - Consumption per Customer - Residential Sector,70.47699455247552,Mcf per customer,39.0
2024,Alabama,NG - Expenditures per Customer - All Sectors,1241.342417956784,$ per customer,37.0
2024,Alaska,NG - Expenditures per Customer - All Sectors,5000.528778091395,$ per customer,51.0
2024,Arizona,NG - Expenditures per Customer - All Sectors,841.8153603044991,$ per customer,8.0
2024,Arkansas,NG - Expenditures per Customer - All Sectors,1021.5252221102945,$ per customer,18.0
2024,California,NG - Expenditures per Customer - All Sectors,858.9743542817005,$ per customer,10.0
2024,Colorado,NG - Expenditures per Customer - All Sectors,915.7352920139276,$ per customer,14.0
2024,Connecticut,NG - Expenditures per Customer - All Sectors,1965.3937541493997,$ per customer,47.0
2024,Delaware,NG - Expenditures per Customer - All Sectors,1009.2519498524126,$ per customer,17.0
2024,District of Columbia,NG - Expenditures per Customer - All Sectors,1126.3819344624294,$ per customer,31.0
2024,Florida,NG - Expenditures per Customer - All Sectors,793.4503533146595,$ per customer,4.0
2024,Georgia,NG - Expenditures per Customer - All Sectors,1411.433173979584,$ per customer,43.0
2024,Hawaii,NG - Expenditures per Customer - All Sectors,3696.9480548257416,$ per customer,50.0
2024,Idaho,NG - Expenditures per Customer - All Sectors,805.3399946785805,$ per customer,5.0
2024,Illinois,NG - Expenditures per Customer - All Sectors,1024.1642451577832,$ per customer,19.0
2024,Indiana,NG - Expenditures per Customer - All Sectors,874.1388608613223,$ per customer,11.0
2024,Iowa,NG - Expenditures per Customer - All Sectors,780.8856535356523,$ per customer,3.0
2024,Kansas,NG - Expenditures per Customer - All Sectors,969.0882394193883,$ per customer,16.0
2024,Kentucky,NG - Expenditures per Customer - All Sectors,1043.3925476533673,$ per customer,20.0
2024,Louisiana,NG - Expenditures per Customer - All Sectors,845.8149713792293,$ per customer,9.0
2024,Maine,NG - Expenditures per Customer - All Sectors,2866.7305740987986,$ per customer,49.0
2024,Maryland,NG - Expenditures per Customer - All Sectors,1074.8460686354679,$ per customer,23.0
2024,Massachusetts,NG - Expenditures per Customer - All Sectors,1872.435848315875,$ per customer,46.0
2024,Michigan,NG - Expenditures per Customer - All Sectors,1054.7972541501674,$ per customer,21.0
2024,Minnesota,NG - Expenditures per Customer - All Sectors,1148.678659592712,$ per customer,32.0
2024,Mississippi,NG - Expenditures per Customer - All Sectors,1081.690460448242,$ per customer,24.0
2024,Missouri,NG - Expenditures per Customer - All Sectors,1271.5601368935966,$ per customer,40.0
2024,Montana,NG - Expenditures per Customer - All Sectors,819.8985525825445,$ per customer,6.0
2024,Nebraska,NG - Expenditures per Customer - All Sectors,839.4230202715269,$ per customer,7.0
2024,Nevada,NG - Expenditures per Customer - All Sectors,1120.4239842235497,$ per customer,28.0
2024,New Hampshire,NG - Expenditures per Customer - All Sectors,1534.2143606970396,$ per customer,44.0
2024,New Jersey,NG - Expenditures per Customer - All Sectors,1217.1088125343613,$ per customer,35.0
2024,New Mexico,NG - Expenditures per Customer - All Sectors,660.1058717037591,$ per customer,1.0
2024,New York,NG - Expenditures per Customer - All Sectors,1409.1885732823189,$ per customer,42.0
2024,North Carolina,NG - Expenditures per Customer - All Sectors,1102.8771077844765,$ per customer,26.0
2024,North Dakota,NG - Expenditures per Customer - All Sectors,1259.520656195236,$ per customer,39.0
2024,Ohio,NG - Expenditures per Customer - All Sectors,1119.133524166664,$ per customer,27.0
2024,Oklahoma,NG - Expenditures per Customer - All Sectors,893.9844971733932,$ per customer,13.0
2024,Oregon,NG - Expenditures per Customer - All Sectors,1246.6103746005087,$ per customer,38.0
2024,Pennsylvania,NG - Expenditures per Customer - All Sectors,1154.9909023067814,$ per customer,33.0
2024,Rhode Island,NG - Expenditures per Customer - All Sectors,1792.4303968354775,$ per customer,45.0
2024,South Carolina,NG - Expenditures per Customer - All Sectors,1073.5677568227202,$ per customer,22.0
2024,South Dakota,NG - Expenditures per Customer - All Sectors,774.3417406779097,$ per customer,2.0
2024,Tennessee,NG - Expenditures per Customer - All Sectors,959.4754823937479,$ per customer,15.0
2024,Texas,NG - Expenditures per Customer - All Sectors,1126.1435462997729,$ per customer,30.0
2024,Utah,NG - Expenditures per Customer - All Sectors,1123.723533532896,$ per customer,29.0
2024,Vermont,NG - Expenditures per Customer - All Sectors,2088.6565083015885,$ per customer,48.0
2024,Virginia,NG - Expenditures per Customer - All Sectors,1093.716181248999,$ per customer,25.0
2024,Washington,NG - Expenditures per Customer - All Sectors,1191.411812835994,$ per customer,34.0
2024,West Virginia,NG - Expenditures per Customer - All Sectors,1227.3273787401363,$ per customer,36.0
2024,Wisconsin,NG - Expenditures per Customer - All Sectors,889.2827080910498,$ per customer,12.0
2024,Wyoming,NG - Expenditures per Customer - All Sectors,1288.5499028887712,$ per customer,41.0
2024,Alabama,NG - Expenditures per Customer - Commercial Sector,15347.704309673767,$ per customer,30.0
2024,Alaska,NG - Expenditures per Customer - Commercial Sector,53703.9699579547,$ per customer,51.0
2024,Arizona,NG - Expenditures per Customer - Commercial Sector,20527.16478472106,$ per customer,41.0
2024,Arkansas,NG - Expenditures per Customer - Commercial Sector,9424.167757880588,$ per customer,7.0
2024,California,NG - Expenditures per Customer - Commercial Sector,24338.34872609498,$ per customer,48.0
2024,Colorado,NG - Expenditures per Customer - Commercial Sector,12182.49706604414,$ per customer,17.0
2024,Connecticut,NG - Expenditures per Customer - Commercial Sector,21298.943509970763,$ per customer,42.0
2024,Delaware,NG - Expenditures per Customer - Commercial Sector,15339.96769466927,$ per customer,29.0
2024,District of Columbia,NG - Expenditures per Customer - Commercial Sector,22798.19198875615,$ per customer,45.0
2024,Florida,NG - Expenditures per Customer - Commercial Sector,18247.281179354162,$ per customer,37.0
2024,Georgia,NG - Expenditures per Customer - Commercial Sector,15176.099185704592,$ per customer,26.0
2024,Hawaii,NG - Expenditures per Customer - Commercial Sector,39429.53612424038,$ per customer,50.0
2024,Idaho,NG - Expenditures per Customer - Commercial Sector,9024.911064395726,$ per customer,5.0
2024,Illinois,NG - Expenditures per Customer - Commercial Sector,17551.249497457728,$ per customer,34.0
2024,Indiana,NG - Expenditures per Customer - Commercial Sector,11380.215452997794,$ per customer,14.0
2024,Iowa,NG - Expenditures per Customer - Commercial Sector,8291.15392921178,$ per customer,3.0
2024,Kansas,NG - Expenditures per Customer - Commercial Sector,11750.745288874543,$ per customer,15.0
2024,Kentucky,NG - Expenditures per Customer - Commercial Sector,10476.782933081955,$ per customer,12.0
2024,Louisiana,NG - Expenditures per Customer - Commercial Sector,14295.345135320315,$ per customer,24.0
2024,Maine,NG - Expenditures per Customer - Commercial Sector,12273.347305845591,$ per customer,18.0
2024,Maryland,NG - Expenditures per Customer - Commercial Sector,21683.113665640878,$ per customer,43.0
2024,Massachusetts,NG - Expenditures per Customer - Commercial Sector,27388.871795965733,$ per customer,49.0
2024,Michigan,NG - Expenditures per Customer - Commercial Sector,15115.154014864383,$ per customer,25.0
2024,Minnesota,NG - Expenditures per Customer - Commercial Sector,14259.877054573868,$ per customer,23.0
2024,Mississippi,NG - Expenditures per Customer - Commercial Sector,11021.457215036815,$ per customer,13.0
2024,Missouri,NG - Expenditures per Customer - Commercial Sector,17371.379231314757,$ per customer,33.0
2024,Montana,NG - Expenditures per Customer - Commercial Sector,6837.4141514594,$ per customer,2.0
2024,Nebraska,NG - Expenditures per Customer - Commercial Sector,9910.584678216192,$ per customer,9.0
2024,Nevada,NG - Expenditures per Customer - Commercial Sector,23567.46372997949,$ per customer,47.0
2024,New Hampshire,NG - Expenditures per Customer - Commercial Sector,12317.678887484197,$ per customer,19.0
2024,New Jersey,NG - Expenditures per Customer - Commercial Sector,18131.664048311162,$ per customer,36.0
2024,New Mexico,NG - Expenditures per Customer - Commercial Sector,9082.825774575398,$ per customer,6.0
2024,New York,NG - Expenditures per Customer - Commercial Sector,20082.300809495177,$ per customer,40.0
2024,North Carolina,NG - Expenditures per Customer - Commercial Sector,12933.136785735478,$ per customer,20.0
2024,North Dakota,NG - Expenditures per Customer - Commercial Sector,8923.064605127027,$ per customer,4.0
2024,Ohio,NG - Expenditures per Customer - Commercial Sector,23103.583344437044,$ per customer,46.0
2024,Oklahoma,NG - Expenditures per Customer - Commercial Sector,10221.910216587872,$ per customer,10.0
2024,Oregon,NG - Expenditures per Customer - Commercial Sector,13182.776271506678,$ per customer,22.0
2024,Pennsylvania,NG - Expenditures per Customer - Commercial Sector,17292.18837626345,$ per customer,32.0
2024,Rhode Island,NG - Expenditures per Customer - Commercial Sector,22370.268490420764,$ per customer,44.0
2024,South Carolina,NG - Expenditures per Customer - Commercial Sector,15338.870104138598,$ per customer,28.0
2024,South Dakota,NG - Expenditures per Customer - Commercial Sector,6751.460484338747,$ per customer,1.0
2024,Tennessee,NG - Expenditures per Customer - Commercial Sector,9496.85194038744,$ per customer,8.0
2024,Texas,NG - Expenditures per Customer - Commercial Sector,18810.36120856029,$ per customer,39.0
2024,Utah,NG - Expenditures per Customer - Commercial Sector,17748.89330024814,$ per customer,35.0
2024,Vermont,NG - Expenditures per Customer - Commercial Sector,18509.221656050955,$ per customer,38.0
2024,Virginia,NG - Expenditures per Customer - Commercial Sector,15373.030028538209,$ per customer,31.0
2024,Washington,NG - Expenditures per Customer - Commercial Sector,15295.341005834649,$ per customer,27.0
2024,West Virginia,NG - Expenditures per Customer - Commercial Sector,13105.916513286553,$ per customer,21.0
2024,Wisconsin,NG - Expenditures per Customer - Commercial Sector,10343.840082881305,$ per customer,11.0
2024,Wyoming,NG - Expenditures per Customer - Commercial Sector,11809.637374234855,$ per customer,16.0
2024,Alabama,NG - Expenditures per Customer - Industrial Sector,311517.3938523413,$ per customer,3.0
2024,Alaska,NG - Expenditures per Customer - Industrial Sector,113131248.71428572,$ per customer,50.0
2024,Arizona,NG - Expenditures per Customer - Industrial Sector,5258654.360515022,$ per customer,43.0
2024,Arkansas,NG - Expenditures per Customer - Industrial Sector,1659157.1068702291,$ per customer,34.0
2024,California,NG - Expenditures per Customer - Industrial Sector,333073.65132869023,$ per customer,5.0
2024,Colorado,NG - Expenditures per Customer - Industrial Sector,1272639.0258449304,$ per customer,28.0
2024,Connecticut,NG - Expenditures per Customer - Industrial Sector,541393.3540709813,$ per customer,8.0
2024,Delaware,NG - Expenditures per Customer - Industrial Sector,3546006.7258064514,$ per customer,40.0
2024,District of Columbia,NG - Expenditures per Customer - Industrial Sector,,$ per customer,
2024,Florida,NG - Expenditures per Customer - Industrial Sector,4915419.852564103,$ per customer,41.0
2024,Georgia,NG - Expenditures per Customer - Industrial Sector,614128.4622425629,$ per customer,11.0
2024,Hawaii,NG - Expenditures per Customer - Industrial Sector,23358057.2,$ per customer,49.0
2024,Idaho,NG - Expenditures per Customer - Industrial Sector,1497235.9572953738,$ per customer,32.0
2024,Illinois,NG - Expenditures per Customer - Industrial Sector,277830.4482919981,$ per customer,2.0
2024,Indiana,NG - Expenditures per Customer - Industrial Sector,746293.9639443961,$ per customer,16.0
2024,Iowa,NG - Expenditures per Customer - Industrial Sector,762975.1121239745,$ per customer,18.0
2024,Kansas,NG - Expenditures per Customer - Industrial Sector,269294.32034139405,$ per customer,1.0
2024,Kentucky,NG - Expenditures per Customer - Industrial Sector,699956.9254992319,$ per customer,13.0
2024,Louisiana,NG - Expenditures per Customer - Industrial Sector,1441385.5768566495,$ per customer,31.0
2024,Maine,NG - Expenditures per Customer - Industrial Sector,2477516.769230769,$ per customer,38.0
2024,Maryland,NG - Expenditures per Customer - Industrial Sector,1748791.6147186146,$ per customer,35.0
2024,Massachusetts,NG - Expenditures per Customer - Industrial Sector,455946.90610795456,$ per customer,7.0
2024,Michigan,NG - Expenditures per Customer - Industrial Sector,845078.8245692549,$ per customer,19.0
2024,Minnesota,NG - Expenditures per Customer - Industrial Sector,1253271.3873493976,$ per customer,27.0
2024,Mississippi,NG - Expenditures per Customer - Industrial Sector,977848.1762452107,$ per customer,23.0
2024,Missouri,NG - Expenditures per Customer - Industrial Sector,902733.9752808989,$ per customer,20.0
2024,Montana,NG - Expenditures per Customer - Industrial Sector,1041721.4848484849,$ per customer,24.0
2024,Nebraska,NG - Expenditures per Customer - Industrial Sector,1190917.5672823219,$ per customer,25.0
2024,Nevada,NG - Expenditures per Customer - Industrial Sector,5390694.322274881,$ per customer,44.0
2024,New Hampshire,NG - Expenditures per Customer - Industrial Sector,3354245.3114754097,$ per customer,39.0
2024,New Jersey,NG - Expenditures per Customer - Industrial Sector,732860.2275025278,$ per customer,15.0
2024,New Mexico,NG - Expenditures per Customer - Industrial Sector,904094.7991803279,$ per customer,21.0
2024,New York,NG - Expenditures per Customer - Industrial Sector,1583177.0381133873,$ per customer,33.0
2024,North Carolina,NG - Expenditures per Customer - Industrial Sector,933956.7402249598,$ per customer,22.0
2024,North Dakota,NG - Expenditures per Customer - Industrial Sector,1323097.8238636365,$ per customer,30.0
2024,Ohio,NG - Expenditures per Customer - Industrial Sector,564336.5109845402,$ per customer,9.0
2024,Oklahoma,NG - Expenditures per Customer - Industrial Sector,712256.4042553192,$ per customer,14.0
2024,Oregon,NG - Expenditures per Customer - Industrial Sector,1222734.986856517,$ per customer,26.0
2024,Pennsylvania,NG - Expenditures per Customer - Industrial Sector,2176544.8050615597,$ per customer,36.0
2024,Rhode Island,NG - Expenditures per Customer - Industrial Sector,7717393.09375,$ per customer,45.0
2024,South Carolina,NG - Expenditures per Customer - Industrial Sector,753084.806225681,$ per customer,17.0
2024,South Dakota,NG - Expenditures per Customer - Industrial Sector,452020.1116504854,$ per customer,6.0
2024,Tennessee,NG - Expenditures per Customer - Industrial Sector,615274.6764705882,$ per customer,12.0
2024,Texas,NG - Expenditures per Customer - Industrial Sector,1308230.6569373072,$ per customer,29.0
2024,Utah,NG - Expenditures per Customer - Industrial Sector,20357980.615384616,$ per customer,48.0
2024,Vermont,NG - Expenditures per Customer - Industrial Sector,8302708.0,$ per customer,46.0
2024,Virginia,NG - Expenditures per Customer - Industrial Sector,2187131.384962406,$ per customer,37.0
2024,Washington,NG - Expenditures per Customer - Industrial Sector,566707.4612508498,$ per customer,10.0
2024,West Virginia,NG - Expenditures per Customer - Industrial Sector,16878478.85185185,$ per customer,47.0
2024,Wisconsin,NG - Expenditures per Customer - Industrial Sector,327599.6985594878,$ per customer,4.0
2024,Wyoming,NG - Expenditures per Customer - Industrial Sector,4936775.764705882,$ per customer,42.0
2024,Alabama,NG - Expenditures per Customer - Residential Sector,1356.4599288491272,$ per customer,37.0
2024,Alaska,NG - Expenditures per Customer - Residential Sector,5514.2168660437,$ per customer,51.0
2024,Arizona,NG - Expenditures per Customer - Residential Sector,877.9609266958158,$ per customer,5.0
2024,Arkansas,NG - Expenditures per Customer - Residential Sector,1146.505692537896,$ per customer,21.0
2024,California,NG - Expenditures per Customer - Residential Sector,892.7859192036489,$ per customer,7.0
2024,Colorado,NG - Expenditures per Customer - Residential Sector,990.9350406092942,$ per customer,14.0
2024,Connecticut,NG - Expenditures per Customer - Residential Sector,2173.8840980382624,$ per customer,47.0
2024,Delaware,NG - Expenditures per Customer - Residential Sector,1080.6585480945523,$ per customer,17.0
2024,District of Columbia,NG - Expenditures per Customer - Residential Sector,1184.9250953292328,$ per customer,27.0
2024,Florida,NG - Expenditures per Customer - Residential Sector,829.6605827490695,$ per customer,2.0
2024,Georgia,NG - Expenditures per Customer - Residential Sector,1560.1152061945565,$ per customer,43.0
2024,Hawaii,NG - Expenditures per Customer - Residential Sector,4080.1525293460036,$ per customer,50.0
2024,Idaho,NG - Expenditures per Customer - Residential Sector,884.7684083462666,$ per customer,6.0
2024,Illinois,NG - Expenditures per Customer - Residential Sector,1091.9050225786416,$ per customer,18.0
2024,Indiana,NG - Expenditures per Customer - Residential Sector,948.0728633205008,$ per customer,11.0
2024,Iowa,NG - Expenditures per Customer - Residential Sector,863.0539692491078,$ per customer,3.0
2024,Kansas,NG - Expenditures per Customer - Residential Sector,1060.351627769426,$ per customer,15.0
2024,Kentucky,NG - Expenditures per Customer - Residential Sector,1160.7199568492297,$ per customer,23.0
2024,Louisiana,NG - Expenditures per Customer - Residential Sector,899.5677104610467,$ per customer,8.0
2024,Maine,NG - Expenditures per Customer - Residential Sector,3746.041778129289,$ per customer,49.0
2024,Maryland,NG - Expenditures per Customer - Residential Sector,1131.6376117362645,$ per customer,19.0
2024,Massachusetts,NG - Expenditures per Customer - Residential Sector,2018.7368086403021,$ per customer,46.0
2024,Michigan,NG - Expenditures per Customer - Residential Sector,1135.4508894721494,$ per customer,20.0
2024,Minnesota,NG - Expenditures per Customer - Residential Sector,1250.561586129333,$ per customer,33.0
2024,Mississippi,NG - Expenditures per Customer - Residential Sector,1200.8778858165922,$ per customer,30.0
2024,Missouri,NG - Expenditures per Customer - Residential Sector,1374.076014010412,$ per customer,38.0
2024,Montana,NG - Expenditures per Customer - Residential Sector,932.4452581720288,$ per customer,10.0
2024,Nebraska,NG - Expenditures per Customer - Residential Sector,917.8079499286264,$ per customer,9.0
2024,Nevada,NG - Expenditures per Customer - Residential Sector,1176.6057059511124,$ per customer,24.0
2024,New Hampshire,NG - Expenditures per Customer - Residential Sector,1753.41037946046,$ per customer,44.0
2024,New Jersey,NG - Expenditures per Customer - Residential Sector,1307.0142949522258,$ per customer,35.0
2024,New Mexico,NG - Expenditures per Customer - Residential Sector,712.4006348980804,$ per customer,1.0
2024,New York,NG - Expenditures per Customer - Residential Sector,1516.986833654024,$ per customer,42.0
2024,North Carolina,NG - Expenditures per Customer - Residential Sector,1207.2514364563233,$ per customer,31.0
2024,North Dakota,NG - Expenditures per Customer - Residential Sector,1468.15300956428,$ per customer,41.0
2024,Ohio,NG - Expenditures per Customer - Residential Sector,1178.5599594894722,$ per customer,26.0
2024,Oklahoma,NG - Expenditures per Customer - Residential Sector,981.0129184161198,$ per customer,13.0
2024,Oregon,NG - Expenditures per Customer - Residential Sector,1378.3581090925254,$ per customer,39.0
2024,Pennsylvania,NG - Expenditures per Customer - Residential Sector,1238.3614744171493,$ per customer,32.0
2024,Rhode Island,NG - Expenditures per Customer - Residential Sector,1949.051970703834,$ per customer,45.0
2024,South Carolina,NG - Expenditures per Customer - Residential Sector,1156.1337114976118,$ per customer,22.0
2024,South Dakota,NG - Expenditures per Customer - Residential Sector,876.3542360758183,$ per customer,4.0
2024,Tennessee,NG - Expenditures per Customer - Residential Sector,1069.161062806253,$ per customer,16.0
2024,Texas,NG - Expenditures per Customer - Residential Sector,1198.9549684199105,$ per customer,28.0
2024,Utah,NG - Expenditures per Customer - Residential Sector,1199.74862075062,$ per customer,29.0
2024,Vermont,NG - Expenditures per Customer - Residential Sector,2354.9963936950444,$ per customer,48.0
2024,Virginia,NG - Expenditures per Customer - Residential Sector,1178.1230375313273,$ per customer,25.0
2024,Washington,NG - Expenditures per Customer - Residential Sector,1295.0073680702972,$ per customer,34.0
2024,West Virginia,NG - Expenditures per Customer - Residential Sector,1354.2467527064493,$ per customer,36.0
2024,Wisconsin,NG - Expenditures per Customer - Residential Sector,975.8254923378792,$ per customer,12.0
2024,Wyoming,NG - Expenditures per Customer - Residential Sector,1446.786443249207,$ per customer,40.0
2024,Alabama,NG - Losses from Leaks,689804.0,Mcf,13.0
2024,Alaska,NG - Losses from Leaks,24291.0,Mcf,2.0
2024,Arizona,NG - Losses from Leaks,933064.0,Mcf,18.0
2024,Arkansas,NG - Losses from Leaks,2117918.0,Mcf,34.0
2024,California,NG - Losses from Leaks,9495629.0,Mcf,46.0
2024,Colorado,NG - Losses from Leaks,1081935.0,Mcf,20.0
2024,Connecticut,NG - Losses from Leaks,1466743.0,Mcf,25.0
2024,Delaware,NG - Losses from Leaks,618019.0,Mcf,12.0
2024,District of Columbia,NG - Losses from Leaks,1432393.0,Mcf,24.0
2024,Florida,NG - Losses from Leaks,2131279.0,Mcf,35.0
2024,Georgia,NG - Losses from Leaks,989008.0,Mcf,19.0
2024,Hawaii,NG - Losses from Leaks,,Mcf,
2024,Idaho,NG - Losses from Leaks,262064.0,Mcf,7.0
2024,Illinois,NG - Losses from Leaks,4933161.0,Mcf,42.0
2024,Indiana,NG - Losses from Leaks,2235114.0,Mcf,36.0
2024,Iowa,NG - Losses from Leaks,1680355.0,Mcf,30.0
2024,Kansas,NG - Losses from Leaks,876631.0,Mcf,16.0
2024,Kentucky,NG - Losses from Leaks,2112041.0,Mcf,33.0
2024,Louisiana,NG - Losses from Leaks,13163600.0,Mcf,48.0
2024,Maine,NG - Losses from Leaks,440205.0,Mcf,10.0
2024,Maryland,NG - Losses from Leaks,4254745.0,Mcf,41.0
2024,Massachusetts,NG - Losses from Leaks,5944535.0,Mcf,45.0
2024,Michigan,NG - Losses from Leaks,1548693.0,Mcf,27.0
2024,Minnesota,NG - Losses from Leaks,1834637.0,Mcf,31.0
2024,Mississippi,NG - Losses from Leaks,1303248.0,Mcf,22.0
2024,Missouri,NG - Losses from Leaks,858632.0,Mcf,15.0
2024,Montana,NG - Losses from Leaks,482603.0,Mcf,11.0
2024,Nebraska,NG - Losses from Leaks,1836202.0,Mcf,32.0
2024,Nevada,NG - Losses from Leaks,201795.0,Mcf,6.0
2024,New Hampshire,NG - Losses from Leaks,105388.0,Mcf,3.0
2024,New Jersey,NG - Losses from Leaks,3004507.0,Mcf,39.0
2024,New Mexico,NG - Losses from Leaks,288400.0,Mcf,8.0
2024,New York,NG - Losses from Leaks,26496818.0,Mcf,50.0
2024,North Carolina,NG - Losses from Leaks,1614584.0,Mcf,29.0
2024,North Dakota,NG - Losses from Leaks,348872.0,Mcf,9.0
2024,Ohio,NG - Losses from Leaks,11118097.0,Mcf,47.0
2024,Oklahoma,NG - Losses from Leaks,1256779.0,Mcf,21.0
2024,Oregon,NG - Losses from Leaks,877066.0,Mcf,17.0
2024,Pennsylvania,NG - Losses from Leaks,5285593.0,Mcf,44.0
2024,Rhode Island,NG - Losses from Leaks,1604844.0,Mcf,28.0
2024,South Carolina,NG - Losses from Leaks,200718.0,Mcf,5.0
2024,South Dakota,NG - Losses from Leaks,190742.0,Mcf,4.0
2024,Tennessee,NG - Losses from Leaks,1341056.0,Mcf,23.0
2024,Texas,NG - Losses from Leaks,16792750.0,Mcf,49.0
2024,Utah,NG - Losses from Leaks,3143784.0,Mcf,40.0
2024,Vermont,NG - Losses from Leaks,425.0,Mcf,1.0
2024,Virginia,NG - Losses from Leaks,5196317.0,Mcf,43.0
2024,Washington,NG - Losses from Leaks,2412294.0,Mcf,37.0
2024,West Virginia,NG - Losses from Leaks,2831891.0,Mcf,38.0
2024,Wisconsin,NG - Losses from Leaks,1530206.0,Mcf,26.0
2024,Wyoming,NG - Losses from Leaks,781496.0,Mcf,14.0
2024,Alabama,NG - Losses from Leaks as % of Sales,0.614553962874973,%,9.0
2024,Alaska,NG - Losses from Leaks as % of Sales,0.02558771260575591,%,2.0
2024,Arizona,NG - Losses from Leaks as % of Sales,1.2245783552759748,%,22.0
2024,Arkansas,NG - Losses from Leaks as % of Sales,4.384407796350242,%,40.0
2024,California,NG - Losses from Leaks as % of Sales,1.6928873204173454,%,28.0
2024,Colorado,NG - Losses from Leaks as % of Sales,0.5562330175828982,%,8.0
2024,Connecticut,NG - Losses from Leaks as % of Sales,1.460311685116927,%,25.0
2024,Delaware,NG - Losses from Leaks as % of Sales,3.8310411538493248,%,38.0
2024,District of Columbia,NG - Losses from Leaks as % of Sales,13.926012302278387,%,48.0
2024,Florida,NG - Losses from Leaks as % of Sales,4.681031958850967,%,42.0
2024,Georgia,NG - Losses from Leaks as % of Sales,1.6194909016787353,%,27.0
2024,Hawaii,NG - Losses from Leaks as % of Sales,,%,
2024,Idaho,NG - Losses from Leaks as % of Sales,0.5044795506408233,%,6.0
2024,Illinois,NG - Losses from Leaks as % of Sales,1.2630461877843926,%,23.0
2024,Indiana,NG - Losses from Leaks as % of Sales,1.1491361638546134,%,21.0
2024,Iowa,NG - Losses from Leaks as % of Sales,1.8427864739228257,%,31.0
2024,Kansas,NG - Losses from Leaks as % of Sales,1.0632667946245091,%,19.0
2024,Kentucky,NG - Losses from Leaks as % of Sales,2.3893004136362106,%,33.0
2024,Louisiana,NG - Losses from Leaks as % of Sales,17.30418865714351,%,49.0
2024,Maine,NG - Losses from Leaks as % of Sales,3.96636002660909,%,39.0
2024,Maryland,NG - Losses from Leaks as % of Sales,5.417274501983535,%,44.0
2024,Massachusetts,NG - Losses from Leaks as % of Sales,3.644322697311371,%,36.0
2024,Michigan,NG - Losses from Leaks as % of Sales,0.42259234108701604,%,5.0
2024,Minnesota,NG - Losses from Leaks as % of Sales,0.8193321510286394,%,12.0
2024,Mississippi,NG - Losses from Leaks as % of Sales,2.9490146101185126,%,34.0
2024,Missouri,NG - Losses from Leaks as % of Sales,0.6392849519576204,%,10.0
2024,Montana,NG - Losses from Leaks as % of Sales,1.4198861020699933,%,24.0
2024,Nebraska,NG - Losses from Leaks as % of Sales,3.664063419157703,%,37.0
2024,Nevada,NG - Losses from Leaks as % of Sales,0.2972991982181171,%,4.0
2024,New Hampshire,NG - Losses from Leaks as % of Sales,0.827988311622092,%,15.0
2024,New Jersey,NG - Losses from Leaks as % of Sales,1.0599883980491756,%,18.0
2024,New Mexico,NG - Losses from Leaks as % of Sales,0.5182227253351095,%,7.0
2024,New York,NG - Losses from Leaks as % of Sales,6.307738119273293,%,45.0
2024,North Carolina,NG - Losses from Leaks as % of Sales,1.0765623369008734,%,20.0
2024,North Dakota,NG - Losses from Leaks as % of Sales,0.8264118842876496,%,14.0
2024,Ohio,NG - Losses from Leaks as % of Sales,19.62469051181675,%,50.0
2024,Oklahoma,NG - Losses from Leaks as % of Sales,1.480892974059961,%,26.0
2024,Oregon,NG - Losses from Leaks as % of Sales,1.039677225969619,%,17.0
2024,Pennsylvania,NG - Losses from Leaks as % of Sales,2.1429905007409067,%,32.0
2024,Rhode Island,NG - Losses from Leaks as % of Sales,6.669085501374276,%,46.0
2024,South Carolina,NG - Losses from Leaks as % of Sales,0.2265393210752504,%,3.0
2024,South Dakota,NG - Losses from Leaks as % of Sales,0.8254630479330036,%,13.0
2024,Tennessee,NG - Losses from Leaks as % of Sales,0.8459109925466621,%,16.0
2024,Texas,NG - Losses from Leaks as % of Sales,1.7940835615026252,%,30.0
2024,Utah,NG - Losses from Leaks as % of Sales,2.9946626187426255,%,35.0
2024,Vermont,NG - Losses from Leaks as % of Sales,0.003415410605886609,%,1.0
2024,Virginia,NG - Losses from Leaks as % of Sales,4.426173782940988,%,41.0
2024,Washington,NG - Losses from Leaks as % of Sales,1.712915013683827,%,29.0
2024,West Virginia,NG - Losses from Leaks as % of Sales,8.473659027003976,%,47.0
2024,Wisconsin,NG - Losses from Leaks as % of Sales,0.7363579103876725,%,11.0
2024,Wyoming,NG - Losses from Leaks as % of Sales,4.892350521962947,%,43.0
2024,Alabama,NG - Number of Customers - All Sectors,873564.0,customers,29.0
2024,Alaska,NG - Number of Customers - All Sectors,158367.0,customers,45.0
2024,Arizona,NG - Number of Customers - All Sectors,1455505.0,customers,15.0
2024,Arkansas,NG - Number of Customers - All Sectors,638309.0,customers,33.0
2024,California,NG - Number of Customers - All Sectors,11469088.0,customers,1.0
2024,Colorado,NG - Number of Customers - All Sectors,2097126.0,customers,8.0
2024,Connecticut,NG - Number of Customers - All Sectors,659734.0,customers,32.0
2024,Delaware,NG - Number of Customers - All Sectors,217837.0,customers,43.0
2024,District of Columbia,NG - Number of Customers - All Sectors,144009.0,customers,46.0
2024,Florida,NG - Number of Customers - All Sectors,966419.0,customers,26.0
2024,Georgia,NG - Number of Customers - All Sectors,380286.0,customers,38.0
2024,Hawaii,NG - Number of Customers - All Sectors,31591.0,customers,51.0
2024,Idaho,NG - Number of Customers - All Sectors,522417.0,customers,36.0
2024,Illinois,NG - Number of Customers - All Sectors,4058007.0,customers,4.0
2024,Indiana,NG - Number of Customers - All Sectors,1965327.0,customers,10.0
2024,Iowa,NG - Number of Customers - All Sectors,1071839.0,customers,22.0
2024,Kansas,NG - Number of Customers - All Sectors,976763.0,customers,25.0
2024,Kentucky,NG - Number of Customers - All Sectors,873443.0,customers,30.0
2024,Louisiana,NG - Number of Customers - All Sectors,986696.0,customers,24.0
2024,Maine,NG - Number of Customers - All Sectors,56175.0,customers,49.0
2024,Maryland,NG - Number of Customers - All Sectors,1127522.0,customers,20.0
2024,Massachusetts,NG - Number of Customers - All Sectors,1714273.0,customers,12.0
2024,Michigan,NG - Number of Customers - All Sectors,3580458.0,customers,5.0
2024,Minnesota,NG - Number of Customers - All Sectors,1811151.0,customers,11.0
2024,Mississippi,NG - Number of Customers - All Sectors,471888.0,customers,37.0
2024,Missouri,NG - Number of Customers - All Sectors,1579621.0,customers,14.0
2024,Montana,NG - Number of Customers - All Sectors,335425.0,customers,40.0
2024,Nebraska,NG - Number of Customers - All Sectors,537700.0,customers,35.0
2024,Nevada,NG - Number of Customers - All Sectors,1015184.0,customers,23.0
2024,New Hampshire,NG - Number of Customers - All Sectors,133364.0,customers,47.0
2024,New Jersey,NG - Number of Customers - All Sectors,2977543.0,customers,6.0
2024,New Mexico,NG - Number of Customers - All Sectors,668375.0,customers,31.0
2024,New York,NG - Number of Customers - All Sectors,4716315.0,customers,3.0
2024,North Carolina,NG - Number of Customers - All Sectors,1581044.0,customers,13.0
2024,North Dakota,NG - Number of Customers - All Sectors,184884.0,customers,44.0
2024,Ohio,NG - Number of Customers - All Sectors,619738.0,customers,34.0
2024,Oklahoma,NG - Number of Customers - All Sectors,1085931.0,customers,21.0
2024,Oregon,NG - Number of Customers - All Sectors,895514.0,customers,28.0
2024,Pennsylvania,NG - Number of Customers - All Sectors,2755094.0,customers,7.0
2024,Rhode Island,NG - Number of Customers - All Sectors,275555.0,customers,41.0
2024,South Carolina,NG - Number of Customers - All Sectors,901400.0,customers,27.0
2024,South Dakota,NG - Number of Customers - All Sectors,240504.0,customers,42.0
2024,Tennessee,NG - Number of Customers - All Sectors,1395385.0,customers,17.0
2024,Texas,NG - Number of Customers - All Sectors,5651626.0,customers,2.0
2024,Utah,NG - Number of Customers - All Sectors,1177575.0,customers,19.0
2024,Vermont,NG - Number of Customers - All Sectors,55652.0,customers,50.0
2024,Virginia,NG - Number of Customers - All Sectors,1329817.0,customers,18.0
2024,Washington,NG - Number of Customers - All Sectors,1399393.0,customers,16.0
2024,West Virginia,NG - Number of Customers - All Sectors,371310.0,customers,39.0
2024,Wisconsin,NG - Number of Customers - All Sectors,2071437.0,customers,9.0
2024,Wyoming,NG - Number of Customers - All Sectors,130263.0,customers,48.0
2024,Alabama,NG - Number of Customers - Commercial Sector,70655.0,customers,24.0
2024,Alaska,NG - Number of Customers - Commercial Sector,14746.0,customers,45.0
2024,Arizona,NG - Number of Customers - Commercial Sector,59690.0,customers,28.0
2024,Arkansas,NG - Number of Customers - Commercial Sector,69189.0,customers,25.0
2024,California,NG - Number of Customers - Commercial Sector,404779.0,customers,1.0
2024,Colorado,NG - Number of Customers - Commercial Sector,157637.0,customers,9.0
2024,Connecticut,NG - Number of Customers - Commercial Sector,60878.0,customers,27.0
2024,Delaware,NG - Number of Customers - Commercial Sector,14332.0,customers,46.0
2024,District of Columbia,NG - Number of Customers - Commercial Sector,7115.0,customers,49.0
2024,Florida,NG - Number of Customers - Commercial Sector,42023.0,customers,36.0
2024,Georgia,NG - Number of Customers - Commercial Sector,35368.0,customers,38.0
2024,Hawaii,NG - Number of Customers - Commercial Sector,2962.0,customers,51.0
2024,Idaho,NG - Number of Customers - Commercial Sector,46618.0,customers,33.0
2024,Illinois,NG - Number of Customers - Commercial Sector,236796.0,customers,5.0
2024,Indiana,NG - Number of Customers - Commercial Sector,150961.0,customers,10.0
2024,Iowa,NG - Number of Customers - Commercial Sector,100949.0,customers,17.0
2024,Kansas,NG - Number of Customers - Commercial Sector,80554.0,customers,22.0
2024,Kentucky,NG - Number of Customers - Commercial Sector,86987.0,customers,20.0
2024,Louisiana,NG - Number of Customers - Commercial Sector,58380.0,customers,29.0
2024,Maine,NG - Number of Customers - Commercial Sector,13121.0,customers,48.0
2024,Maryland,NG - Number of Customers - Commercial Sector,55892.0,customers,30.0
2024,Massachusetts,NG - Number of Customers - Commercial Sector,117196.0,customers,14.0
2024,Michigan,NG - Number of Customers - Commercial Sector,249859.0,customers,4.0
2024,Minnesota,NG - Number of Customers - Commercial Sector,145894.0,customers,11.0
2024,Mississippi,NG - Number of Customers - Commercial Sector,46313.0,customers,34.0
2024,Missouri,NG - Number of Customers - Commercial Sector,115626.0,customers,15.0
2024,Montana,NG - Number of Customers - Commercial Sector,40222.0,customers,37.0
2024,Nebraska,NG - Number of Customers - Commercial Sector,45543.0,customers,35.0
2024,Nevada,NG - Number of Customers - Commercial Sector,48263.0,customers,32.0
2024,New Hampshire,NG - Number of Customers - Commercial Sector,16611.0,customers,44.0
2024,New Jersey,NG - Number of Customers - Commercial Sector,199871.0,customers,6.0
2024,New Mexico,NG - Number of Customers - Commercial Sector,48575.0,customers,31.0
2024,New York,NG - Number of Customers - Commercial Sector,330947.0,customers,3.0
2024,North Carolina,NG - Number of Customers - Commercial Sector,134824.0,customers,13.0
2024,North Dakota,NG - Number of Customers - Commercial Sector,26097.0,customers,42.0
2024,Ohio,NG - Number of Customers - Commercial Sector,30020.0,customers,40.0
2024,Oklahoma,NG - Number of Customers - Commercial Sector,94973.0,customers,18.0
2024,Oregon,NG - Number of Customers - Commercial Sector,84683.0,customers,21.0
2024,Pennsylvania,NG - Number of Customers - Commercial Sector,184020.0,customers,7.0
2024,Rhode Island,NG - Number of Customers - Commercial Sector,22079.0,customers,43.0
2024,South Carolina,NG - Number of Customers - Commercial Sector,63089.0,customers,26.0
2024,South Dakota,NG - Number of Customers - Commercial Sector,27584.0,customers,41.0
2024,Tennessee,NG - Number of Customers - Commercial Sector,140977.0,customers,12.0
2024,Texas,NG - Number of Customers - Commercial Sector,338353.0,customers,2.0
2024,Utah,NG - Number of Customers - Commercial Sector,74555.0,customers,23.0
2024,Vermont,NG - Number of Customers - Commercial Sector,6280.0,customers,50.0
2024,Virginia,NG - Number of Customers - Commercial Sector,94610.0,customers,19.0
2024,Washington,NG - Number of Customers - Commercial Sector,109004.0,customers,16.0
2024,West Virginia,NG - Number of Customers - Commercial Sector,34772.0,customers,39.0
2024,Wisconsin,NG - Number of Customers - Commercial Sector,178086.0,customers,8.0
2024,Wyoming,NG - Number of Customers - Commercial Sector,14213.0,customers,47.0
2024,Alabama,NG - Number of Customers - Industrial Sector,3481.0,customers,10.0
2024,Alaska,NG - Number of Customers - Industrial Sector,7.0,customers,49.0
2024,Arizona,NG - Number of Customers - Industrial Sector,233.0,customers,37.0
2024,Arkansas,NG - Number of Customers - Industrial Sector,393.0,customers,33.0
2024,California,NG - Number of Customers - Industrial Sector,29578.0,customers,1.0
2024,Colorado,NG - Number of Customers - Industrial Sector,1509.0,customers,18.0
2024,Connecticut,NG - Number of Customers - Industrial Sector,2395.0,customers,12.0
2024,Delaware,NG - Number of Customers - Industrial Sector,62.0,customers,44.0
2024,District of Columbia,NG - Number of Customers - Industrial Sector,,customers,
2024,Florida,NG - Number of Customers - Industrial Sector,156.0,customers,40.0
2024,Georgia,NG - Number of Customers - Industrial Sector,874.0,customers,26.0
2024,Hawaii,NG - Number of Customers - Industrial Sector,5.0,customers,50.0
2024,Idaho,NG - Number of Customers - Industrial Sector,281.0,customers,35.0
2024,Illinois,NG - Number of Customers - Industrial Sector,14959.0,customers,2.0
2024,Indiana,NG - Number of Customers - Industrial Sector,2302.0,customers,13.0
2024,Iowa,NG - Number of Customers - Industrial Sector,1097.0,customers,24.0
2024,Kansas,NG - Number of Customers - Industrial Sector,3515.0,customers,9.0
2024,Kentucky,NG - Number of Customers - Industrial Sector,1302.0,customers,21.0
2024,Louisiana,NG - Number of Customers - Industrial Sector,579.0,customers,29.0
2024,Maine,NG - Number of Customers - Industrial Sector,65.0,customers,42.0
2024,Maryland,NG - Number of Customers - Industrial Sector,693.0,customers,27.0
2024,Massachusetts,NG - Number of Customers - Industrial Sector,7040.0,customers,3.0
2024,Michigan,NG - Number of Customers - Industrial Sector,4469.0,customers,7.0
2024,Minnesota,NG - Number of Customers - Industrial Sector,1660.0,customers,17.0
2024,Mississippi,NG - Number of Customers - Industrial Sector,522.0,customers,30.0
2024,Missouri,NG - Number of Customers - Industrial Sector,2225.0,customers,14.0
2024,Montana,NG - Number of Customers - Industrial Sector,264.0,customers,36.0
2024,Nebraska,NG - Number of Customers - Industrial Sector,379.0,customers,34.0
2024,Nevada,NG - Number of Customers - Industrial Sector,211.0,customers,38.0
2024,New Hampshire,NG - Number of Customers - Industrial Sector,61.0,customers,45.0
2024,New Jersey,NG - Number of Customers - Industrial Sector,4945.0,customers,5.0
2024,New Mexico,NG - Number of Customers - Industrial Sector,488.0,customers,31.0
2024,New York,NG - Number of Customers - Industrial Sector,4198.0,customers,8.0
2024,North Carolina,NG - Number of Customers - Industrial Sector,1867.0,customers,16.0
2024,North Dakota,NG - Number of Customers - Industrial Sector,176.0,customers,39.0
2024,Ohio,NG - Number of Customers - Industrial Sector,1229.0,customers,23.0
2024,Oklahoma,NG - Number of Customers - Industrial Sector,1363.0,customers,20.0
2024,Oregon,NG - Number of Customers - Industrial Sector,913.0,customers,25.0
2024,Pennsylvania,NG - Number of Customers - Industrial Sector,1462.0,customers,19.0
2024,Rhode Island,NG - Number of Customers - Industrial Sector,64.0,customers,43.0
2024,South Carolina,NG - Number of Customers - Industrial Sector,1285.0,customers,22.0
2024,South Dakota,NG - Number of Customers - Industrial Sector,412.0,customers,32.0
2024,Tennessee,NG - Number of Customers - Industrial Sector,2176.0,customers,15.0
2024,Texas,NG - Number of Customers - Industrial Sector,4865.0,customers,6.0
2024,Utah,NG - Number of Customers - Industrial Sector,65.0,customers,42.0
2024,Vermont,NG - Number of Customers - Industrial Sector,14.0,customers,48.0
2024,Virginia,NG - Number of Customers - Industrial Sector,665.0,customers,28.0
2024,Washington,NG - Number of Customers - Industrial Sector,2942.0,customers,11.0
2024,West Virginia,NG - Number of Customers - Industrial Sector,27.0,customers,47.0
2024,Wisconsin,NG - Number of Customers - Industrial Sector,5623.0,customers,4.0
2024,Wyoming,NG - Number of Customers - Industrial Sector,34.0,customers,46.0
2024,Alabama,NG - Number of Customers - Residential Sector,799428.0,customers,29.0
2024,Alaska,NG - Number of Customers - Residential Sector,143614.0,customers,45.0
2024,Arizona,NG - Number of Customers - Residential Sector,1395582.0,customers,15.0
2024,Arkansas,NG - Number of Customers - Residential Sector,568727.0,customers,34.0
2024,California,NG - Number of Customers - Residential Sector,11034731.0,customers,1.0
2024,Colorado,NG - Number of Customers - Residential Sector,1937980.0,customers,8.0
2024,Connecticut,NG - Number of Customers - Residential Sector,596461.0,customers,32.0
2024,Delaware,NG - Number of Customers - Residential Sector,203443.0,customers,43.0
2024,District of Columbia,NG - Number of Customers - Residential Sector,136894.0,customers,46.0
2024,Florida,NG - Number of Customers - Residential Sector,924240.0,customers,25.0
2024,Georgia,NG - Number of Customers - Residential Sector,344044.0,customers,38.0
2024,Hawaii,NG - Number of Customers - Residential Sector,28624.0,customers,51.0
2024,Idaho,NG - Number of Customers - Residential Sector,475518.0,customers,36.0
2024,Illinois,NG - Number of Customers - Residential Sector,3806252.0,customers,4.0
2024,Indiana,NG - Number of Customers - Residential Sector,1812064.0,customers,10.0
2024,Iowa,NG - Number of Customers - Residential Sector,969793.0,customers,22.0
2024,Kansas,NG - Number of Customers - Residential Sector,892694.0,customers,26.0
2024,Kentucky,NG - Number of Customers - Residential Sector,785154.0,customers,30.0
2024,Louisiana,NG - Number of Customers - Residential Sector,927737.0,customers,24.0
2024,Maine,NG - Number of Customers - Residential Sector,42989.0,customers,50.0
2024,Maryland,NG - Number of Customers - Residential Sector,1070937.0,customers,20.0
2024,Massachusetts,NG - Number of Customers - Residential Sector,1590037.0,customers,12.0
2024,Michigan,NG - Number of Customers - Residential Sector,3326130.0,customers,5.0
2024,Minnesota,NG - Number of Customers - Residential Sector,1663597.0,customers,11.0
2024,Mississippi,NG - Number of Customers - Residential Sector,425053.0,customers,37.0
2024,Missouri,NG - Number of Customers - Residential Sector,1461770.0,customers,13.0
2024,Montana,NG - Number of Customers - Residential Sector,294939.0,customers,40.0
2024,Nebraska,NG - Number of Customers - Residential Sector,491778.0,customers,35.0
2024,Nevada,NG - Number of Customers - Residential Sector,966710.0,customers,23.0
2024,New Hampshire,NG - Number of Customers - Residential Sector,116692.0,customers,47.0
2024,New Jersey,NG - Number of Customers - Residential Sector,2772727.0,customers,6.0
2024,New Mexico,NG - Number of Customers - Residential Sector,619312.0,customers,31.0
2024,New York,NG - Number of Customers - Residential Sector,4381170.0,customers,3.0
2024,North Carolina,NG - Number of Customers - Residential Sector,1444353.0,customers,14.0
2024,North Dakota,NG - Number of Customers - Residential Sector,158611.0,customers,44.0
2024,Ohio,NG - Number of Customers - Residential Sector,588489.0,customers,33.0
2024,Oklahoma,NG - Number of Customers - Residential Sector,989595.0,customers,21.0
2024,Oregon,NG - Number of Customers - Residential Sector,809918.0,customers,28.0
2024,Pennsylvania,NG - Number of Customers - Residential Sector,2569612.0,customers,7.0
2024,Rhode Island,NG - Number of Customers - Residential Sector,253412.0,customers,41.0
2024,South Carolina,NG - Number of Customers - Residential Sector,837026.0,customers,27.0
2024,South Dakota,NG - Number of Customers - Residential Sector,212508.0,customers,42.0
2024,Tennessee,NG - Number of Customers - Residential Sector,1252232.0,customers,17.0
2024,Texas,NG - Number of Customers - Residential Sector,5308408.0,customers,2.0
2024,Utah,NG - Number of Customers - Residential Sector,1102955.0,customers,19.0
2024,Vermont,NG - Number of Customers - Residential Sector,49358.0,customers,49.0
2024,Virginia,NG - Number of Customers - Residential Sector,1234542.0,customers,18.0
2024,Washington,NG - Number of Customers - Residential Sector,1287447.0,customers,16.0
2024,West Virginia,NG - Number of Customers - Residential Sector,336511.0,customers,39.0
2024,Wisconsin,NG - Number of Customers - Residential Sector,1887728.0,customers,9.0
2024,Wyoming,NG - Number of Customers - Residential Sector,116016.0,customers,48.0
2024,Alabama,NG - Price - All Sectors,9.66096790404967,$/Mcf,16.0
2024,Alaska,NG - Price - All Sectors,8.341932877123234,$/Mcf,7.0
2024,Arizona,NG - Price - All Sectors,16.080727513965666,$/Mcf,45.0
2024,Arkansas,NG - Price - All Sectors,13.498386587250195,$/Mcf,36.0
2024,California,NG - Price - All Sectors,17.56359429480602,$/Mcf,48.0
2024,Colorado,NG - Price - All Sectors,9.873021235748764,$/Mcf,17.0
2024,Connecticut,NG - Price - All Sectors,12.90951641603762,$/Mcf,34.0
2024,Delaware,NG - Price - All Sectors,13.628442771180868,$/Mcf,37.0
2024,District of Columbia,NG - Price - All Sectors,15.770297840592269,$/Mcf,42.0
2024,Florida,NG - Price - All Sectors,16.841722916988342,$/Mcf,47.0
2024,Georgia,NG - Price - All Sectors,8.789200385373492,$/Mcf,9.0
2024,Hawaii,NG - Price - All Sectors,39.010548087004764,$/Mcf,51.0
2024,Idaho,NG - Price - All Sectors,8.09902555658322,$/Mcf,6.0
2024,Illinois,NG - Price - All Sectors,10.640850578875014,$/Mcf,21.0
2024,Indiana,NG - Price - All Sectors,8.83256946753489,$/Mcf,10.0
2024,Iowa,NG - Price - All Sectors,9.178907061712003,$/Mcf,13.0
2024,Kansas,NG - Price - All Sectors,11.480953290859311,$/Mcf,25.0
2024,Kentucky,NG - Price - All Sectors,10.309811210355027,$/Mcf,19.0
2024,Louisiana,NG - Price - All Sectors,10.970724272103357,$/Mcf,23.0
2024,Maine,NG - Price - All Sectors,14.50999025720949,$/Mcf,39.0
2024,Maryland,NG - Price - All Sectors,15.43045039602268,$/Mcf,41.0
2024,Massachusetts,NG - Price - All Sectors,19.678222631769735,$/Mcf,49.0
2024,Michigan,NG - Price - All Sectors,10.30537644287681,$/Mcf,18.0
2024,Minnesota,NG - Price - All Sectors,9.291012876599481,$/Mcf,14.0
2024,Mississippi,NG - Price - All Sectors,11.550260789913981,$/Mcf,26.0
2024,Missouri,NG - Price - All Sectors,14.954683116748075,$/Mcf,40.0
2024,Montana,NG - Price - All Sectors,8.091313702171709,$/Mcf,5.0
2024,Nebraska,NG - Price - All Sectors,9.006653135334973,$/Mcf,12.0
2024,Nevada,NG - Price - All Sectors,16.757549001145705,$/Mcf,46.0
2024,New Hampshire,NG - Price - All Sectors,16.075248666366704,$/Mcf,44.0
2024,New Jersey,NG - Price - All Sectors,12.785430052590508,$/Mcf,32.0
2024,New Mexico,NG - Price - All Sectors,7.927842085532373,$/Mcf,3.0
2024,New York,NG - Price - All Sectors,15.821652739484218,$/Mcf,43.0
2024,North Carolina,NG - Price - All Sectors,11.626516607885554,$/Mcf,27.0
2024,North Dakota,NG - Price - All Sectors,5.516137229872917,$/Mcf,1.0
2024,Ohio,NG - Price - All Sectors,12.242282288878396,$/Mcf,29.0
2024,Oklahoma,NG - Price - All Sectors,11.439234845824247,$/Mcf,24.0
2024,Oregon,NG - Price - All Sectors,13.233336985561937,$/Mcf,35.0
2024,Pennsylvania,NG - Price - All Sectors,12.901538764982186,$/Mcf,33.0
2024,Rhode Island,NG - Price - All Sectors,20.52504219074117,$/Mcf,50.0
2024,South Carolina,NG - Price - All Sectors,10.922053184969517,$/Mcf,22.0
2024,South Dakota,NG - Price - All Sectors,8.059466212218119,$/Mcf,4.0
2024,Tennessee,NG - Price - All Sectors,8.445117312642024,$/Mcf,8.0
2024,Texas,NG - Price - All Sectors,6.799672740098698,$/Mcf,2.0
2024,Utah,NG - Price - All Sectors,12.605011763621974,$/Mcf,31.0
2024,Vermont,NG - Price - All Sectors,9.341181116492102,$/Mcf,15.0
2024,Virginia,NG - Price - All Sectors,12.388802860408111,$/Mcf,30.0
2024,Washington,NG - Price - All Sectors,11.838786219849535,$/Mcf,28.0
2024,West Virginia,NG - Price - All Sectors,13.636142127283266,$/Mcf,38.0
2024,Wisconsin,NG - Price - All Sectors,8.864426289906977,$/Mcf,11.0
2024,Wyoming,NG - Price - All Sectors,10.50783208916331,$/Mcf,20.0
2024,Alabama,NG - Price - Commercial Sector,13.983354690835087,$/Mcf,45.0
2024,Alaska,NG - Price - Commercial Sector,10.790149760750783,$/Mcf,28.0
2024,Arizona,NG - Price - Commercial Sector,11.892445670430652,$/Mcf,38.0
2024,Arkansas,NG - Price - Commercial Sector,10.236402394537286,$/Mcf,22.0
2024,California,NG - Price - Commercial Sector,14.01455855360954,$/Mcf,46.0
2024,Colorado,NG - Price - Commercial Sector,8.655681620124012,$/Mcf,13.0
2024,Connecticut,NG - Price - Commercial Sector,10.393419627994973,$/Mcf,25.0
2024,Delaware,NG - Price - Commercial Sector,11.128987096735528,$/Mcf,31.0
2024,District of Columbia,NG - Price - Commercial Sector,13.89258601854507,$/Mcf,44.0
2024,Florida,NG - Price - Commercial Sector,12.050162975713908,$/Mcf,39.0
2024,Georgia,NG - Price - Commercial Sector,10.944509223829042,$/Mcf,29.0
2024,Hawaii,NG - Price - Commercial Sector,36.73466505386637,$/Mcf,51.0
2024,Idaho,NG - Price - Commercial Sector,7.5850318894863005,$/Mcf,7.0
2024,Illinois,NG - Price - Commercial Sector,9.298996894193134,$/Mcf,16.0
2024,Indiana,NG - Price - Commercial Sector,7.7506413707738515,$/Mcf,9.0
2024,Iowa,NG - Price - Commercial Sector,7.690171073752227,$/Mcf,8.0
2024,Kansas,NG - Price - Commercial Sector,10.307205276117223,$/Mcf,23.0
2024,Kentucky,NG - Price - Commercial Sector,10.123853977811638,$/Mcf,21.0
2024,Louisiana,NG - Price - Commercial Sector,10.961661401500718,$/Mcf,30.0
2024,Maine,NG - Price - Commercial Sector,14.547512136828228,$/Mcf,47.0
2024,Maryland,NG - Price - Commercial Sector,13.122186574161786,$/Mcf,41.0
2024,Massachusetts,NG - Price - Commercial Sector,15.473079153677562,$/Mcf,49.0
2024,Michigan,NG - Price - Commercial Sector,9.300142319788065,$/Mcf,17.0
2024,Minnesota,NG - Price - Commercial Sector,8.457625979879406,$/Mcf,12.0
2024,Mississippi,NG - Price - Commercial Sector,11.29017978937397,$/Mcf,32.0
2024,Missouri,NG - Price - Commercial Sector,12.137891668021176,$/Mcf,40.0
2024,Montana,NG - Price - Commercial Sector,7.938568452562049,$/Mcf,10.0
2024,Nebraska,NG - Price - Commercial Sector,7.302799365794017,$/Mcf,5.0
2024,Nevada,NG - Price - Commercial Sector,13.67028809664189,$/Mcf,43.0
2024,New Hampshire,NG - Price - Commercial Sector,13.425027562854792,$/Mcf,42.0
2024,New Jersey,NG - Price - Commercial Sector,11.583382249897765,$/Mcf,35.0
2024,New Mexico,NG - Price - Commercial Sector,5.9401145840919805,$/Mcf,1.0
2024,New York,NG - Price - Commercial Sector,14.554734592785028,$/Mcf,48.0
2024,North Carolina,NG - Price - Commercial Sector,8.234339235807981,$/Mcf,11.0
2024,North Dakota,NG - Price - Commercial Sector,6.414368613672394,$/Mcf,2.0
2024,Ohio,NG - Price - Commercial Sector,11.335131059687772,$/Mcf,33.0
2024,Oklahoma,NG - Price - Commercial Sector,9.834460855690624,$/Mcf,20.0
2024,Oregon,NG - Price - Commercial Sector,11.667524363678568,$/Mcf,37.0
2024,Pennsylvania,NG - Price - Commercial Sector,10.646894283029612,$/Mcf,27.0
2024,Rhode Island,NG - Price - Commercial Sector,17.69118516824778,$/Mcf,50.0
2024,South Carolina,NG - Price - Commercial Sector,10.629851779493377,$/Mcf,26.0
2024,South Dakota,NG - Price - Commercial Sector,6.896314615907065,$/Mcf,4.0
2024,Tennessee,NG - Price - Commercial Sector,9.12002882176463,$/Mcf,15.0
2024,Texas,NG - Price - Commercial Sector,9.63578078144876,$/Mcf,19.0
2024,Utah,NG - Price - Commercial Sector,11.42100715515511,$/Mcf,34.0
2024,Vermont,NG - Price - Commercial Sector,6.655528870002979,$/Mcf,3.0
2024,Virginia,NG - Price - Commercial Sector,9.605979933744843,$/Mcf,18.0
2024,Washington,NG - Price - Commercial Sector,10.377479838587192,$/Mcf,24.0
2024,West Virginia,NG - Price - Commercial Sector,11.659590766256086,$/Mcf,36.0
2024,Wisconsin,NG - Price - Commercial Sector,7.4198996019235635,$/Mcf,6.0
2024,Wyoming,NG - Price - Commercial Sector,8.905561990029607,$/Mcf,14.0
2024,Alabama,NG - Price - Industrial Sector,4.137718581220285,$/Mcf,8.0
2024,Alaska,NG - Price - Industrial Sector,6.352507870425586,$/Mcf,28.0
2024,Arizona,NG - Price - Industrial Sector,5.331198659653113,$/Mcf,20.0
2024,Arkansas,NG - Price - Industrial Sector,7.844382221449162,$/Mcf,36.0
2024,California,NG - Price - Industrial Sector,11.47862576055421,$/Mcf,44.0
2024,Colorado,NG - Price - Industrial Sector,7.606942737930054,$/Mcf,33.0
2024,Connecticut,NG - Price - Industrial Sector,6.795464497062158,$/Mcf,30.0
2024,Delaware,NG - Price - Industrial Sector,10.833362886780742,$/Mcf,43.0
2024,District of Columbia,NG - Price - Industrial Sector,,$/Mcf,
2024,Florida,NG - Price - Industrial Sector,6.001861351875826,$/Mcf,26.0
2024,Georgia,NG - Price - Industrial Sector,4.84457570393103,$/Mcf,15.0
2024,Hawaii,NG - Price - Industrial Sector,28.34964638965092,$/Mcf,50.0
2024,Idaho,NG - Price - Industrial Sector,5.082837639213597,$/Mcf,17.0
2024,Illinois,NG - Price - Industrial Sector,6.620460640740674,$/Mcf,29.0
2024,Indiana,NG - Price - Industrial Sector,5.532690450896279,$/Mcf,22.0
2024,Iowa,NG - Price - Industrial Sector,5.771152316449265,$/Mcf,24.0
2024,Kansas,NG - Price - Industrial Sector,4.2896192829345114,$/Mcf,9.0
2024,Kentucky,NG - Price - Industrial Sector,3.6613475866203875,$/Mcf,5.0
2024,Louisiana,NG - Price - Industrial Sector,3.3213689127369332,$/Mcf,4.0
2024,Maine,NG - Price - Industrial Sector,8.735434891531318,$/Mcf,39.0
2024,Maryland,NG - Price - Industrial Sector,12.065771729999904,$/Mcf,46.0
2024,Massachusetts,NG - Price - Industrial Sector,13.16769082866401,$/Mcf,49.0
2024,Michigan,NG - Price - Industrial Sector,7.603786619594091,$/Mcf,32.0
2024,Minnesota,NG - Price - Industrial Sector,5.100390294422548,$/Mcf,18.0
2024,Mississippi,NG - Price - Industrial Sector,4.499441011283219,$/Mcf,12.0
2024,Missouri,NG - Price - Industrial Sector,8.464187194080903,$/Mcf,37.0
2024,Montana,NG - Price - Industrial Sector,6.250194563820891,$/Mcf,27.0
2024,Nebraska,NG - Price - Industrial Sector,4.48194018418401,$/Mcf,11.0
2024,Nevada,NG - Price - Industrial Sector,10.687801542921182,$/Mcf,42.0
2024,New Hampshire,NG - Price - Industrial Sector,9.27875892744837,$/Mcf,41.0
2024,New Jersey,NG - Price - Industrial Sector,8.61591076929141,$/Mcf,38.0
2024,New Mexico,NG - Price - Industrial Sector,5.630295076233091,$/Mcf,23.0
2024,New York,NG - Price - Industrial Sector,11.750624726048057,$/Mcf,45.0
2024,North Carolina,NG - Price - Industrial Sector,5.472001863751404,$/Mcf,21.0
2024,North Dakota,NG - Price - Industrial Sector,2.2088493938601954,$/Mcf,1.0
2024,Ohio,NG - Price - Industrial Sector,7.728182947751624,$/Mcf,34.0
2024,Oklahoma,NG - Price - Industrial Sector,3.0288523159552523,$/Mcf,3.0
2024,Oregon,NG - Price - Industrial Sector,6.913774678913674,$/Mcf,31.0
2024,Pennsylvania,NG - Price - Industrial Sector,9.187631387277923,$/Mcf,40.0
2024,Rhode Island,NG - Price - Industrial Sector,13.046213462419372,$/Mcf,48.0
2024,South Carolina,NG - Price - Industrial Sector,4.8770781030883725,$/Mcf,16.0
2024,South Dakota,NG - Price - Industrial Sector,5.284997588848142,$/Mcf,19.0
2024,Tennessee,NG - Price - Industrial Sector,4.01391779700232,$/Mcf,7.0
2024,Texas,NG - Price - Industrial Sector,2.5244989299141825,$/Mcf,2.0
2024,Utah,NG - Price - Industrial Sector,7.747579923283491,$/Mcf,35.0
2024,Vermont,NG - Price - Industrial Sector,4.524042522532663,$/Mcf,13.0
2024,Virginia,NG - Price - Industrial Sector,4.351644078135828,$/Mcf,10.0
2024,Washington,NG - Price - Industrial Sector,12.128554237334292,$/Mcf,47.0
2024,West Virginia,NG - Price - Industrial Sector,3.9290340125832186,$/Mcf,6.0
2024,Wisconsin,NG - Price - Industrial Sector,5.7826691653336,$/Mcf,25.0
2024,Wyoming,NG - Price - Industrial Sector,4.728314689294024,$/Mcf,14.0
2024,Alabama,NG - Price - Residential Sector,18.625301569406947,$/Mcf,42.0
2024,Alaska,NG - Price - Residential Sector,11.734188567800384,$/Mcf,15.0
2024,Arizona,NG - Price - Residential Sector,20.466116817128352,$/Mcf,47.0
2024,Arkansas,NG - Price - Residential Sector,16.090352116467262,$/Mcf,31.0
2024,California,NG - Price - Residential Sector,19.141721507711143,$/Mcf,46.0
2024,Colorado,NG - Price - Residential Sector,10.576736491270978,$/Mcf,9.0
2024,Connecticut,NG - Price - Residential Sector,16.829858482110566,$/Mcf,37.0
2024,Delaware,NG - Price - Residential Sector,14.776944642658039,$/Mcf,25.0
2024,District of Columbia,NG - Price - Residential Sector,16.487295847959125,$/Mcf,36.0
2024,Florida,NG - Price - Residential Sector,25.36727829888215,$/Mcf,50.0
2024,Georgia,NG - Price - Residential Sector,14.963901041430972,$/Mcf,26.0
2024,Hawaii,NG - Price - Residential Sector,48.87602647114681,$/Mcf,51.0
2024,Idaho,NG - Price - Residential Sector,8.512464988088954,$/Mcf,2.0
2024,Illinois,NG - Price - Residential Sector,11.106892085675701,$/Mcf,14.0
2024,Indiana,NG - Price - Residential Sector,9.501163687530834,$/Mcf,6.0
2024,Iowa,NG - Price - Residential Sector,10.332695668140499,$/Mcf,8.0
2024,Kansas,NG - Price - Residential Sector,13.141425081109535,$/Mcf,19.0
2024,Kentucky,NG - Price - Residential Sector,13.614439474709567,$/Mcf,22.0
2024,Louisiana,NG - Price - Residential Sector,16.38109339141947,$/Mcf,34.0
2024,Maine,NG - Price - Residential Sector,18.945236095409857,$/Mcf,45.0
2024,Maryland,NG - Price - Residential Sector,16.144066658508592,$/Mcf,32.0
2024,Massachusetts,NG - Price - Residential Sector,21.897087288004883,$/Mcf,49.0
2024,Michigan,NG - Price - Residential Sector,10.758055358179801,$/Mcf,13.0
2024,Minnesota,NG - Price - Residential Sector,10.647855390463155,$/Mcf,11.0
2024,Mississippi,NG - Price - Residential Sector,15.416582326585091,$/Mcf,29.0
2024,Missouri,NG - Price - Residential Sector,16.862325909310098,$/Mcf,38.0
2024,Montana,NG - Price - Residential Sector,8.216202287553275,$/Mcf,1.0
2024,Nebraska,NG - Price - Residential Sector,10.628743125463883,$/Mcf,10.0
2024,Nevada,NG - Price - Residential Sector,18.68576527574461,$/Mcf,43.0
2024,New Hampshire,NG - Price - Residential Sector,18.740830583578113,$/Mcf,44.0
2024,New Jersey,NG - Price - Residential Sector,13.213472848933549,$/Mcf,21.0
2024,New Mexico,NG - Price - Residential Sector,9.053131826687608,$/Mcf,4.0
2024,New York,NG - Price - Residential Sector,16.235997139973403,$/Mcf,33.0
2024,North Carolina,NG - Price - Residential Sector,16.420429530158405,$/Mcf,35.0
2024,North Dakota,NG - Price - Residential Sector,8.98985241979303,$/Mcf,3.0
2024,Ohio,NG - Price - Residential Sector,12.90042148918173,$/Mcf,18.0
2024,Oklahoma,NG - Price - Residential Sector,13.994661005258699,$/Mcf,24.0
2024,Oregon,NG - Price - Residential Sector,15.705621940600334,$/Mcf,30.0
2024,Pennsylvania,NG - Price - Residential Sector,13.621153318893432,$/Mcf,23.0
2024,Rhode Island,NG - Price - Residential Sector,21.66091130195949,$/Mcf,48.0
2024,South Carolina,NG - Price - Residential Sector,16.912023198241425,$/Mcf,39.0
2024,South Dakota,NG - Price - Residential Sector,9.320628445635606,$/Mcf,5.0
2024,Tennessee,NG - Price - Residential Sector,10.752750799748323,$/Mcf,12.0
2024,Texas,NG - Price - Residential Sector,17.97919820570583,$/Mcf,41.0
2024,Utah,NG - Price - Residential Sector,13.146583431147855,$/Mcf,20.0
2024,Vermont,NG - Price - Residential Sector,17.341300754512336,$/Mcf,40.0
2024,Virginia,NG - Price - Residential Sector,15.401241615540963,$/Mcf,28.0
2024,Washington,NG - Price - Residential Sector,12.716555707258175,$/Mcf,17.0
2024,West Virginia,NG - Price - Residential Sector,15.263083480424777,$/Mcf,27.0
2024,Wisconsin,NG - Price - Residential Sector,10.137743648901873,$/Mcf,7.0
2024,Wyoming,NG - Price - Residential Sector,12.390446279985015,$/Mcf,16.0
2024,Alabama,NG - Revenue - All Sectors,1084392048.0,$,24.0
2024,Alaska,NG - Revenue - All Sectors,791918741.0,$,31.0
2024,Arizona,NG - Revenue - All Sectors,1225266466.0,$,20.0
2024,Arkansas,NG - Revenue - All Sectors,652048743.0,$,34.0
2024,California,NG - Revenue - All Sectors,9851652459.0,$,1.0
2024,Colorado,NG - Revenue - All Sectors,1920412290.0,$,11.0
2024,Connecticut,NG - Revenue - All Sectors,1296637083.0,$,19.0
2024,Delaware,NG - Revenue - All Sectors,219852417.0,$,44.0
2024,District of Columbia,NG - Revenue - All Sectors,162209136.0,$,48.0
2024,Florida,NG - Revenue - All Sectors,766805497.0,$,32.0
2024,Georgia,NG - Revenue - All Sectors,536748276.0,$,35.0
2024,Hawaii,NG - Revenue - All Sectors,116790286.0,$,50.0
2024,Idaho,NG - Revenue - All Sectors,420723304.0,$,41.0
2024,Illinois,NG - Revenue - All Sectors,4156065676.0,$,4.0
2024,Indiana,NG - Revenue - All Sectors,1717968705.0,$,14.0
2024,Iowa,NG - Revenue - All Sectors,836983698.0,$,29.0
2024,Kansas,NG - Revenue - All Sectors,946569536.0,$,27.0
2024,Kentucky,NG - Revenue - All Sectors,911343917.0,$,28.0
2024,Louisiana,NG - Revenue - All Sectors,834562249.0,$,30.0
2024,Maine,NG - Revenue - All Sectors,161038590.0,$,49.0
2024,Maryland,NG - Revenue - All Sectors,1211912589.0,$,21.0
2024,Massachusetts,NG - Revenue - All Sectors,3209866219.0,$,7.0
2024,Michigan,NG - Revenue - All Sectors,3776657267.0,$,5.0
2024,Minnesota,NG - Revenue - All Sectors,2080430503.0,$,9.0
2024,Mississippi,NG - Revenue - All Sectors,510436748.0,$,36.0
2024,Missouri,NG - Revenue - All Sectors,2008583095.0,$,10.0
2024,Montana,NG - Revenue - All Sectors,275014472.0,$,42.0
2024,Nebraska,NG - Revenue - All Sectors,451357758.0,$,39.0
2024,Nevada,NG - Revenue - All Sectors,1137436502.0,$,22.0
2024,New Hampshire,NG - Revenue - All Sectors,204608964.0,$,45.0
2024,New Jersey,NG - Revenue - All Sectors,3623993825.0,$,6.0
2024,New Mexico,NG - Revenue - All Sectors,441198262.0,$,40.0
2024,New York,NG - Revenue - All Sectors,6646177206.0,$,2.0
2024,North Carolina,NG - Revenue - All Sectors,1743697234.0,$,13.0
2024,North Dakota,NG - Revenue - All Sectors,232865217.0,$,43.0
2024,Ohio,NG - Revenue - All Sectors,693569572.0,$,33.0
2024,Oklahoma,NG - Revenue - All Sectors,970805479.0,$,25.0
2024,Oregon,NG - Revenue - All Sectors,1116357043.0,$,23.0
2024,Pennsylvania,NG - Revenue - All Sectors,3182108505.0,$,8.0
2024,Rhode Island,NG - Revenue - All Sectors,493913158.0,$,37.0
2024,South Carolina,NG - Revenue - All Sectors,967713976.0,$,26.0
2024,South Dakota,NG - Revenue - All Sectors,186232286.0,$,46.0
2024,Tennessee,NG - Revenue - All Sectors,1338837696.0,$,17.0
2024,Texas,NG - Revenue - All Sectors,6364542146.0,$,3.0
2024,Utah,NG - Revenue - All Sectors,1323268740.0,$,18.0
2024,Vermont,NG - Revenue - All Sectors,116237912.0,$,51.0
2024,Virginia,NG - Revenue - All Sectors,1454442371.0,$,16.0
2024,Washington,NG - Revenue - All Sectors,1667253351.0,$,15.0
2024,West Virginia,NG - Revenue - All Sectors,455718929.0,$,38.0
2024,Wisconsin,NG - Revenue - All Sectors,1842093105.0,$,12.0
2024,Wyoming,NG - Revenue - All Sectors,167850376.0,$,47.0
2024,Alabama,NG - Revenue - Commercial Sector,273632661.0,$,23.0
2024,Alaska,NG - Revenue - Commercial Sector,180391148.0,$,33.0
2024,Arizona,NG - Revenue - Commercial Sector,351366767.0,$,18.0
2024,Arkansas,NG - Revenue - Commercial Sector,196060497.0,$,31.0
2024,California,NG - Revenue - Commercial Sector,1826220644.0,$,1.0
2024,Colorado,NG - Revenue - Commercial Sector,480283891.0,$,13.0
2024,Connecticut,NG - Revenue - Commercial Sector,434715107.0,$,17.0
2024,Delaware,NG - Revenue - Commercial Sector,55708482.0,$,49.0
2024,District of Columbia,NG - Revenue - Commercial Sector,39486411.0,$,51.0
2024,Florida,NG - Revenue - Commercial Sector,256995079.0,$,25.0
2024,Georgia,NG - Revenue - Commercial Sector,134916358.0,$,36.0
2024,Hawaii,NG - Revenue - Commercial Sector,84426546.0,$,45.0
2024,Idaho,NG - Revenue - Commercial Sector,130155916.0,$,38.0
2024,Illinois,NG - Revenue - Commercial Sector,632314223.0,$,7.0
2024,Indiana,NG - Revenue - Commercial Sector,445123279.0,$,16.0
2024,Iowa,NG - Revenue - Commercial Sector,225602473.0,$,29.0
2024,Kansas,NG - Revenue - Commercial Sector,200800840.0,$,30.0
2024,Kentucky,NG - Revenue - Commercial Sector,280345158.0,$,22.0
2024,Louisiana,NG - Revenue - Commercial Sector,240725626.0,$,27.0
2024,Maine,NG - Revenue - Commercial Sector,84775787.0,$,44.0
2024,Maryland,NG - Revenue - Commercial Sector,232375750.0,$,28.0
2024,Massachusetts,NG - Revenue - Commercial Sector,623318743.0,$,8.0
2024,Michigan,NG - Revenue - Commercial Sector,873804302.0,$,4.0
2024,Minnesota,NG - Revenue - Commercial Sector,701538525.0,$,6.0
2024,Mississippi,NG - Revenue - Commercial Sector,167478177.0,$,34.0
2024,Missouri,NG - Revenue - Commercial Sector,512052363.0,$,11.0
2024,Montana,NG - Revenue - Commercial Sector,100066346.0,$,42.0
2024,Nebraska,NG - Revenue - Commercial Sector,120956799.0,$,39.0
2024,Nevada,NG - Revenue - Commercial Sector,272968135.0,$,24.0
2024,New Hampshire,NG - Revenue - Commercial Sector,68396743.0,$,46.0
2024,New Jersey,NG - Revenue - Commercial Sector,749428638.0,$,5.0
2024,New Mexico,NG - Revenue - Commercial Sector,101870001.0,$,41.0
2024,New York,NG - Revenue - Commercial Sector,1355651122.0,$,2.0
2024,North Carolina,NG - Revenue - Commercial Sector,506844067.0,$,12.0
2024,North Dakota,NG - Revenue - Commercial Sector,92726613.0,$,43.0
2024,Ohio,NG - Revenue - Commercial Sector,164714394.0,$,35.0
2024,Oklahoma,NG - Revenue - Commercial Sector,184013433.0,$,32.0
2024,Oregon,NG - Revenue - Commercial Sector,339384622.0,$,21.0
2024,Pennsylvania,NG - Revenue - Commercial Sector,603935496.0,$,9.0
2024,Rhode Island,NG - Revenue - Commercial Sector,106307287.0,$,40.0
2024,South Carolina,NG - Revenue - Commercial Sector,247649886.0,$,26.0
2024,South Dakota,NG - Revenue - Commercial Sector,62425633.0,$,48.0
2024,Tennessee,NG - Revenue - Commercial Sector,455872265.0,$,15.0
2024,Texas,NG - Revenue - Commercial Sector,1306719496.0,$,3.0
2024,Utah,NG - Revenue - Commercial Sector,341446393.0,$,20.0
2024,Vermont,NG - Revenue - Commercial Sector,45549794.0,$,50.0
2024,Virginia,NG - Revenue - Commercial Sector,350398867.0,$,19.0
2024,Washington,NG - Revenue - Commercial Sector,536361270.0,$,10.0
2024,West Virginia,NG - Revenue - Commercial Sector,131023392.0,$,37.0
2024,Wisconsin,NG - Revenue - Commercial Sector,474038680.0,$,14.0
2024,Wyoming,NG - Revenue - Commercial Sector,63258264.0,$,47.0
2024,Alabama,NG - Revenue - Industrial Sector,261431727.0,$,4.0
2024,Alaska,NG - Revenue - Industrial Sector,361498284.0,$,2.0
2024,Arizona,NG - Revenue - Industrial Sector,28472370.0,$,32.0
2024,Arkansas,NG - Revenue - Industrial Sector,12447199.0,$,38.0
2024,California,NG - Revenue - Industrial Sector,325163044.0,$,3.0
2024,Colorado,NG - Revenue - Industrial Sector,77574461.0,$,14.0
2024,Connecticut,NG - Revenue - Industrial Sector,84347609.0,$,13.0
2024,Delaware,NG - Revenue - Industrial Sector,733137.0,$,50.0
2024,District of Columbia,NG - Revenue - Industrial Sector,,$,
2024,Florida,NG - Revenue - Industrial Sector,32280105.0,$,30.0
2024,Georgia,NG - Revenue - Industrial Sector,156805685.0,$,6.0
2024,Hawaii,NG - Revenue - Industrial Sector,2252833.0,$,49.0
2024,Idaho,NG - Revenue - Industrial Sector,8244200.0,$,41.0
2024,Illinois,NG - Revenue - Industrial Sector,87198961.0,$,12.0
2024,Indiana,NG - Revenue - Industrial Sector,41142746.0,$,24.0
2024,Iowa,NG - Revenue - Industrial Sector,35028286.0,$,29.0
2024,Kansas,NG - Revenue - Industrial Sector,39585203.0,$,26.0
2024,Kentucky,NG - Revenue - Industrial Sector,71900332.0,$,16.0
2024,Louisiana,NG - Revenue - Industrial Sector,74404765.0,$,15.0
2024,Maine,NG - Revenue - Industrial Sector,20189110.0,$,34.0
2024,Maryland,NG - Revenue - Industrial Sector,7497936.0,$,43.0
2024,Massachusetts,NG - Revenue - Industrial Sector,155595887.0,$,8.0
2024,Michigan,NG - Revenue - Industrial Sector,69704832.0,$,18.0
2024,Minnesota,NG - Revenue - Industrial Sector,112304280.0,$,10.0
2024,Mississippi,NG - Revenue - Industrial Sector,45192525.0,$,23.0
2024,Missouri,NG - Revenue - Industrial Sector,57359342.0,$,19.0
2024,Montana,NG - Revenue - Industrial Sector,2369155.0,$,48.0
2024,Nebraska,NG - Revenue - Industrial Sector,19104651.0,$,35.0
2024,Nevada,NG - Revenue - Industrial Sector,41065975.0,$,25.0
2024,New Hampshire,NG - Revenue - Industrial Sector,6712913.0,$,44.0
2024,New Jersey,NG - Revenue - Industrial Sector,29727408.0,$,31.0
2024,New Mexico,NG - Revenue - Industrial Sector,15195198.0,$,37.0
2024,New York,NG - Revenue - Industrial Sector,45734677.0,$,22.0
2024,North Carolina,NG - Revenue - Industrial Sector,107505121.0,$,11.0
2024,North Dakota,NG - Revenue - Industrial Sector,35640092.0,$,28.0
2024,Ohio,NG - Revenue - Industrial Sector,21725522.0,$,33.0
2024,Oklahoma,NG - Revenue - Industrial Sector,38400665.0,$,27.0
2024,Oregon,NG - Revenue - Industrial Sector,71640070.0,$,17.0
2024,Pennsylvania,NG - Revenue - Industrial Sector,18189985.0,$,36.0
2024,Rhode Island,NG - Revenue - Industrial Sector,5268909.0,$,45.0
2024,South Carolina,NG - Revenue - Industrial Sector,155760409.0,$,7.0
2024,South Dakota,NG - Revenue - Industrial Sector,9425159.0,$,39.0
2024,Tennessee,NG - Revenue - Industrial Sector,169295898.0,$,5.0
2024,Texas,NG - Revenue - Industrial Sector,1524473362.0,$,1.0
2024,Utah,NG - Revenue - Industrial Sector,7556052.0,$,42.0
2024,Vermont,NG - Revenue - Industrial Sector,9324590.0,$,40.0
2024,Virginia,NG - Revenue - Industrial Sector,56027931.0,$,21.0
2024,Washington,NG - Revenue - Industrial Sector,56118117.0,$,20.0
2024,West Virginia,NG - Revenue - Industrial Sector,4811055.0,$,46.0
2024,Wisconsin,NG - Revenue - Industrial Sector,120788035.0,$,9.0
2024,Wyoming,NG - Revenue - Industrial Sector,3282136.0,$,47.0
2024,Alabama,NG - Revenue - Residential Sector,549327660.0,$,29.0
2024,Alaska,NG - Revenue - Residential Sector,250029309.0,$,40.0
2024,Arizona,NG - Revenue - Residential Sector,845427329.0,$,19.0
2024,Arkansas,NG - Revenue - Residential Sector,443541047.0,$,33.0
2024,California,NG - Revenue - Residential Sector,7700268771.0,$,1.0
2024,Colorado,NG - Revenue - Residential Sector,1362553938.0,$,10.0
2024,Connecticut,NG - Revenue - Residential Sector,777574367.0,$,21.0
2024,Delaware,NG - Revenue - Residential Sector,163410798.0,$,43.0
2024,District of Columbia,NG - Revenue - Residential Sector,122722725.0,$,45.0
2024,Florida,NG - Revenue - Residential Sector,477530313.0,$,32.0
2024,Georgia,NG - Revenue - Residential Sector,245026233.0,$,41.0
2024,Hawaii,NG - Revenue - Residential Sector,30110907.0,$,51.0
2024,Idaho,NG - Revenue - Residential Sector,282323188.0,$,39.0
2024,Illinois,NG - Revenue - Residential Sector,3436552492.0,$,4.0
2024,Indiana,NG - Revenue - Residential Sector,1231702680.0,$,13.0
2024,Iowa,NG - Revenue - Residential Sector,576352939.0,$,26.0
2024,Kansas,NG - Revenue - Residential Sector,706183493.0,$,24.0
2024,Kentucky,NG - Revenue - Residential Sector,559098427.0,$,28.0
2024,Louisiana,NG - Revenue - Residential Sector,519431858.0,$,30.0
2024,Maine,NG - Revenue - Residential Sector,56073693.0,$,50.0
2024,Maryland,NG - Revenue - Residential Sector,972038903.0,$,18.0
2024,Massachusetts,NG - Revenue - Residential Sector,2430951589.0,$,8.0
2024,Michigan,NG - Revenue - Residential Sector,2833148133.0,$,6.0
2024,Minnesota,NG - Revenue - Residential Sector,1266587698.0,$,11.0
2024,Mississippi,NG - Revenue - Residential Sector,297766046.0,$,38.0
2024,Missouri,NG - Revenue - Residential Sector,1439171390.0,$,9.0
2024,Montana,NG - Revenue - Residential Sector,172578971.0,$,42.0
2024,Nebraska,NG - Revenue - Residential Sector,311296308.0,$,37.0
2024,Nevada,NG - Revenue - Residential Sector,823402392.0,$,20.0
2024,New Hampshire,NG - Revenue - Residential Sector,129499308.0,$,44.0
2024,New Jersey,NG - Revenue - Residential Sector,2844837779.0,$,5.0
2024,New Mexico,NG - Revenue - Residential Sector,324133063.0,$,35.0
2024,New York,NG - Revenue - Residential Sector,5244791407.0,$,2.0
2024,North Carolina,NG - Revenue - Residential Sector,1129348046.0,$,14.0
2024,North Dakota,NG - Revenue - Residential Sector,104498512.0,$,47.0
2024,Ohio,NG - Revenue - Residential Sector,507129656.0,$,31.0
2024,Oklahoma,NG - Revenue - Residential Sector,748391381.0,$,22.0
2024,Oregon,NG - Revenue - Residential Sector,705332351.0,$,25.0
2024,Pennsylvania,NG - Revenue - Residential Sector,2559983024.0,$,7.0
2024,Rhode Island,NG - Revenue - Residential Sector,382336962.0,$,34.0
2024,South Carolina,NG - Revenue - Residential Sector,564303681.0,$,27.0
2024,South Dakota,NG - Revenue - Residential Sector,114381494.0,$,46.0
2024,Tennessee,NG - Revenue - Residential Sector,713669533.0,$,23.0
2024,Texas,NG - Revenue - Residential Sector,3533349288.0,$,3.0
2024,Utah,NG - Revenue - Residential Sector,974266295.0,$,17.0
2024,Vermont,NG - Revenue - Residential Sector,61363528.0,$,49.0
2024,Virginia,NG - Revenue - Residential Sector,1048015573.0,$,16.0
2024,Washington,NG - Revenue - Residential Sector,1074773964.0,$,15.0
2024,West Virginia,NG - Revenue - Residential Sector,319884482.0,$,36.0
2024,Wisconsin,NG - Revenue - Residential Sector,1247266390.0,$,12.0
2024,Wyoming,NG - Revenue - Residential Sector,101309976.0,$,48.0
2024,Alabama,NG - Sales - All Sectors,112244659.0,Mcf,18.0
2024,Alaska,NG - Sales - All Sectors,94932284.0,Mcf,21.0
2024,Arizona,NG - Sales - All Sectors,76194716.0,Mcf,29.0
2024,Arkansas,NG - Sales - All Sectors,48305680.0,Mcf,37.0
2024,California,NG - Sales - All Sectors,560913233.0,Mcf,2.0
2024,Colorado,NG - Sales - All Sectors,194511107.0,Mcf,10.0
2024,Connecticut,NG - Sales - All Sectors,100440407.0,Mcf,20.0
2024,Delaware,NG - Sales - All Sectors,16131881.0,Mcf,45.0
2024,District of Columbia,NG - Sales - All Sectors,10285737.0,Mcf,50.0
2024,Florida,NG - Sales - All Sectors,45530110.0,Mcf,38.0
2024,Georgia,NG - Sales - All Sectors,61069068.0,Mcf,32.0
2024,Hawaii,NG - Sales - All Sectors,2993813.0,Mcf,51.0
2024,Idaho,NG - Sales - All Sectors,51947398.0,Mcf,35.0
2024,Illinois,NG - Sales - All Sectors,390576453.0,Mcf,4.0
2024,Indiana,NG - Sales - All Sectors,194503843.0,Mcf,11.0
2024,Iowa,NG - Sales - All Sectors,91185551.0,Mcf,22.0
2024,Kansas,NG - Sales - All Sectors,82446946.0,Mcf,27.0
2024,Kentucky,NG - Sales - All Sectors,88395791.0,Mcf,24.0
2024,Louisiana,NG - Sales - All Sectors,76071755.0,Mcf,30.0
2024,Maine,NG - Sales - All Sectors,11098463.0,Mcf,49.0
2024,Maryland,NG - Sales - All Sectors,78540325.0,Mcf,28.0
2024,Massachusetts,NG - Sales - All Sectors,163117690.0,Mcf,12.0
2024,Michigan,NG - Sales - All Sectors,366474460.0,Mcf,5.0
2024,Minnesota,NG - Sales - All Sectors,223918590.0,Mcf,8.0
2024,Mississippi,NG - Sales - All Sectors,44192660.0,Mcf,39.0
2024,Missouri,NG - Sales - All Sectors,134311311.0,Mcf,16.0
2024,Montana,NG - Sales - All Sectors,33988853.0,Mcf,41.0
2024,Nebraska,NG - Sales - All Sectors,50113816.0,Mcf,36.0
2024,Nevada,NG - Sales - All Sectors,67876066.0,Mcf,31.0
2024,New Hampshire,NG - Sales - All Sectors,12728199.0,Mcf,47.0
2024,New Jersey,NG - Sales - All Sectors,283447159.0,Mcf,6.0
2024,New Mexico,NG - Sales - All Sectors,55651747.0,Mcf,34.0
2024,New York,NG - Sales - All Sectors,420068454.0,Mcf,3.0
2024,North Carolina,NG - Sales - All Sectors,149975895.0,Mcf,14.0
2024,North Dakota,NG - Sales - All Sectors,42215269.0,Mcf,40.0
2024,Ohio,NG - Sales - All Sectors,56653617.0,Mcf,33.0
2024,Oklahoma,NG - Sales - All Sectors,84866295.0,Mcf,25.0
2024,Oregon,NG - Sales - All Sectors,84359451.0,Mcf,26.0
2024,Pennsylvania,NG - Sales - All Sectors,246645657.0,Mcf,7.0
2024,Rhode Island,NG - Sales - All Sectors,24063929.0,Mcf,43.0
2024,South Carolina,NG - Sales - All Sectors,88601837.0,Mcf,23.0
2024,South Dakota,NG - Sales - All Sectors,23107273.0,Mcf,44.0
2024,Tennessee,NG - Sales - All Sectors,158533937.0,Mcf,13.0
2024,Texas,NG - Sales - All Sectors,936007127.0,Mcf,1.0
2024,Utah,NG - Sales - All Sectors,104979572.0,Mcf,19.0
2024,Vermont,NG - Sales - All Sectors,12443599.0,Mcf,48.0
2024,Virginia,NG - Sales - All Sectors,117399751.0,Mcf,17.0
2024,Washington,NG - Sales - All Sectors,140829754.0,Mcf,15.0
2024,West Virginia,NG - Sales - All Sectors,33419931.0,Mcf,42.0
2024,Wisconsin,NG - Sales - All Sectors,207807369.0,Mcf,9.0
2024,Wyoming,NG - Sales - All Sectors,15973835.0,Mcf,46.0
2024,Alabama,NG - Sales - Commercial Sector,19568456.0,Mcf,28.0
2024,Alaska,NG - Sales - Commercial Sector,16718132.0,Mcf,35.0
2024,Arizona,NG - Sales - Commercial Sector,29545375.0,Mcf,20.0
2024,Arkansas,NG - Sales - Commercial Sector,19153262.0,Mcf,30.0
2024,California,NG - Sales - Commercial Sector,130308824.0,Mcf,2.0
2024,Colorado,NG - Sales - Commercial Sector,55487703.0,Mcf,12.0
2024,Connecticut,NG - Sales - Commercial Sector,41825994.0,Mcf,16.0
2024,Delaware,NG - Sales - Commercial Sector,5005710.0,Mcf,49.0
2024,District of Columbia,NG - Sales - Commercial Sector,2842265.0,Mcf,50.0
2024,Florida,NG - Sales - Commercial Sector,21327104.0,Mcf,26.0
2024,Georgia,NG - Sales - Commercial Sector,12327310.0,Mcf,41.0
2024,Hawaii,NG - Sales - Commercial Sector,2298280.0,Mcf,51.0
2024,Idaho,NG - Sales - Commercial Sector,17159574.0,Mcf,33.0
2024,Illinois,NG - Sales - Commercial Sector,67998111.0,Mcf,6.0
2024,Indiana,NG - Sales - Commercial Sector,57430509.0,Mcf,10.0
2024,Iowa,NG - Sales - Commercial Sector,29336470.0,Mcf,21.0
2024,Kansas,NG - Sales - Commercial Sector,19481599.0,Mcf,29.0
2024,Kentucky,NG - Sales - Commercial Sector,27691545.0,Mcf,23.0
2024,Louisiana,NG - Sales - Commercial Sector,21960688.0,Mcf,25.0
2024,Maine,NG - Sales - Commercial Sector,5827511.0,Mcf,47.0
2024,Maryland,NG - Sales - Commercial Sector,17708615.0,Mcf,32.0
2024,Massachusetts,NG - Sales - Commercial Sector,40284079.0,Mcf,17.0
2024,Michigan,NG - Sales - Commercial Sector,93956014.0,Mcf,3.0
2024,Minnesota,NG - Sales - Commercial Sector,82947452.0,Mcf,5.0
2024,Mississippi,NG - Sales - Commercial Sector,14833969.0,Mcf,37.0
2024,Missouri,NG - Sales - Commercial Sector,42186269.0,Mcf,15.0
2024,Montana,NG - Sales - Commercial Sector,12605087.0,Mcf,40.0
2024,Nebraska,NG - Sales - Commercial Sector,16563073.0,Mcf,36.0
2024,Nevada,NG - Sales - Commercial Sector,19967987.0,Mcf,27.0
2024,New Hampshire,NG - Sales - Commercial Sector,5094719.0,Mcf,48.0
2024,New Jersey,NG - Sales - Commercial Sector,64698602.0,Mcf,7.0
2024,New Mexico,NG - Sales - Commercial Sector,17149501.0,Mcf,34.0
2024,New York,NG - Sales - Commercial Sector,93141590.0,Mcf,4.0
2024,North Carolina,NG - Sales - Commercial Sector,61552488.0,Mcf,9.0
2024,North Dakota,NG - Sales - Commercial Sector,14456078.0,Mcf,39.0
2024,Ohio,NG - Sales - Commercial Sector,14531318.0,Mcf,38.0
2024,Oklahoma,NG - Sales - Commercial Sector,18711085.0,Mcf,31.0
2024,Oregon,NG - Sales - Commercial Sector,29087972.0,Mcf,22.0
2024,Pennsylvania,NG - Sales - Commercial Sector,56724100.0,Mcf,11.0
2024,Rhode Island,NG - Sales - Commercial Sector,6009054.0,Mcf,46.0
2024,South Carolina,NG - Sales - Commercial Sector,23297586.0,Mcf,24.0
2024,South Dakota,NG - Sales - Commercial Sector,9052028.0,Mcf,43.0
2024,Tennessee,NG - Sales - Commercial Sector,49985836.0,Mcf,14.0
2024,Texas,NG - Sales - Commercial Sector,135611169.0,Mcf,1.0
2024,Utah,NG - Sales - Commercial Sector,29896347.0,Mcf,19.0
2024,Vermont,NG - Sales - Commercial Sector,6843903.0,Mcf,45.0
2024,Virginia,NG - Sales - Commercial Sector,36477160.0,Mcf,18.0
2024,Washington,NG - Sales - Commercial Sector,51685118.0,Mcf,13.0
2024,West Virginia,NG - Sales - Commercial Sector,11237392.0,Mcf,42.0
2024,Wisconsin,NG - Sales - Commercial Sector,63887479.0,Mcf,8.0
2024,Wyoming,NG - Sales - Commercial Sector,7103231.0,Mcf,44.0
2024,Alabama,NG - Sales - Industrial Sector,63182578.0,Mcf,2.0
2024,Alaska,NG - Sales - Industrial Sector,56906389.0,Mcf,3.0
2024,Arizona,NG - Sales - Industrial Sector,5340707.0,Mcf,28.0
2024,Arkansas,NG - Sales - Industrial Sector,1586766.0,Mcf,41.0
2024,California,NG - Sales - Industrial Sector,28327698.0,Mcf,7.0
2024,Colorado,NG - Sales - Industrial Sector,10197850.0,Mcf,20.0
2024,Connecticut,NG - Sales - Industrial Sector,12412339.0,Mcf,17.0
2024,Delaware,NG - Sales - Industrial Sector,67674.0,Mcf,50.0
2024,District of Columbia,NG - Sales - Industrial Sector,,Mcf,
2024,Florida,NG - Sales - Industrial Sector,5378349.0,Mcf,27.0
2024,Georgia,NG - Sales - Industrial Sector,32367269.0,Mcf,5.0
2024,Hawaii,NG - Sales - Industrial Sector,79466.0,Mcf,49.0
2024,Idaho,NG - Sales - Industrial Sector,1621968.0,Mcf,40.0
2024,Illinois,NG - Sales - Industrial Sector,13171132.0,Mcf,14.0
2024,Indiana,NG - Sales - Industrial Sector,7436300.0,Mcf,24.0
2024,Iowa,NG - Sales - Industrial Sector,6069548.0,Mcf,26.0
2024,Kansas,NG - Sales - Industrial Sector,9228139.0,Mcf,22.0
2024,Kentucky,NG - Sales - Industrial Sector,19637669.0,Mcf,12.0
2024,Louisiana,NG - Sales - Industrial Sector,22401837.0,Mcf,8.0
2024,Maine,NG - Sales - Industrial Sector,2311174.0,Mcf,36.0
2024,Maryland,NG - Sales - Industrial Sector,621422.0,Mcf,46.0
2024,Massachusetts,NG - Sales - Industrial Sector,11816490.0,Mcf,18.0
2024,Michigan,NG - Sales - Industrial Sector,9167121.0,Mcf,23.0
2024,Minnesota,NG - Sales - Industrial Sector,22018762.0,Mcf,9.0
2024,Mississippi,NG - Sales - Industrial Sector,10044031.0,Mcf,21.0
2024,Missouri,NG - Sales - Industrial Sector,6776710.0,Mcf,25.0
2024,Montana,NG - Sales - Industrial Sector,379053.0,Mcf,48.0
2024,Nebraska,NG - Sales - Industrial Sector,4262585.0,Mcf,30.0
2024,Nevada,NG - Sales - Industrial Sector,3842322.0,Mcf,32.0
2024,New Hampshire,NG - Sales - Industrial Sector,723471.0,Mcf,44.0
2024,New Jersey,NG - Sales - Industrial Sector,3450292.0,Mcf,33.0
2024,New Mexico,NG - Sales - Industrial Sector,2698828.0,Mcf,35.0
2024,New York,NG - Sales - Industrial Sector,3892106.0,Mcf,31.0
2024,North Carolina,NG - Sales - Industrial Sector,19646397.0,Mcf,11.0
2024,North Dakota,NG - Sales - Industrial Sector,16135139.0,Mcf,13.0
2024,Ohio,NG - Sales - Industrial Sector,2811207.0,Mcf,34.0
2024,Oklahoma,NG - Sales - Industrial Sector,12678289.0,Mcf,16.0
2024,Oregon,NG - Sales - Industrial Sector,10361933.0,Mcf,19.0
2024,Pennsylvania,NG - Sales - Industrial Sector,1979834.0,Mcf,38.0
2024,Rhode Island,NG - Sales - Industrial Sector,403865.0,Mcf,47.0
2024,South Carolina,NG - Sales - Industrial Sector,31937239.0,Mcf,6.0
2024,South Dakota,NG - Sales - Industrial Sector,1783380.0,Mcf,39.0
2024,Tennessee,NG - Sales - Industrial Sector,42177221.0,Mcf,4.0
2024,Texas,NG - Sales - Industrial Sector,603871661.0,Mcf,1.0
2024,Utah,NG - Sales - Industrial Sector,975279.0,Mcf,43.0
2024,Vermont,NG - Sales - Industrial Sector,2061119.0,Mcf,37.0
2024,Virginia,NG - Sales - Industrial Sector,12875118.0,Mcf,15.0
2024,Washington,NG - Sales - Industrial Sector,4626942.0,Mcf,29.0
2024,West Virginia,NG - Sales - Industrial Sector,1224488.0,Mcf,42.0
2024,Wisconsin,NG - Sales - Industrial Sector,20887938.0,Mcf,10.0
2024,Wyoming,NG - Sales - Industrial Sector,694145.0,Mcf,45.0
2024,Alabama,NG - Sales - Residential Sector,29493625.0,Mcf,33.0
2024,Alaska,NG - Sales - Residential Sector,21307763.0,Mcf,36.0
2024,Arizona,NG - Sales - Residential Sector,41308634.0,Mcf,26.0
2024,Arkansas,NG - Sales - Residential Sector,27565652.0,Mcf,35.0
2024,California,NG - Sales - Residential Sector,402276711.0,Mcf,1.0
2024,Colorado,NG - Sales - Residential Sector,128825554.0,Mcf,9.0
2024,Connecticut,NG - Sales - Residential Sector,46202074.0,Mcf,23.0
2024,Delaware,NG - Sales - Residential Sector,11058497.0,Mcf,45.0
2024,District of Columbia,NG - Sales - Residential Sector,7443472.0,Mcf,47.0
2024,Florida,NG - Sales - Residential Sector,18824657.0,Mcf,40.0
2024,Georgia,NG - Sales - Residential Sector,16374489.0,Mcf,42.0
2024,Hawaii,NG - Sales - Residential Sector,616067.0,Mcf,51.0
2024,Idaho,NG - Sales - Residential Sector,33165856.0,Mcf,31.0
2024,Illinois,NG - Sales - Residential Sector,309407210.0,Mcf,3.0
2024,Indiana,NG - Sales - Residential Sector,129637034.0,Mcf,8.0
2024,Iowa,NG - Sales - Residential Sector,55779533.0,Mcf,20.0
2024,Kansas,NG - Sales - Residential Sector,53737208.0,Mcf,21.0
2024,Kentucky,NG - Sales - Residential Sector,41066577.0,Mcf,27.0
2024,Louisiana,NG - Sales - Residential Sector,31709230.0,Mcf,32.0
2024,Maine,NG - Sales - Residential Sector,2959778.0,Mcf,50.0
2024,Maryland,NG - Sales - Residential Sector,60210288.0,Mcf,19.0
2024,Massachusetts,NG - Sales - Residential Sector,111017121.0,Mcf,12.0
2024,Michigan,NG - Sales - Residential Sector,263351325.0,Mcf,4.0
2024,Minnesota,NG - Sales - Residential Sector,118952376.0,Mcf,11.0
2024,Mississippi,NG - Sales - Residential Sector,19314660.0,Mcf,39.0
2024,Missouri,NG - Sales - Residential Sector,85348332.0,Mcf,13.0
2024,Montana,NG - Sales - Residential Sector,21004713.0,Mcf,37.0
2024,Nebraska,NG - Sales - Residential Sector,29288158.0,Mcf,34.0
2024,Nevada,NG - Sales - Residential Sector,44065757.0,Mcf,25.0
2024,New Hampshire,NG - Sales - Residential Sector,6910009.0,Mcf,48.0
2024,New Jersey,NG - Sales - Residential Sector,215298265.0,Mcf,5.0
2024,New Mexico,NG - Sales - Residential Sector,35803418.0,Mcf,29.0
2024,New York,NG - Sales - Residential Sector,323034758.0,Mcf,2.0
2024,North Carolina,NG - Sales - Residential Sector,68777010.0,Mcf,16.0
2024,North Dakota,NG - Sales - Residential Sector,11624052.0,Mcf,44.0
2024,Ohio,NG - Sales - Residential Sector,39311092.0,Mcf,28.0
2024,Oklahoma,NG - Sales - Residential Sector,53476921.0,Mcf,22.0
2024,Oregon,NG - Sales - Residential Sector,44909546.0,Mcf,24.0
2024,Pennsylvania,NG - Sales - Residential Sector,187941723.0,Mcf,7.0
2024,Rhode Island,NG - Sales - Residential Sector,17651010.0,Mcf,41.0
2024,South Carolina,NG - Sales - Residential Sector,33367012.0,Mcf,30.0
2024,South Dakota,NG - Sales - Residential Sector,12271865.0,Mcf,43.0
2024,Tennessee,NG - Sales - Residential Sector,66370880.0,Mcf,18.0
2024,Texas,NG - Sales - Residential Sector,196524297.0,Mcf,6.0
2024,Utah,NG - Sales - Residential Sector,74107946.0,Mcf,15.0
2024,Vermont,NG - Sales - Residential Sector,3538577.0,Mcf,49.0
2024,Virginia,NG - Sales - Residential Sector,68047473.0,Mcf,17.0
2024,Washington,NG - Sales - Residential Sector,84517694.0,Mcf,14.0
2024,West Virginia,NG - Sales - Residential Sector,20958051.0,Mcf,38.0
2024,Wisconsin,NG - Sales - Residential Sector,123031952.0,Mcf,10.0
2024,Wyoming,NG - Sales - Residential Sector,8176459.0,Mcf,46.0
2024,Alabama,NG - Unaccounted for Volume,-4221382.0,Mcf,7.0
2024,Alaska,NG - Unaccounted for Volume,6679026.0,Mcf,37.0
2024,Arizona,NG - Unaccounted for Volume,-804963.0,Mcf,15.0
2024,Arkansas,NG - Unaccounted for Volume,-4615050.0,Mcf,6.0
2024,California,NG - Unaccounted for Volume,274519527.0,Mcf,50.0
2024,Colorado,NG - Unaccounted for Volume,10718721.0,Mcf,42.0
2024,Connecticut,NG - Unaccounted for Volume,1041161.0,Mcf,28.0
2024,Delaware,NG - Unaccounted for Volume,374349.0,Mcf,22.0
2024,District of Columbia,NG - Unaccounted for Volume,,Mcf,
2024,Florida,NG - Unaccounted for Volume,-2337663.0,Mcf,10.0
2024,Georgia,NG - Unaccounted for Volume,11572064.0,Mcf,43.0
2024,Hawaii,NG - Unaccounted for Volume,-137746.0,Mcf,19.0
2024,Idaho,NG - Unaccounted for Volume,-157961.0,Mcf,18.0
2024,Illinois,NG - Unaccounted for Volume,11928930.0,Mcf,44.0
2024,Indiana,NG - Unaccounted for Volume,-7941091.0,Mcf,3.0
2024,Iowa,NG - Unaccounted for Volume,-333752.0,Mcf,17.0
2024,Kansas,NG - Unaccounted for Volume,9690895.0,Mcf,41.0
2024,Kentucky,NG - Unaccounted for Volume,8283484.0,Mcf,40.0
2024,Louisiana,NG - Unaccounted for Volume,23378259.0,Mcf,48.0
2024,Maine,NG - Unaccounted for Volume,-1251978.0,Mcf,13.0
2024,Maryland,NG - Unaccounted for Volume,21950988.0,Mcf,47.0
2024,Massachusetts,NG - Unaccounted for Volume,-7176157.0,Mcf,4.0
2024,Michigan,NG - Unaccounted for Volume,2233.0,Mcf,20.0
2024,Minnesota,NG - Unaccounted for Volume,2464812.0,Mcf,34.0
2024,Mississippi,NG - Unaccounted for Volume,-2437034.0,Mcf,9.0
2024,Missouri,NG - Unaccounted for Volume,6600041.0,Mcf,36.0
2024,Montana,NG - Unaccounted for Volume,-930632.0,Mcf,14.0
2024,Nebraska,NG - Unaccounted for Volume,1059829.0,Mcf,29.0
2024,Nevada,NG - Unaccounted for Volume,2052812.0,Mcf,32.0
2024,New Hampshire,NG - Unaccounted for Volume,575829.0,Mcf,25.0
2024,New Jersey,NG - Unaccounted for Volume,5540427.0,Mcf,35.0
2024,New Mexico,NG - Unaccounted for Volume,1639396.0,Mcf,31.0
2024,New York,NG - Unaccounted for Volume,-4873352.0,Mcf,5.0
2024,North Carolina,NG - Unaccounted for Volume,-13663228.0,Mcf,2.0
2024,North Dakota,NG - Unaccounted for Volume,501272.0,Mcf,24.0
2024,Ohio,NG - Unaccounted for Volume,12627107.0,Mcf,45.0
2024,Oklahoma,NG - Unaccounted for Volume,7814749.0,Mcf,39.0
2024,Oregon,NG - Unaccounted for Volume,-729161.0,Mcf,16.0
2024,Pennsylvania,NG - Unaccounted for Volume,17787690.0,Mcf,46.0
2024,Rhode Island,NG - Unaccounted for Volume,1329078.0,Mcf,30.0
2024,South Carolina,NG - Unaccounted for Volume,2141953.0,Mcf,33.0
2024,South Dakota,NG - Unaccounted for Volume,928328.0,Mcf,27.0
2024,Tennessee,NG - Unaccounted for Volume,485157.0,Mcf,23.0
2024,Texas,NG - Unaccounted for Volume,-31732956.0,Mcf,1.0
2024,Utah,NG - Unaccounted for Volume,-2751418.0,Mcf,8.0
2024,Vermont,NG - Unaccounted for Volume,160360.0,Mcf,21.0
2024,Virginia,NG - Unaccounted for Volume,-1766564.0,Mcf,11.0
2024,Washington,NG - Unaccounted for Volume,35991386.0,Mcf,49.0
2024,West Virginia,NG - Unaccounted for Volume,7758057.0,Mcf,38.0
2024,Wisconsin,NG - Unaccounted for Volume,-1308314.0,Mcf,12.0
2024,Wyoming,NG - Unaccounted for Volume,784713.0,Mcf,26.0
2024,Alabama,NG - Unaccounted for Volume as % of Sales,-3.760875606562269,%,9.0
2024,Alaska,NG - Unaccounted for Volume as % of Sales,7.035568637535361,%,39.0
2024,Arizona,NG - Unaccounted for Volume as % of Sales,-1.0564551484121287,%,15.0
2024,Arkansas,NG - Unaccounted for Volume as % of Sales,-9.553845427701257,%,2.0
2024,California,NG - Unaccounted for Volume as % of Sales,48.941531568395,%,50.0
2024,Colorado,NG - Unaccounted for Volume as % of Sales,5.510595855073715,%,37.0
2024,Connecticut,NG - Unaccounted for Volume as % of Sales,1.0365957597125228,%,22.0
2024,Delaware,NG - Unaccounted for Volume as % of Sales,2.3205539391221643,%,28.0
2024,District of Columbia,NG - Unaccounted for Volume as % of Sales,,%,
2024,Florida,NG - Unaccounted for Volume as % of Sales,-5.1343231984284685,%,5.0
2024,Georgia,NG - Unaccounted for Volume as % of Sales,18.949141323067188,%,44.0
2024,Hawaii,NG - Unaccounted for Volume as % of Sales,-4.601022174731688,%,6.0
2024,Idaho,NG - Unaccounted for Volume as % of Sales,-0.30407875289538083,%,19.0
2024,Illinois,NG - Unaccounted for Volume as % of Sales,3.054185655170564,%,32.0
2024,Indiana,NG - Unaccounted for Volume as % of Sales,-4.082742467972729,%,8.0
2024,Iowa,NG - Unaccounted for Volume as % of Sales,-0.3660141287077379,%,18.0
2024,Kansas,NG - Unaccounted for Volume as % of Sales,11.75409820516578,%,43.0
2024,Kentucky,NG - Unaccounted for Volume as % of Sales,9.37090319153318,%,42.0
2024,Louisiana,NG - Unaccounted for Volume as % of Sales,30.73185178914303,%,49.0
2024,Maine,NG - Unaccounted for Volume as % of Sales,-11.28064309445371,%,1.0
2024,Maryland,NG - Unaccounted for Volume as % of Sales,27.948684958968528,%,48.0
2024,Massachusetts,NG - Unaccounted for Volume as % of Sales,-4.399373850868045,%,7.0
2024,Michigan,NG - Unaccounted for Volume as % of Sales,0.0006093194052322227,%,20.0
2024,Minnesota,NG - Unaccounted for Volume as % of Sales,1.1007625583923157,%,23.0
2024,Mississippi,NG - Unaccounted for Volume as % of Sales,-5.51456735122982,%,4.0
2024,Missouri,NG - Unaccounted for Volume as % of Sales,4.91398747496404,%,36.0
2024,Montana,NG - Unaccounted for Volume as % of Sales,-2.738050619125041,%,11.0
2024,Nebraska,NG - Unaccounted for Volume as % of Sales,2.1148439384460365,%,27.0
2024,Nevada,NG - Unaccounted for Volume as % of Sales,3.0243532381502485,%,31.0
2024,New Hampshire,NG - Unaccounted for Volume as % of Sales,4.524041461011098,%,34.0
2024,New Jersey,NG - Unaccounted for Volume as % of Sales,1.9546595631956925,%,26.0
2024,New Mexico,NG - Unaccounted for Volume as % of Sales,2.945812285102209,%,30.0
2024,New York,NG - Unaccounted for Volume as % of Sales,-1.160132819685622,%,14.0
2024,North Carolina,NG - Unaccounted for Volume as % of Sales,-9.110282689094804,%,3.0
2024,North Dakota,NG - Unaccounted for Volume as % of Sales,1.1874187038817638,%,24.0
2024,Ohio,NG - Unaccounted for Volume as % of Sales,22.28826272469064,%,45.0
2024,Oklahoma,NG - Unaccounted for Volume as % of Sales,9.208307019883453,%,41.0
2024,Oregon,NG - Unaccounted for Volume as % of Sales,-0.8643501010930003,%,16.0
2024,Pennsylvania,NG - Unaccounted for Volume as % of Sales,7.2118399392696375,%,40.0
2024,Rhode Island,NG - Unaccounted for Volume as % of Sales,5.523113037775336,%,38.0
2024,South Carolina,NG - Unaccounted for Volume as % of Sales,2.4175040524272653,%,29.0
2024,South Dakota,NG - Unaccounted for Volume as % of Sales,4.0174710360673025,%,33.0
2024,Tennessee,NG - Unaccounted for Volume as % of Sales,0.3060272199005567,%,21.0
2024,Texas,NG - Unaccounted for Volume as % of Sales,-3.3902472625082907,%,10.0
2024,Utah,NG - Unaccounted for Volume as % of Sales,-2.620907999129583,%,12.0
2024,Vermont,NG - Unaccounted for Volume as % of Sales,1.288694693552886,%,25.0
2024,Virginia,NG - Unaccounted for Volume as % of Sales,-1.5047425441302682,%,13.0
2024,Washington,NG - Unaccounted for Volume as % of Sales,25.556663260236895,%,47.0
2024,West Virginia,NG - Unaccounted for Volume as % of Sales,23.21386300887336,%,46.0
2024,Wisconsin,NG - Unaccounted for Volume as % of Sales,-0.6295801762448568,%,17.0
2024,Wyoming,NG - Unaccounted for Volume as % of Sales,4.912489705822052,%,35.0
2024,Alabama,Revenue from Electric Sales - Residential Sector,4993058300.0,$,16.0
2024,Alaska,Revenue from Electric Sales - Residential Sector,513968000.0,$,48.0
2024,Arizona,Revenue from Electric Sales - Residential Sector,6027533900.0,$,12.0
2024,Arkansas,Revenue from Electric Sales - Residential Sector,2288691400.0,$,31.0
2024,California,Revenue from Electric Sales - Residential Sector,27443697400.0,$,1.0
2024,Colorado,Revenue from Electric Sales - Residential Sector,3086848500.0,$,27.0
2024,Connecticut,Revenue from Electric Sales - Residential Sector,3720210000.0,$,23.0
2024,Delaware,Revenue from Electric Sales - Residential Sector,857254200.0,$,44.0
2024,District of Columbia,Revenue from Electric Sales - Residential Sector,433140300.0,$,50.0
2024,Florida,Revenue from Electric Sales - Residential Sector,19561173600.0,$,3.0
2024,Georgia,Revenue from Electric Sales - Residential Sector,8740025700.0,$,6.0
2024,Hawaii,Revenue from Electric Sales - Residential Sector,1136577500.0,$,39.0
2024,Idaho,Revenue from Electric Sales - Residential Sector,1132688200.0,$,41.0
2024,Illinois,Revenue from Electric Sales - Residential Sector,7117528600.0,$,9.0
2024,Indiana,Revenue from Electric Sales - Residential Sector,4879873400.0,$,18.0
2024,Iowa,Revenue from Electric Sales - Residential Sector,1939174599.9999998,$,34.0
2024,Kansas,Revenue from Electric Sales - Residential Sector,1958283700.0,$,33.0
2024,Kentucky,Revenue from Electric Sales - Residential Sector,3335307700.0,$,26.0
2024,Louisiana,Revenue from Electric Sales - Residential Sector,3633012300.0,$,24.0
2024,Maine,Revenue from Electric Sales - Residential Sector,1190411099.9999998,$,38.0
2024,Maryland,Revenue from Electric Sales - Residential Sector,4880098600.0,$,17.0
2024,Massachusetts,Revenue from Electric Sales - Residential Sector,5867778600.0,$,13.0
2024,Michigan,Revenue from Electric Sales - Residential Sector,6466083600.0,$,11.0
2024,Minnesota,Revenue from Electric Sales - Residential Sector,3408955000.0,$,25.0
2024,Mississippi,Revenue from Electric Sales - Residential Sector,2490447300.0,$,30.0
2024,Missouri,Revenue from Electric Sales - Residential Sector,4548192399.999999,$,21.0
2024,Montana,Revenue from Electric Sales - Residential Sector,721809300.0,$,45.0
2024,Nebraska,Revenue from Electric Sales - Residential Sector,1198160500.0,$,37.0
2024,Nevada,Revenue from Electric Sales - Residential Sector,2194081300.0,$,32.0
2024,New Hampshire,Revenue from Electric Sales - Residential Sector,1134518200.0,$,40.0
2024,New Jersey,Revenue from Electric Sales - Residential Sector,5743700900.0,$,14.0
2024,New Mexico,Revenue from Electric Sales - Residential Sector,1043282700.0000001,$,42.0
2024,New York,Revenue from Electric Sales - Residential Sector,12424304600.0,$,4.0
2024,North Carolina,Revenue from Electric Sales - Residential Sector,8726608100.0,$,7.0
2024,North Dakota,Revenue from Electric Sales - Residential Sector,565146100.0,$,47.0
2024,Ohio,Revenue from Electric Sales - Residential Sector,8340150700.0,$,8.0
2024,Oklahoma,Revenue from Electric Sales - Residential Sector,2977075400.0,$,28.0
2024,Oregon,Revenue from Electric Sales - Residential Sector,2905554699.9999995,$,29.0
2024,Pennsylvania,Revenue from Electric Sales - Residential Sector,9641602500.0,$,5.0
2024,Rhode Island,Revenue from Electric Sales - Residential Sector,891367700.0000001,$,43.0
2024,South Carolina,Revenue from Electric Sales - Residential Sector,4632120500.0,$,19.0
2024,South Dakota,Revenue from Electric Sales - Residential Sector,664939100.0,$,46.0
2024,Tennessee,Revenue from Electric Sales - Residential Sector,5445099800.0,$,15.0
2024,Texas,Revenue from Electric Sales - Residential Sector,24652421800.0,$,2.0
2024,Utah,Revenue from Electric Sales - Residential Sector,1444460700.0,$,36.0
2024,Vermont,Revenue from Electric Sales - Residential Sector,488488100.0,$,49.0
2024,Virginia,Revenue from Electric Sales - Residential Sector,6524032600.0,$,10.0
2024,Washington,Revenue from Electric Sales - Residential Sector,4595906300.0,$,20.0
2024,West Virginia,Revenue from Electric Sales - Residential Sector,1609064200.0,$,35.0
2024,Wisconsin,Revenue from Electric Sales - Residential Sector,3783444700.0,$,22.0
2024,Wyoming,Revenue from Electric Sales - Residential Sector,370054300.0,$,51.0
2024,Alabama,Sales of Electricity - Residential Sector,32899071.0,MWh,17.0
2024,Alaska,Sales of Electricity - Residential Sector,2070594.0,MWh,51.0
2024,Arizona,Sales of Electricity - Residential Sector,40434931.0,MWh,12.0
2024,Arkansas,Sales of Electricity - Residential Sector,18580638.0,MWh,30.0
2024,California,Sales of Electricity - Residential Sector,85850538.0,MWh,3.0
2024,Colorado,Sales of Electricity - Residential Sector,20693690.0,MWh,26.0
2024,Connecticut,Sales of Electricity - Residential Sector,12941903.0,MWh,34.0
2024,Delaware,Sales of Electricity - Residential Sector,5174514.0,MWh,41.0
2024,District of Columbia,Sales of Electricity - Residential Sector,2445805.0,MWh,49.0
2024,Florida,Sales of Electricity - Residential Sector,138370720.0,MWh,2.0
2024,Georgia,Sales of Electricity - Residential Sector,62062953.0,MWh,4.0
2024,Hawaii,Sales of Electricity - Residential Sector,2651594.0,MWh,48.0
2024,Idaho,Sales of Electricity - Residential Sector,9832269.0,MWh,38.0
2024,Illinois,Sales of Electricity - Residential Sector,44850719.0,MWh,10.0
2024,Indiana,Sales of Electricity - Residential Sector,33048641.0,MWh,16.0
2024,Iowa,Sales of Electricity - Residential Sector,14468850.0,MWh,32.0
2024,Kansas,Sales of Electricity - Residential Sector,13839989.0,MWh,33.0
2024,Kentucky,Sales of Electricity - Residential Sector,26085709.0,MWh,22.0
2024,Louisiana,Sales of Electricity - Residential Sector,30974840.0,MWh,19.0
2024,Maine,Sales of Electricity - Residential Sector,4901492.0,MWh,44.0
2024,Maryland,Sales of Electricity - Residential Sector,27327356.0,MWh,21.0
2024,Massachusetts,Sales of Electricity - Residential Sector,19992635.0,MWh,27.0
2024,Michigan,Sales of Electricity - Residential Sector,33504932.0,MWh,15.0
2024,Minnesota,Sales of Electricity - Residential Sector,22062758.0,MWh,24.0
2024,Mississippi,Sales of Electricity - Residential Sector,18593201.0,MWh,29.0
2024,Missouri,Sales of Electricity - Residential Sector,35226895.0,MWh,14.0
2024,Montana,Sales of Electricity - Residential Sector,5700241.0,MWh,40.0
2024,Nebraska,Sales of Electricity - Residential Sector,10391014.0,MWh,37.0
2024,Nevada,Sales of Electricity - Residential Sector,14631493.0,MWh,31.0
2024,New Hampshire,Sales of Electricity - Residential Sector,4847443.0,MWh,45.0
2024,New Jersey,Sales of Electricity - Residential Sector,29692962.0,MWh,20.0
2024,New Mexico,Sales of Electricity - Residential Sector,7347620.0,MWh,39.0
2024,New York,Sales of Electricity - Residential Sector,50857373.0,MWh,8.0
2024,North Carolina,Sales of Electricity - Residential Sector,61744942.0,MWh,5.0
2024,North Dakota,Sales of Electricity - Residential Sector,4910755.0,MWh,43.0
2024,Ohio,Sales of Electricity - Residential Sector,52174356.0,MWh,7.0
2024,Oklahoma,Sales of Electricity - Residential Sector,24328279.0,MWh,23.0
2024,Oregon,Sales of Electricity - Residential Sector,19767745.0,MWh,28.0
2024,Pennsylvania,Sales of Electricity - Residential Sector,54272558.0,MWh,6.0
2024,Rhode Island,Sales of Electricity - Residential Sector,3111332.0,MWh,46.0
2024,South Carolina,Sales of Electricity - Residential Sector,32544816.0,MWh,18.0
2024,South Dakota,Sales of Electricity - Residential Sector,5170067.0,MWh,42.0
2024,Tennessee,Sales of Electricity - Residential Sector,43827503.0,MWh,11.0
2024,Texas,Sales of Electricity - Residential Sector,165051743.0,MWh,1.0
2024,Utah,Sales of Electricity - Residential Sector,11825248.0,MWh,35.0
2024,Vermont,Sales of Electricity - Residential Sector,2230155.0,MWh,50.0
2024,Virginia,Sales of Electricity - Residential Sector,45272825.0,MWh,9.0
2024,Washington,Sales of Electricity - Residential Sector,38626766.0,MWh,13.0
2024,West Virginia,Sales of Electricity - Residential Sector,10674503.0,MWh,36.0
2024,Wisconsin,Sales of Electricity - Residential Sector,22016559.0,MWh,25.0
2024,Wyoming,Sales of Electricity - Residential Sector,2968051.0,MWh,47.0
2024,Alabama,Number of Electric Customers - Residential Sector,2398172.0,customers,24.0
2024,Alaska,Number of Electric Customers - Residential Sector,298397.0,customers,50.0
2024,Arizona,Number of Electric Customers - Residential Sector,3134733.0,customers,15.0
2024,Arkansas,Number of Electric Customers - Residential Sector,1476944.0,customers,30.0
2024,California,Number of Electric Customers - Residential Sector,14217180.0,customers,1.0
2024,Colorado,Number of Electric Customers - Residential Sector,2557732.0,customers,22.0
2024,Connecticut,Number of Electric Customers - Residential Sector,1552746.0,customers,29.0
2024,Delaware,Number of Electric Customers - Residential Sector,473508.0,customers,43.0
2024,District of Columbia,Number of Electric Customers - Residential Sector,318780.0,customers,49.0
2024,Florida,Number of Electric Customers - Residential Sector,10443373.0,customers,3.0
2024,Georgia,Number of Electric Customers - Residential Sector,4815501.0,customers,9.0
2024,Hawaii,Number of Electric Customers - Residential Sector,446512.0,customers,45.0
2024,Idaho,Number of Electric Customers - Residential Sector,868141.0,customers,38.0
2024,Illinois,Number of Electric Customers - Residential Sector,5392477.0,customers,6.0
2024,Indiana,Number of Electric Customers - Residential Sector,3056216.0,customers,16.0
2024,Iowa,Number of Electric Customers - Residential Sector,1448818.0,customers,31.0
2024,Kansas,Number of Electric Customers - Residential Sector,1317095.0,customers,33.0
2024,Kentucky,Number of Electric Customers - Residential Sector,2077215.0,customers,26.0
2024,Louisiana,Number of Electric Customers - Residential Sector,2147745.0,customers,25.0
2024,Maine,Number of Electric Customers - Residential Sector,742549.0,customers,40.0
2024,Maryland,Number of Electric Customers - Residential Sector,2451753.0,customers,23.0
2024,Massachusetts,Number of Electric Customers - Residential Sector,2924535.0,customers,18.0
2024,Michigan,Number of Electric Customers - Residential Sector,4516367.0,customers,10.0
2024,Minnesota,Number of Electric Customers - Residential Sector,2581180.0,customers,21.0
2024,Mississippi,Number of Electric Customers - Residential Sector,1340459.0,customers,32.0
2024,Missouri,Number of Electric Customers - Residential Sector,2933914.0,customers,17.0
2024,Montana,Number of Electric Customers - Residential Sector,557432.0,customers,42.0
2024,Nebraska,Number of Electric Customers - Residential Sector,905415.0,customers,37.0
2024,Nevada,Number of Electric Customers - Residential Sector,1311755.0,customers,34.0
2024,New Hampshire,Number of Electric Customers - Residential Sector,652608.0,customers,41.0
2024,New Jersey,Number of Electric Customers - Residential Sector,3735638.0,customers,11.0
2024,New Mexico,Number of Electric Customers - Residential Sector,936098.0,customers,36.0
2024,New York,Number of Electric Customers - Residential Sector,7420214.0,customers,4.0
2024,North Carolina,Number of Electric Customers - Residential Sector,5067762.0,customers,8.0
2024,North Dakota,Number of Electric Customers - Residential Sector,397839.0,customers,47.0
2024,Ohio,Number of Electric Customers - Residential Sector,5142108.0,customers,7.0
2024,Oklahoma,Number of Electric Customers - Residential Sector,1878818.0,customers,27.0
2024,Oregon,Number of Electric Customers - Residential Sector,1868012.0,customers,28.0
2024,Pennsylvania,Number of Electric Customers - Residential Sector,5534580.0,customers,5.0
2024,Rhode Island,Number of Electric Customers - Residential Sector,457383.0,customers,44.0
2024,South Carolina,Number of Electric Customers - Residential Sector,2581882.0,customers,20.0
2024,South Dakota,Number of Electric Customers - Residential Sector,433548.0,customers,46.0
2024,Tennessee,Number of Electric Customers - Residential Sector,3166103.0,customers,14.0
2024,Texas,Number of Electric Customers - Residential Sector,12547863.0,customers,2.0
2024,Utah,Number of Electric Customers - Residential Sector,1272861.0,customers,35.0
2024,Vermont,Number of Electric Customers - Residential Sector,323960.0,customers,48.0
2024,Virginia,Number of Electric Customers - Residential Sector,3654481.0,customers,12.0
2024,Washington,Number of Electric Customers - Residential Sector,3368978.0,customers,13.0
2024,West Virginia,Number of Electric Customers - Residential Sector,866456.0,customers,39.0
2024,Wisconsin,Number of Electric Customers - Residential Sector,2843874.0,customers,19.0
2024,Wyoming,Number of Electric Customers - Residential Sector,286475.0,customers,51.0
2024,Alabama,Revenue from Electric Sales - Commercial Sector,3118220200.0,$,18.0
2024,Alaska,Revenue from Electric Sales - Commercial Sector,561565800.0,$,47.0
2024,Arizona,Revenue from Electric Sales - Commercial Sector,4415074500.0,$,13.0
2024,Arkansas,Revenue from Electric Sales - Commercial Sector,1206779500.0,$,36.0
2024,California,Revenue from Electric Sales - Commercial Sector,29399924800.0,$,1.0
2024,Colorado,Revenue from Electric Sales - Commercial Sector,2479641200.0,$,25.0
2024,Connecticut,Revenue from Electric Sales - Commercial Sector,2473628200.0,$,26.0
2024,Delaware,Revenue from Electric Sales - Commercial Sector,522352100.00000006,$,49.0
2024,District of Columbia,Revenue from Electric Sales - Commercial Sector,1227670200.0,$,35.0
2024,Florida,Revenue from Electric Sales - Commercial Sector,10903072900.0,$,4.0
2024,Georgia,Revenue from Electric Sales - Commercial Sector,5994967300.0,$,6.0
2024,Hawaii,Revenue from Electric Sales - Commercial Sector,1080617200.0000002,$,38.0
2024,Idaho,Revenue from Electric Sales - Commercial Sector,638525400.0,$,45.0
2024,Illinois,Revenue from Electric Sales - Commercial Sector,5344924400.0,$,9.0
2024,Indiana,Revenue from Electric Sales - Commercial Sector,2944083800.0,$,20.0
2024,Iowa,Revenue from Electric Sales - Commercial Sector,1309887100.0,$,34.0
2024,Kansas,Revenue from Electric Sales - Commercial Sector,1767253700.0,$,30.0
2024,Kentucky,Revenue from Electric Sales - Commercial Sector,2335162400.0,$,28.0
2024,Louisiana,Revenue from Electric Sales - Commercial Sector,2473115800.0,$,27.0
2024,Maine,Revenue from Electric Sales - Commercial Sector,750189300.0,$,44.0
2024,Maryland,Revenue from Electric Sales - Commercial Sector,3600554300.0,$,16.0
2024,Massachusetts,Revenue from Electric Sales - Commercial Sector,4908121900.0,$,12.0
2024,Michigan,Revenue from Electric Sales - Commercial Sector,5209955800.000001,$,11.0
2024,Minnesota,Revenue from Electric Sales - Commercial Sector,2729307500.0,$,23.0
2024,Mississippi,Revenue from Electric Sales - Commercial Sector,1746176400.0,$,31.0
2024,Missouri,Revenue from Electric Sales - Commercial Sector,3034338800.0,$,19.0
2024,Montana,Revenue from Electric Sales - Commercial Sector,597479300.0,$,46.0
2024,Nebraska,Revenue from Electric Sales - Commercial Sector,1081450500.0,$,37.0
2024,Nevada,Revenue from Electric Sales - Commercial Sector,1453207400.0,$,32.0
2024,New Hampshire,Revenue from Electric Sales - Commercial Sector,796348500.0,$,42.0
2024,New Jersey,Revenue from Electric Sales - Commercial Sector,5431274700.0,$,7.0
2024,New Mexico,Revenue from Electric Sales - Commercial Sector,1011137000.0,$,39.0
2024,New York,Revenue from Electric Sales - Commercial Sector,13337111500.0,$,3.0
2024,North Carolina,Revenue from Electric Sales - Commercial Sector,5229699100.0,$,10.0
2024,North Dakota,Revenue from Electric Sales - Commercial Sector,812797000.0,$,41.0
2024,Ohio,Revenue from Electric Sales - Commercial Sector,5418172800.0,$,8.0
2024,Oklahoma,Revenue from Electric Sales - Commercial Sector,2267616400.0,$,29.0
2024,Oregon,Revenue from Electric Sales - Commercial Sector,2494169300.0000005,$,24.0
2024,Pennsylvania,Revenue from Electric Sales - Commercial Sector,4252003300.0,$,15.0
2024,Rhode Island,Revenue from Electric Sales - Commercial Sector,773339700.0,$,43.0
2024,South Carolina,Revenue from Electric Sales - Commercial Sector,2797768400.0,$,22.0
2024,South Dakota,Revenue from Electric Sales - Commercial Sector,539258400.0,$,48.0
2024,Tennessee,Revenue from Electric Sales - Commercial Sector,4338477400.0,$,14.0
2024,Texas,Revenue from Electric Sales - Commercial Sector,14046065600.0,$,2.0
2024,Utah,Revenue from Electric Sales - Commercial Sector,1326483500.0,$,33.0
2024,Vermont,Revenue from Electric Sales - Commercial Sector,368759000.0,$,51.0
2024,Virginia,Revenue from Electric Sales - Commercial Sector,6865113600.000001,$,5.0
2024,Washington,Revenue from Electric Sales - Commercial Sector,3307355400.0,$,17.0
2024,West Virginia,Revenue from Electric Sales - Commercial Sector,890696700.0000001,$,40.0
2024,Wisconsin,Revenue from Electric Sales - Commercial Sector,2943282300.0,$,21.0
2024,Wyoming,Revenue from Electric Sales - Commercial Sector,489048399.99999994,$,50.0
2024,Alabama,Sales of Electricity - Commercial Sector,22861620.0,MWh,25.0
2024,Alaska,Sales of Electricity - Commercial Sector,2603674.0,MWh,50.0
2024,Arizona,Sales of Electricity - Commercial Sector,36100156.0,MWh,13.0
2024,Arkansas,Sales of Electricity - Commercial Sector,11789053.0,MWh,35.0
2024,California,Sales of Electricity - Commercial Sector,115125595.0,MWh,2.0
2024,Colorado,Sales of Electricity - Commercial Sector,21171639.0,MWh,27.0
2024,Connecticut,Sales of Electricity - Commercial Sector,11662707.0,MWh,36.0
2024,Delaware,Sales of Electricity - Commercial Sector,4282220.0,MWh,45.0
2024,District of Columbia,Sales of Electricity - Commercial Sector,7193294.0,MWh,40.0
2024,Florida,Sales of Electricity - Commercial Sector,99197472.0,MWh,3.0
2024,Georgia,Sales of Electricity - Commercial Sector,55172683.0,MWh,6.0
2024,Hawaii,Sales of Electricity - Commercial Sector,2830166.0,MWh,49.0
2024,Idaho,Sales of Electricity - Commercial Sector,6963670.0,MWh,41.0
2024,Illinois,Sales of Electricity - Commercial Sector,45240214.0,MWh,9.0
2024,Indiana,Sales of Electricity - Commercial Sector,23663900.0,MWh,21.0
2024,Iowa,Sales of Electricity - Commercial Sector,12814989.0,MWh,34.0
2024,Kansas,Sales of Electricity - Commercial Sector,15790720.0,MWh,29.0
2024,Kentucky,Sales of Electricity - Commercial Sector,20314415.0,MWh,28.0
2024,Louisiana,Sales of Electricity - Commercial Sector,23651891.0,MWh,22.0
2024,Maine,Sales of Electricity - Commercial Sector,4117961.0,MWh,46.0
2024,Maryland,Sales of Electricity - Commercial Sector,27773337.0,MWh,17.0
2024,Massachusetts,Sales of Electricity - Commercial Sector,23489390.0,MWh,23.0
2024,Michigan,Sales of Electricity - Commercial Sector,37190845.0,MWh,11.0
2024,Minnesota,Sales of Electricity - Commercial Sector,22468437.0,MWh,26.0
2024,Mississippi,Sales of Electricity - Commercial Sector,14172165.0,MWh,31.0
2024,Missouri,Sales of Electricity - Commercial Sector,29569769.0,MWh,16.0
2024,Montana,Sales of Electricity - Commercial Sector,5034278.0,MWh,44.0
2024,Nebraska,Sales of Electricity - Commercial Sector,12885125.0,MWh,33.0
2024,Nevada,Sales of Electricity - Commercial Sector,14259288.0,MWh,30.0
2024,New Hampshire,Sales of Electricity - Commercial Sector,4105167.0,MWh,47.0
2024,New Jersey,Sales of Electricity - Commercial Sector,37086504.0,MWh,12.0
2024,New Mexico,Sales of Electricity - Commercial Sector,9592789.0,MWh,38.0
2024,New York,Sales of Electricity - Commercial Sector,71053178.0,MWh,5.0
2024,North Carolina,Sales of Electricity - Commercial Sector,49524269.0,MWh,8.0
2024,North Dakota,Sales of Electricity - Commercial Sector,11309334.0,MWh,37.0
2024,Ohio,Sales of Electricity - Commercial Sector,50813610.0,MWh,7.0
2024,Oklahoma,Sales of Electricity - Commercial Sector,25412391.0,MWh,19.0
2024,Oregon,Sales of Electricity - Commercial Sector,24662444.0,MWh,20.0
2024,Pennsylvania,Sales of Electricity - Commercial Sector,38548336.0,MWh,10.0
2024,Rhode Island,Sales of Electricity - Commercial Sector,3666320.0,MWh,48.0
2024,South Carolina,Sales of Electricity - Commercial Sector,26306224.0,MWh,18.0
2024,South Dakota,Sales of Electricity - Commercial Sector,5111478.0,MWh,43.0
2024,Tennessee,Sales of Electricity - Commercial Sector,35996043.0,MWh,14.0
2024,Texas,Sales of Electricity - Commercial Sector,164232987.0,MWh,1.0
2024,Utah,Sales of Electricity - Commercial Sector,14128942.0,MWh,32.0
2024,Vermont,Sales of Electricity - Commercial Sector,1952123.0,MWh,51.0
2024,Virginia,Sales of Electricity - Commercial Sector,78710662.0,MWh,4.0
2024,Washington,Sales of Electricity - Commercial Sector,33101746.0,MWh,15.0
2024,West Virginia,Sales of Electricity - Commercial Sector,7665085.0,MWh,39.0
2024,Wisconsin,Sales of Electricity - Commercial Sector,23296259.0,MWh,24.0
2024,Wyoming,Sales of Electricity - Commercial Sector,5274652.0,MWh,42.0
2024,Alabama,Number of Electric Customers - Commercial Sector,389925.0,customers,19.0
2024,Alaska,Number of Electric Customers - Commercial Sector,57009.0,customers,50.0
2024,Arizona,Number of Electric Customers - Commercial Sector,348423.0,customers,22.0
2024,Arkansas,Number of Electric Customers - Commercial Sector,207035.0,customers,32.0
2024,California,Number of Electric Customers - Commercial Sector,1777305.0,customers,1.0
2024,Colorado,Number of Electric Customers - Commercial Sector,405693.0,customers,16.0
2024,Connecticut,Number of Electric Customers - Commercial Sector,156818.0,customers,35.0
2024,Delaware,Number of Electric Customers - Commercial Sector,60653.0,customers,47.0
2024,District of Columbia,Number of Electric Customers - Commercial Sector,27521.0,customers,51.0
2024,Florida,Number of Electric Customers - Commercial Sector,1309027.0,customers,3.0
2024,Georgia,Number of Electric Customers - Commercial Sector,619171.0,customers,9.0
2024,Hawaii,Number of Electric Customers - Commercial Sector,59655.0,customers,48.0
2024,Idaho,Number of Electric Customers - Commercial Sector,123982.0,customers,39.0
2024,Illinois,Number of Electric Customers - Commercial Sector,638510.0,customers,7.0
2024,Indiana,Number of Electric Customers - Commercial Sector,374858.0,customers,20.0
2024,Iowa,Number of Electric Customers - Commercial Sector,251716.0,customers,28.0
2024,Kansas,Number of Electric Customers - Commercial Sector,245169.0,customers,31.0
2024,Kentucky,Number of Electric Customers - Commercial Sector,327448.0,customers,23.0
2024,Louisiana,Number of Electric Customers - Commercial Sector,301288.0,customers,25.0
2024,Maine,Number of Electric Customers - Commercial Sector,111084.0,customers,42.0
2024,Maryland,Number of Electric Customers - Commercial Sector,261469.0,customers,27.0
2024,Massachusetts,Number of Electric Customers - Commercial Sector,438014.0,customers,14.0
2024,Michigan,Number of Electric Customers - Commercial Sector,564574.0,customers,10.0
2024,Minnesota,Number of Electric Customers - Commercial Sector,308460.0,customers,24.0
2024,Mississippi,Number of Electric Customers - Commercial Sector,246813.0,customers,30.0
2024,Missouri,Number of Electric Customers - Commercial Sector,403957.0,customers,18.0
2024,Montana,Number of Electric Customers - Commercial Sector,123483.0,customers,40.0
2024,Nebraska,Number of Electric Customers - Commercial Sector,161501.0,customers,34.0
2024,Nevada,Number of Electric Customers - Commercial Sector,177740.0,customers,33.0
2024,New Hampshire,Number of Electric Customers - Commercial Sector,112277.0,customers,41.0
2024,New Jersey,Number of Electric Customers - Commercial Sector,540221.0,customers,12.0
2024,New Mexico,Number of Electric Customers - Commercial Sector,148104.0,customers,37.0
2024,New York,Number of Electric Customers - Commercial Sector,1163769.0,customers,4.0
2024,North Carolina,Number of Electric Customers - Commercial Sector,751027.0,customers,5.0
2024,North Dakota,Number of Electric Customers - Commercial Sector,77191.0,customers,44.0
2024,Ohio,Number of Electric Customers - Commercial Sector,627393.0,customers,8.0
2024,Oklahoma,Number of Electric Customers - Commercial Sector,298476.0,customers,26.0
2024,Oregon,Number of Electric Customers - Commercial Sector,247412.0,customers,29.0
2024,Pennsylvania,Number of Electric Customers - Commercial Sector,740697.0,customers,6.0
2024,Rhode Island,Number of Electric Customers - Commercial Sector,62629.0,customers,46.0
2024,South Carolina,Number of Electric Customers - Commercial Sector,413387.0,customers,15.0
2024,South Dakota,Number of Electric Customers - Commercial Sector,78291.0,customers,43.0
2024,Tennessee,Number of Electric Customers - Commercial Sector,542965.0,customers,11.0
2024,Texas,Number of Electric Customers - Commercial Sector,1557087.0,customers,2.0
2024,Utah,Number of Electric Customers - Commercial Sector,145854.0,customers,38.0
2024,Vermont,Number of Electric Customers - Commercial Sector,64308.0,customers,45.0
2024,Virginia,Number of Electric Customers - Commercial Sector,445756.0,customers,13.0
2024,Washington,Number of Electric Customers - Commercial Sector,405313.0,customers,17.0
2024,West Virginia,Number of Electric Customers - Commercial Sector,152012.0,customers,36.0
2024,Wisconsin,Number of Electric Customers - Commercial Sector,369433.0,customers,21.0
2024,Wyoming,Number of Electric Customers - Commercial Sector,58983.0,customers,49.0
2024,Alabama,Revenue from Electric Sales - Industrial Sector,2303895100.0,$,9.0
2024,Alaska,Revenue from Electric Sales - Industrial Sector,264999199.99999994,$,47.0
2024,Arizona,Revenue from Electric Sales - Industrial Sector,1129681100.0,$,28.0
2024,Arkansas,Revenue from Electric Sales - Industrial Sector,1290759000.0,$,21.0
2024,California,Revenue from Electric Sales - Industrial Sector,9477808200.0,$,2.0
2024,Colorado,Revenue from Electric Sales - Industrial Sector,1283984300.0,$,22.0
2024,Connecticut,Revenue from Electric Sales - Industrial Sector,437595100.0,$,41.0
2024,Delaware,Revenue from Electric Sales - Industrial Sector,162760900.0,$,48.0
2024,District of Columbia,Revenue from Electric Sales - Industrial Sector,20254900.000000004,$,51.0
2024,Florida,Revenue from Electric Sales - Industrial Sector,1483602600.0,$,17.0
2024,Georgia,Revenue from Electric Sales - Industrial Sector,2352084300.0000005,$,7.0
2024,Hawaii,Revenue from Electric Sales - Industrial Sector,1184407400.0,$,26.0
2024,Idaho,Revenue from Electric Sales - Industrial Sector,736518100.0000001,$,37.0
2024,Illinois,Revenue from Electric Sales - Industrial Sector,3767818100.0,$,4.0
2024,Indiana,Revenue from Electric Sales - Industrial Sector,3461231400.0,$,6.0
2024,Iowa,Revenue from Electric Sales - Industrial Sector,1881132400.0,$,13.0
2024,Kansas,Revenue from Electric Sales - Industrial Sector,898942200.0,$,35.0
2024,Kentucky,Revenue from Electric Sales - Industrial Sector,1819859900.0,$,15.0
2024,Louisiana,Revenue from Electric Sales - Industrial Sector,2286239900.0,$,10.0
2024,Maine,Revenue from Electric Sales - Industrial Sector,289437800.0,$,45.0
2024,Maryland,Revenue from Electric Sales - Industrial Sector,350492500.0,$,43.0
2024,Massachusetts,Revenue from Electric Sales - Industrial Sector,1026914100.0,$,30.0
2024,Michigan,Revenue from Electric Sales - Industrial Sector,2336235900.0,$,8.0
2024,Minnesota,Revenue from Electric Sales - Industrial Sector,1831203800.0,$,14.0
2024,Mississippi,Revenue from Electric Sales - Industrial Sector,1084653200.0,$,29.0
2024,Missouri,Revenue from Electric Sales - Industrial Sector,1019597700.0,$,31.0
2024,Montana,Revenue from Electric Sales - Industrial Sector,366589300.0,$,42.0
2024,Nebraska,Revenue from Electric Sales - Industrial Sector,912995200.0,$,34.0
2024,Nevada,Revenue from Electric Sales - Industrial Sector,1016116700.0000001,$,32.0
2024,New Hampshire,Revenue from Electric Sales - Industrial Sector,317951800.0,$,44.0
2024,New Jersey,Revenue from Electric Sales - Industrial Sector,757877600.0,$,36.0
2024,New Mexico,Revenue from Electric Sales - Industrial Sector,725316200.0000001,$,38.0
2024,New York,Revenue from Electric Sales - Industrial Sector,1450058200.0000002,$,18.0
2024,North Carolina,Revenue from Electric Sales - Industrial Sector,1990135400.0000002,$,11.0
2024,North Dakota,Revenue from Electric Sales - Industrial Sector,981887800.0,$,33.0
2024,Ohio,Revenue from Electric Sales - Industrial Sector,3596997200.0,$,5.0
2024,Oklahoma,Revenue from Electric Sales - Industrial Sector,1305144700.0,$,20.0
2024,Oregon,Revenue from Electric Sales - Industrial Sector,1226001300.0,$,24.0
2024,Pennsylvania,Revenue from Electric Sales - Industrial Sector,3840646200.0,$,3.0
2024,Rhode Island,Revenue from Electric Sales - Industrial Sector,121070800.00000001,$,50.0
2024,South Carolina,Revenue from Electric Sales - Industrial Sector,1718300200.0,$,16.0
2024,South Dakota,Revenue from Electric Sales - Industrial Sector,277781600.0,$,46.0
2024,Tennessee,Revenue from Electric Sales - Industrial Sector,1436731700.0,$,19.0
2024,Texas,Revenue from Electric Sales - Industrial Sector,10782107500.0,$,1.0
2024,Utah,Revenue from Electric Sales - Industrial Sector,681891100.0,$,40.0
2024,Vermont,Revenue from Electric Sales - Industrial Sector,147815100.0,$,49.0
2024,Virginia,Revenue from Electric Sales - Industrial Sector,1238977300.0,$,23.0
2024,Washington,Revenue from Electric Sales - Industrial Sector,1200154600.0,$,25.0
2024,West Virginia,Revenue from Electric Sales - Industrial Sector,1144145700.0,$,27.0
2024,Wisconsin,Revenue from Electric Sales - Industrial Sector,1961925000.0,$,12.0
2024,Wyoming,Revenue from Electric Sales - Industrial Sector,714083200.0000001,$,39.0
2024,Alabama,Sales of Electricity - Industrial Sector,31762241.0,MWh,9.0
2024,Alaska,Sales of Electricity - Industrial Sector,1372235.0,MWh,48.0
2024,Arizona,Sales of Electricity - Industrial Sector,14297880.0,MWh,27.0
2024,Arkansas,Sales of Electricity - Industrial Sector,19525858.0,MWh,19.0
2024,California,Sales of Electricity - Industrial Sector,44025912.0,MWh,4.0
2024,Colorado,Sales of Electricity - Industrial Sector,14891887.0,MWh,25.0
2024,Connecticut,Sales of Electricity - Industrial Sector,2555605.0,MWh,44.0
2024,Delaware,Sales of Electricity - Industrial Sector,1917182.0,MWh,47.0
2024,District of Columbia,Sales of Electricity - Industrial Sector,187468.0,MWh,51.0
2024,Florida,Sales of Electricity - Industrial Sector,17457348.0,MWh,21.0
2024,Georgia,Sales of Electricity - Industrial Sector,32616660.0,MWh,8.0
2024,Hawaii,Sales of Electricity - Industrial Sector,3470374.0,MWh,42.0
2024,Idaho,Sales of Electricity - Industrial Sector,9573616.0,MWh,35.0
2024,Illinois,Sales of Electricity - Industrial Sector,42693932.0,MWh,5.0
2024,Indiana,Sales of Electricity - Industrial Sector,42489190.0,MWh,6.0
2024,Iowa,Sales of Electricity - Industrial Sector,27646583.0,MWh,12.0
2024,Kansas,Sales of Electricity - Industrial Sector,11627501.0,MWh,34.0
2024,Kentucky,Sales of Electricity - Industrial Sector,28005747.0,MWh,11.0
2024,Louisiana,Sales of Electricity - Industrial Sector,40720072.0,MWh,7.0
2024,Maine,Sales of Electricity - Industrial Sector,2322138.0,MWh,45.0
2024,Maryland,Sales of Electricity - Industrial Sector,3502025.0,MWh,41.0
2024,Massachusetts,Sales of Electricity - Industrial Sector,5645295.0,MWh,39.0
2024,Michigan,Sales of Electricity - Industrial Sector,28289760.0,MWh,10.0
2024,Minnesota,Sales of Electricity - Industrial Sector,20015581.0,MWh,18.0
2024,Mississippi,Sales of Electricity - Industrial Sector,15919246.0,MWh,22.0
2024,Missouri,Sales of Electricity - Industrial Sector,12953946.0,MWh,31.0
2024,Montana,Sales of Electricity - Industrial Sector,4832494.0,MWh,40.0
2024,Nebraska,Sales of Electricity - Industrial Sector,11914906.0,MWh,32.0
2024,Nevada,Sales of Electricity - Industrial Sector,11766220.0,MWh,33.0
2024,New Hampshire,Sales of Electricity - Industrial Sector,1961351.0,MWh,46.0
2024,New Jersey,Sales of Electricity - Industrial Sector,6351180.0,MWh,38.0
2024,New Mexico,Sales of Electricity - Industrial Sector,13355945.0,MWh,30.0
2024,New York,Sales of Electricity - Industrial Sector,15804738.0,MWh,23.0
2024,North Carolina,Sales of Electricity - Industrial Sector,25622927.0,MWh,13.0
2024,North Dakota,Sales of Electricity - Industrial Sector,13549609.0,MWh,29.0
2024,Ohio,Sales of Electricity - Industrial Sector,50687764.0,MWh,2.0
2024,Oklahoma,Sales of Electricity - Industrial Sector,22343103.0,MWh,17.0
2024,Oregon,Sales of Electricity - Industrial Sector,15228350.0,MWh,24.0
2024,Pennsylvania,Sales of Electricity - Industrial Sector,48830820.0,MWh,3.0
2024,Rhode Island,Sales of Electricity - Industrial Sector,614681.0,MWh,50.0
2024,South Carolina,Sales of Electricity - Industrial Sector,25110388.0,MWh,14.0
2024,South Dakota,Sales of Electricity - Industrial Sector,3355659.0,MWh,43.0
2024,Tennessee,Sales of Electricity - Industrial Sector,23138889.0,MWh,15.0
2024,Texas,Sales of Electricity - Industrial Sector,176135056.0,MWh,1.0
2024,Utah,Sales of Electricity - Industrial Sector,8680830.0,MWh,37.0
2024,Vermont,Sales of Electricity - Industrial Sector,1276669.0,MWh,49.0
2024,Virginia,Sales of Electricity - Industrial Sector,13775530.0,MWh,28.0
2024,Washington,Sales of Electricity - Industrial Sector,18159320.0,MWh,20.0
2024,West Virginia,Sales of Electricity - Industrial Sector,14650982.0,MWh,26.0
2024,Wisconsin,Sales of Electricity - Industrial Sector,22977299.0,MWh,16.0
2024,Wyoming,Sales of Electricity - Industrial Sector,8974198.0,MWh,36.0
2024,Alabama,Number of Electric Customers - Industrial Sector,7246.0,customers,33.0
2024,Alaska,Number of Electric Customers - Industrial Sector,1191.0,customers,46.0
2024,Arizona,Number of Electric Customers - Industrial Sector,7555.0,customers,32.0
2024,Arkansas,Number of Electric Customers - Industrial Sector,36772.0,customers,4.0
2024,California,Number of Electric Customers - Industrial Sector,146327.0,customers,2.0
2024,Colorado,Number of Electric Customers - Industrial Sector,14750.0,customers,16.0
2024,Connecticut,Number of Electric Customers - Industrial Sector,3864.0,customers,40.0
2024,Delaware,Number of Electric Customers - Industrial Sector,1169.0,customers,47.0
2024,District of Columbia,Number of Electric Customers - Industrial Sector,1.0,customers,51.0
2024,Florida,Number of Electric Customers - Industrial Sector,26610.0,customers,7.0
2024,Georgia,Number of Electric Customers - Industrial Sector,24336.0,customers,9.0
2024,Hawaii,Number of Electric Customers - Industrial Sector,821.0,customers,49.0
2024,Idaho,Number of Electric Customers - Industrial Sector,29658.0,customers,5.0
2024,Illinois,Number of Electric Customers - Industrial Sector,5686.0,customers,36.0
2024,Indiana,Number of Electric Customers - Industrial Sector,19345.0,customers,12.0
2024,Iowa,Number of Electric Customers - Industrial Sector,9477.0,customers,26.0
2024,Kansas,Number of Electric Customers - Industrial Sector,23963.0,customers,10.0
2024,Kentucky,Number of Electric Customers - Industrial Sector,4846.0,customers,37.0
2024,Louisiana,Number of Electric Customers - Industrial Sector,18203.0,customers,14.0
2024,Maine,Number of Electric Customers - Industrial Sector,1925.0,customers,44.0
2024,Maryland,Number of Electric Customers - Industrial Sector,9286.0,customers,29.0
2024,Massachusetts,Number of Electric Customers - Industrial Sector,10353.0,customers,25.0
2024,Michigan,Number of Electric Customers - Industrial Sector,5762.0,customers,34.0
2024,Minnesota,Number of Electric Customers - Industrial Sector,9410.0,customers,28.0
2024,Mississippi,Number of Electric Customers - Industrial Sector,12415.0,customers,18.0
2024,Missouri,Number of Electric Customers - Industrial Sector,9443.0,customers,27.0
2024,Montana,Number of Electric Customers - Industrial Sector,11624.0,customers,20.0
2024,Nebraska,Number of Electric Customers - Industrial Sector,64672.0,customers,3.0
2024,Nevada,Number of Electric Customers - Industrial Sector,4786.0,customers,38.0
2024,New Hampshire,Number of Electric Customers - Industrial Sector,3116.0,customers,43.0
2024,New Jersey,Number of Electric Customers - Industrial Sector,11251.0,customers,21.0
2024,New Mexico,Number of Electric Customers - Industrial Sector,9256.0,customers,30.0
2024,New York,Number of Electric Customers - Industrial Sector,16605.0,customers,15.0
2024,North Carolina,Number of Electric Customers - Industrial Sector,8930.0,customers,31.0
2024,North Dakota,Number of Electric Customers - Industrial Sector,10864.0,customers,23.0
2024,Ohio,Number of Electric Customers - Industrial Sector,18237.0,customers,13.0
2024,Oklahoma,Number of Electric Customers - Industrial Sector,20002.0,customers,11.0
2024,Oregon,Number of Electric Customers - Industrial Sector,26616.0,customers,6.0
2024,Pennsylvania,Number of Electric Customers - Industrial Sector,12961.0,customers,17.0
2024,Rhode Island,Number of Electric Customers - Industrial Sector,1649.0,customers,45.0
2024,South Carolina,Number of Electric Customers - Industrial Sector,3604.0,customers,42.0
2024,South Dakota,Number of Electric Customers - Industrial Sector,4317.0,customers,39.0
2024,Tennessee,Number of Electric Customers - Industrial Sector,1006.0,customers,48.0
2024,Texas,Number of Electric Customers - Industrial Sector,376098.0,customers,1.0
2024,Utah,Number of Electric Customers - Industrial Sector,10805.0,customers,24.0
2024,Vermont,Number of Electric Customers - Industrial Sector,243.0,customers,50.0
2024,Virginia,Number of Electric Customers - Industrial Sector,3794.0,customers,41.0
2024,Washington,Number of Electric Customers - Industrial Sector,26385.0,customers,8.0
2024,West Virginia,Number of Electric Customers - Industrial Sector,11005.0,customers,22.0
2024,Wisconsin,Number of Electric Customers - Industrial Sector,5739.0,customers,35.0
2024,Wyoming,Number of Electric Customers - Industrial Sector,11995.0,customers,19.0
2024,Alabama,Revenue from Electric Sales - Transportation Sector,0.0,$,51.0
2024,Alaska,Revenue from Electric Sales - Transportation Sector,0.0,$,51.0
2024,Arizona,Revenue from Electric Sales - Transportation Sector,1130100.0,$,24.0
2024,Arkansas,Revenue from Electric Sales - Transportation Sector,34800.0,$,29.0
2024,California,Revenue from Electric Sales - Transportation Sector,120098200.0,$,2.0
2024,Colorado,Revenue from Electric Sales - Transportation Sector,8279600.0,$,13.0
2024,Connecticut,Revenue from Electric Sales - Transportation Sector,33961700.0,$,7.0
2024,Delaware,Revenue from Electric Sales - Transportation Sector,0.0,$,51.0
2024,District of Columbia,Revenue from Electric Sales - Transportation Sector,30559500.0,$,8.0
2024,Florida,Revenue from Electric Sales - Transportation Sector,7597900.0,$,14.0
2024,Georgia,Revenue from Electric Sales - Transportation Sector,11591400.0,$,11.0
2024,Hawaii,Revenue from Electric Sales - Transportation Sector,0.0,$,51.0
2024,Idaho,Revenue from Electric Sales - Transportation Sector,0.0,$,51.0
2024,Illinois,Revenue from Electric Sales - Transportation Sector,34313900.0,$,6.0
2024,Indiana,Revenue from Electric Sales - Transportation Sector,2200900.0,$,20.0
2024,Iowa,Revenue from Electric Sales - Transportation Sector,0.0,$,51.0
2024,Kansas,Revenue from Electric Sales - Transportation Sector,0.0,$,51.0
2024,Kentucky,Revenue from Electric Sales - Transportation Sector,0.0,$,51.0
2024,Louisiana,Revenue from Electric Sales - Transportation Sector,1157000.0,$,23.0
2024,Maine,Revenue from Electric Sales - Transportation Sector,0.0,$,51.0
2024,Maryland,Revenue from Electric Sales - Transportation Sector,48023900.0,$,4.0
2024,Massachusetts,Revenue from Electric Sales - Transportation Sector,26839700.0,$,9.0
2024,Michigan,Revenue from Electric Sales - Transportation Sector,771900.0,$,26.0
2024,Minnesota,Revenue from Electric Sales - Transportation Sector,1948500.0,$,21.0
2024,Mississippi,Revenue from Electric Sales - Transportation Sector,0.0,$,51.0
2024,Missouri,Revenue from Electric Sales - Transportation Sector,2527899.9999999995,$,18.0
2024,Montana,Revenue from Electric Sales - Transportation Sector,0.0,$,51.0
2024,Nebraska,Revenue from Electric Sales - Transportation Sector,0.0,$,51.0
2024,Nevada,Revenue from Electric Sales - Transportation Sector,814000.0,$,25.0
2024,New Hampshire,Revenue from Electric Sales - Transportation Sector,0.0,$,51.0
2024,New Jersey,Revenue from Electric Sales - Transportation Sector,44527100.00000001,$,5.0
2024,New Mexico,Revenue from Electric Sales - Transportation Sector,0.0,$,51.0
2024,New York,Revenue from Electric Sales - Transportation Sector,409084000.0,$,1.0
2024,North Carolina,Revenue from Electric Sales - Transportation Sector,1273500.0,$,22.0
2024,North Dakota,Revenue from Electric Sales - Transportation Sector,0.0,$,51.0
2024,Ohio,Revenue from Electric Sales - Transportation Sector,2315000.0,$,19.0
2024,Oklahoma,Revenue from Electric Sales - Transportation Sector,0.0,$,51.0
2024,Oregon,Revenue from Electric Sales - Transportation Sector,2779000.0,$,17.0
2024,Pennsylvania,Revenue from Electric Sales - Transportation Sector,49267700.0,$,3.0
2024,Rhode Island,Revenue from Electric Sales - Transportation Sector,4718700.0,$,16.0
2024,South Carolina,Revenue from Electric Sales - Transportation Sector,0.0,$,51.0
2024,South Dakota,Revenue from Electric Sales - Transportation Sector,0.0,$,51.0
2024,Tennessee,Revenue from Electric Sales - Transportation Sector,0.0,$,51.0
2024,Texas,Revenue from Electric Sales - Transportation Sector,501700.0,$,27.0
2024,Utah,Revenue from Electric Sales - Transportation Sector,6404800.0,$,15.0
2024,Vermont,Revenue from Electric Sales - Transportation Sector,0.0,$,51.0
2024,Virginia,Revenue from Electric Sales - Transportation Sector,26443300.0,$,10.0
2024,Washington,Revenue from Electric Sales - Transportation Sector,10922400.000000002,$,12.0
2024,West Virginia,Revenue from Electric Sales - Transportation Sector,0.0,$,51.0
2024,Wisconsin,Revenue from Electric Sales - Transportation Sector,239900.0,$,28.0
2024,Wyoming,Revenue from Electric Sales - Transportation Sector,0.0,$,51.0
2024,Alabama,Sales of Electricity - Transportation Sector,0.0,MWh,51.0
2024,Alaska,Sales of Electricity - Transportation Sector,0.0,MWh,51.0
2024,Arizona,Sales of Electricity - Transportation Sector,10321.0,MWh,24.0
2024,Arkansas,Sales of Electricity - Transportation Sector,263.0,MWh,29.0
2024,California,Sales of Electricity - Transportation Sector,715100.0,MWh,2.0
2024,Colorado,Sales of Electricity - Transportation Sector,85688.0,MWh,13.0
2024,Connecticut,Sales of Electricity - Transportation Sector,191140.0,MWh,10.0
2024,Delaware,Sales of Electricity - Transportation Sector,0.0,MWh,51.0
2024,District of Columbia,Sales of Electricity - Transportation Sector,316348.0,MWh,7.0
2024,Florida,Sales of Electricity - Transportation Sector,69918.0,MWh,14.0
2024,Georgia,Sales of Electricity - Transportation Sector,151669.0,MWh,11.0
2024,Hawaii,Sales of Electricity - Transportation Sector,0.0,MWh,51.0
2024,Idaho,Sales of Electricity - Transportation Sector,0.0,MWh,51.0
2024,Illinois,Sales of Electricity - Transportation Sector,442042.0,MWh,4.0
2024,Indiana,Sales of Electricity - Transportation Sector,17876.0,MWh,20.0
2024,Iowa,Sales of Electricity - Transportation Sector,0.0,MWh,51.0
2024,Kansas,Sales of Electricity - Transportation Sector,0.0,MWh,51.0
2024,Kentucky,Sales of Electricity - Transportation Sector,0.0,MWh,51.0
2024,Louisiana,Sales of Electricity - Transportation Sector,10026.0,MWh,25.0
2024,Maine,Sales of Electricity - Transportation Sector,0.0,MWh,51.0
2024,Maryland,Sales of Electricity - Transportation Sector,415970.0,MWh,5.0
2024,Massachusetts,Sales of Electricity - Transportation Sector,291255.0,MWh,8.0
2024,Michigan,Sales of Electricity - Transportation Sector,5477.0,MWh,27.0
2024,Minnesota,Sales of Electricity - Transportation Sector,15332.0,MWh,21.0
2024,Mississippi,Sales of Electricity - Transportation Sector,0.0,MWh,51.0
2024,Missouri,Sales of Electricity - Transportation Sector,25424.0,MWh,17.0
2024,Montana,Sales of Electricity - Transportation Sector,0.0,MWh,51.0
2024,Nebraska,Sales of Electricity - Transportation Sector,0.0,MWh,51.0
2024,Nevada,Sales of Electricity - Transportation Sector,7638.0,MWh,26.0
2024,New Hampshire,Sales of Electricity - Transportation Sector,0.0,MWh,51.0
2024,New Jersey,Sales of Electricity - Transportation Sector,400778.0,MWh,6.0
2024,New Mexico,Sales of Electricity - Transportation Sector,0.0,MWh,51.0
2024,New York,Sales of Electricity - Transportation Sector,2782212.0,MWh,1.0
2024,North Carolina,Sales of Electricity - Transportation Sector,12388.0,MWh,22.0
2024,North Dakota,Sales of Electricity - Transportation Sector,0.0,MWh,51.0
2024,Ohio,Sales of Electricity - Transportation Sector,31646.0,MWh,16.0
2024,Oklahoma,Sales of Electricity - Transportation Sector,0.0,MWh,51.0
2024,Oregon,Sales of Electricity - Transportation Sector,22162.0,MWh,18.0
2024,Pennsylvania,Sales of Electricity - Transportation Sector,494800.0,MWh,3.0
2024,Rhode Island,Sales of Electricity - Transportation Sector,21914.0,MWh,19.0
2024,South Carolina,Sales of Electricity - Transportation Sector,0.0,MWh,51.0
2024,South Dakota,Sales of Electricity - Transportation Sector,0.0,MWh,51.0
2024,Tennessee,Sales of Electricity - Transportation Sector,0.0,MWh,51.0
2024,Texas,Sales of Electricity - Transportation Sector,11531.0,MWh,23.0
2024,Utah,Sales of Electricity - Transportation Sector,53063.0,MWh,15.0
2024,Vermont,Sales of Electricity - Transportation Sector,0.0,MWh,51.0
2024,Virginia,Sales of Electricity - Transportation Sector,285755.0,MWh,9.0
2024,Washington,Sales of Electricity - Transportation Sector,93797.0,MWh,12.0
2024,West Virginia,Sales of Electricity - Transportation Sector,0.0,MWh,51.0
2024,Wisconsin,Sales of Electricity - Transportation Sector,1307.0,MWh,28.0
2024,Wyoming,Sales of Electricity - Transportation Sector,0.0,MWh,51.0
2024,Alabama,Number of Electric Customers - Transportation Sector,0.0,customers,51.0
2024,Alaska,Number of Electric Customers - Transportation Sector,0.0,customers,51.0
2024,Arizona,Number of Electric Customers - Transportation Sector,2.0,customers,19.0
2024,Arkansas,Number of Electric Customers - Transportation Sector,2.0,customers,19.0
2024,California,Number of Electric Customers - Transportation Sector,13.0,customers,1.0
2024,Colorado,Number of Electric Customers - Transportation Sector,1.0,customers,29.0
2024,Connecticut,Number of Electric Customers - Transportation Sector,3.0,customers,10.0
2024,Delaware,Number of Electric Customers - Transportation Sector,0.0,customers,51.0
2024,District of Columbia,Number of Electric Customers - Transportation Sector,3.0,customers,10.0
2024,Florida,Number of Electric Customers - Transportation Sector,2.0,customers,19.0
2024,Georgia,Number of Electric Customers - Transportation Sector,1.0,customers,29.0
2024,Hawaii,Number of Electric Customers - Transportation Sector,0.0,customers,51.0
2024,Idaho,Number of Electric Customers - Transportation Sector,0.0,customers,51.0
2024,Illinois,Number of Electric Customers - Transportation Sector,3.0,customers,10.0
2024,Indiana,Number of Electric Customers - Transportation Sector,1.0,customers,29.0
2024,Iowa,Number of Electric Customers - Transportation Sector,0.0,customers,51.0
2024,Kansas,Number of Electric Customers - Transportation Sector,0.0,customers,51.0
2024,Kentucky,Number of Electric Customers - Transportation Sector,0.0,customers,51.0
2024,Louisiana,Number of Electric Customers - Transportation Sector,1.0,customers,29.0
2024,Maine,Number of Electric Customers - Transportation Sector,0.0,customers,51.0
2024,Maryland,Number of Electric Customers - Transportation Sector,5.0,customers,6.0
2024,Massachusetts,Number of Electric Customers - Transportation Sector,2.0,customers,19.0
2024,Michigan,Number of Electric Customers - Transportation Sector,2.0,customers,19.0
2024,Minnesota,Number of Electric Customers - Transportation Sector,1.0,customers,29.0
2024,Mississippi,Number of Electric Customers - Transportation Sector,0.0,customers,51.0
2024,Missouri,Number of Electric Customers - Transportation Sector,2.0,customers,19.0
2024,Montana,Number of Electric Customers - Transportation Sector,0.0,customers,51.0
2024,Nebraska,Number of Electric Customers - Transportation Sector,0.0,customers,51.0
2024,Nevada,Number of Electric Customers - Transportation Sector,1.0,customers,29.0
2024,New Hampshire,Number of Electric Customers - Transportation Sector,0.0,customers,51.0
2024,New Jersey,Number of Electric Customers - Transportation Sector,7.0,customers,2.0
2024,New Mexico,Number of Electric Customers - Transportation Sector,0.0,customers,51.0
2024,New York,Number of Electric Customers - Transportation Sector,6.0,customers,3.0
2024,North Carolina,Number of Electric Customers - Transportation Sector,1.0,customers,29.0
2024,North Dakota,Number of Electric Customers - Transportation Sector,0.0,customers,51.0
2024,Ohio,Number of Electric Customers - Transportation Sector,2.0,customers,19.0
2024,Oklahoma,Number of Electric Customers - Transportation Sector,0.0,customers,51.0
2024,Oregon,Number of Electric Customers - Transportation Sector,2.0,customers,19.0
2024,Pennsylvania,Number of Electric Customers - Transportation Sector,5.0,customers,6.0
2024,Rhode Island,Number of Electric Customers - Transportation Sector,1.0,customers,29.0
2024,South Carolina,Number of Electric Customers - Transportation Sector,0.0,customers,51.0
2024,South Dakota,Number of Electric Customers - Transportation Sector,0.0,customers,51.0
2024,Tennessee,Number of Electric Customers - Transportation Sector,0.0,customers,51.0
2024,Texas,Number of Electric Customers - Transportation Sector,3.0,customers,10.0
2024,Utah,Number of Electric Customers - Transportation Sector,1.0,customers,29.0
2024,Vermont,Number of Electric Customers - Transportation Sector,0.0,customers,51.0
2024,Virginia,Number of Electric Customers - Transportation Sector,1.0,customers,29.0
2024,Washington,Number of Electric Customers - Transportation Sector,5.0,customers,6.0
2024,West Virginia,Number of Electric Customers - Transportation Sector,0.0,customers,51.0
2024,Wisconsin,Number of Electric Customers - Transportation Sector,2.0,customers,19.0
2024,Wyoming,Number of Electric Customers - Transportation Sector,0.0,customers,51.0
2024,Alabama,Revenue from Electric Sales - All Sectors,10415173600.0,$,17.0
2024,Alaska,Revenue from Electric Sales - All Sectors,1340533000.0,$,50.0
2024,Arizona,Revenue from Electric Sales - All Sectors,11573419600.0,$,14.0
2024,Arkansas,Revenue from Electric Sales - All Sectors,4786264700.0,$,32.0
2024,California,Revenue from Electric Sales - All Sectors,66441528500.0,$,1.0
2024,Colorado,Revenue from Electric Sales - All Sectors,6858753600.0,$,26.0
2024,Connecticut,Revenue from Electric Sales - All Sectors,6665395100.000001,$,27.0
2024,Delaware,Revenue from Electric Sales - All Sectors,1542367200.0,$,48.0
2024,District of Columbia,Revenue from Electric Sales - All Sectors,1711624900.0,$,45.0
2024,Florida,Revenue from Electric Sales - All Sectors,31955447000.0,$,3.0
2024,Georgia,Revenue from Electric Sales - All Sectors,17098668700.000004,$,7.0
2024,Hawaii,Revenue from Electric Sales - All Sectors,3401602100.0,$,37.0
2024,Idaho,Revenue from Electric Sales - All Sectors,2507731700.0,$,40.0
2024,Illinois,Revenue from Electric Sales - All Sectors,16264585000.0,$,8.0
2024,Indiana,Revenue from Electric Sales - All Sectors,11287389500.0,$,15.0
2024,Iowa,Revenue from Electric Sales - All Sectors,5130194100.0,$,31.0
2024,Kansas,Revenue from Electric Sales - All Sectors,4624479600.0,$,34.0
2024,Kentucky,Revenue from Electric Sales - All Sectors,7490330000.0,$,25.0
2024,Louisiana,Revenue from Electric Sales - All Sectors,8393525000.0,$,23.0
2024,Maine,Revenue from Electric Sales - All Sectors,2230038200.0,$,43.0
2024,Maryland,Revenue from Electric Sales - All Sectors,8879169300.0,$,20.0
2024,Massachusetts,Revenue from Electric Sales - All Sectors,11829654200.0,$,13.0
2024,Michigan,Revenue from Electric Sales - All Sectors,14013047200.000002,$,11.0
2024,Minnesota,Revenue from Electric Sales - All Sectors,7971414800.0,$,24.0
2024,Mississippi,Revenue from Electric Sales - All Sectors,5321276900.0,$,30.0
2024,Missouri,Revenue from Electric Sales - All Sectors,8604656800.0,$,22.0
2024,Montana,Revenue from Electric Sales - All Sectors,1685877900.0000002,$,46.0
2024,Nebraska,Revenue from Electric Sales - All Sectors,3192606200.0,$,38.0
2024,Nevada,Revenue from Electric Sales - All Sectors,4664219400.0,$,33.0
2024,New Hampshire,Revenue from Electric Sales - All Sectors,2248818500.0,$,42.0
2024,New Jersey,Revenue from Electric Sales - All Sectors,11977380300.0,$,12.0
2024,New Mexico,Revenue from Electric Sales - All Sectors,2779735900.0,$,39.0
2024,New York,Revenue from Electric Sales - All Sectors,27620558400.0,$,4.0
2024,North Carolina,Revenue from Electric Sales - All Sectors,15947716100.0,$,9.0
2024,North Dakota,Revenue from Electric Sales - All Sectors,2359830900.0,$,41.0
2024,Ohio,Revenue from Electric Sales - All Sectors,17357635800.0,$,6.0
2024,Oklahoma,Revenue from Electric Sales - All Sectors,6549836500.0,$,29.0
2024,Oregon,Revenue from Electric Sales - All Sectors,6628504399.999999,$,28.0
2024,Pennsylvania,Revenue from Electric Sales - All Sectors,17783519800.0,$,5.0
2024,Rhode Island,Revenue from Electric Sales - All Sectors,1790496900.0,$,44.0
2024,South Carolina,Revenue from Electric Sales - All Sectors,9148189100.0,$,18.0
2024,South Dakota,Revenue from Electric Sales - All Sectors,1481979100.0,$,49.0
2024,Tennessee,Revenue from Electric Sales - All Sectors,11220308900.0,$,16.0
2024,Texas,Revenue from Electric Sales - All Sectors,49481096600.0,$,2.0
2024,Utah,Revenue from Electric Sales - All Sectors,3459240100.0,$,36.0
2024,Vermont,Revenue from Electric Sales - All Sectors,1005062200.0,$,51.0
2024,Virginia,Revenue from Electric Sales - All Sectors,14654566800.0,$,10.0
2024,Washington,Revenue from Electric Sales - All Sectors,9114338700.0,$,19.0
2024,West Virginia,Revenue from Electric Sales - All Sectors,3643906599.9999995,$,35.0
2024,Wisconsin,Revenue from Electric Sales - All Sectors,8688891900.0,$,21.0
2024,Wyoming,Revenue from Electric Sales - All Sectors,1573185900.0,$,47.0
2024,Alabama,Sales of Electricity - All Sectors,87522932.0,MWh,17.0
2024,Alaska,Sales of Electricity - All Sectors,6046503.0,MWh,50.0
2024,Arizona,Sales of Electricity - All Sectors,90843288.0,MWh,15.0
2024,Arkansas,Sales of Electricity - All Sectors,49895812.0,MWh,29.0
2024,California,Sales of Electricity - All Sectors,245717145.0,MWh,3.0
2024,Colorado,Sales of Electricity - All Sectors,56842904.0,MWh,27.0
2024,Connecticut,Sales of Electricity - All Sectors,27351355.0,MWh,39.0
2024,Delaware,Sales of Electricity - All Sectors,11373916.0,MWh,44.0
2024,District of Columbia,Sales of Electricity - All Sectors,10142915.0,MWh,47.0
2024,Florida,Sales of Electricity - All Sectors,255095458.0,MWh,2.0
2024,Georgia,Sales of Electricity - All Sectors,150003965.0,MWh,5.0
2024,Hawaii,Sales of Electricity - All Sectors,8952134.0,MWh,48.0
2024,Idaho,Sales of Electricity - All Sectors,26369555.0,MWh,40.0
2024,Illinois,Sales of Electricity - All Sectors,133226907.0,MWh,10.0
2024,Indiana,Sales of Electricity - All Sectors,99219607.0,MWh,12.0
2024,Iowa,Sales of Electricity - All Sectors,54930422.0,MWh,28.0
2024,Kansas,Sales of Electricity - All Sectors,41258210.0,MWh,32.0
2024,Kentucky,Sales of Electricity - All Sectors,74405871.0,MWh,20.0
2024,Louisiana,Sales of Electricity - All Sectors,95356829.0,MWh,14.0
2024,Maine,Sales of Electricity - All Sectors,11341591.0,MWh,45.0
2024,Maryland,Sales of Electricity - All Sectors,59018688.0,MWh,26.0
2024,Massachusetts,Sales of Electricity - All Sectors,49418575.0,MWh,30.0
2024,Michigan,Sales of Electricity - All Sectors,98991014.0,MWh,13.0
2024,Minnesota,Sales of Electricity - All Sectors,64562108.0,MWh,24.0
2024,Mississippi,Sales of Electricity - All Sectors,48684612.0,MWh,31.0
2024,Missouri,Sales of Electricity - All Sectors,77776034.0,MWh,19.0
2024,Montana,Sales of Electricity - All Sectors,15567013.0,MWh,42.0
2024,Nebraska,Sales of Electricity - All Sectors,35191045.0,MWh,34.0
2024,Nevada,Sales of Electricity - All Sectors,40664639.0,MWh,33.0
2024,New Hampshire,Sales of Electricity - All Sectors,10913961.0,MWh,46.0
2024,New Jersey,Sales of Electricity - All Sectors,73531424.0,MWh,21.0
2024,New Mexico,Sales of Electricity - All Sectors,30296354.0,MWh,37.0
2024,New York,Sales of Electricity - All Sectors,140497501.0,MWh,7.0
2024,North Carolina,Sales of Electricity - All Sectors,136904526.0,MWh,9.0
2024,North Dakota,Sales of Electricity - All Sectors,29769698.0,MWh,38.0
2024,Ohio,Sales of Electricity - All Sectors,153707376.0,MWh,4.0
2024,Oklahoma,Sales of Electricity - All Sectors,72083773.0,MWh,22.0
2024,Oregon,Sales of Electricity - All Sectors,59680701.0,MWh,25.0
2024,Pennsylvania,Sales of Electricity - All Sectors,142146514.0,MWh,6.0
2024,Rhode Island,Sales of Electricity - All Sectors,7414247.0,MWh,49.0
2024,South Carolina,Sales of Electricity - All Sectors,83961428.0,MWh,18.0
2024,South Dakota,Sales of Electricity - All Sectors,13637204.0,MWh,43.0
2024,Tennessee,Sales of Electricity - All Sectors,102962435.0,MWh,11.0
2024,Texas,Sales of Electricity - All Sectors,505431317.0,MWh,1.0
2024,Utah,Sales of Electricity - All Sectors,34688083.0,MWh,35.0
2024,Vermont,Sales of Electricity - All Sectors,5458947.0,MWh,51.0
2024,Virginia,Sales of Electricity - All Sectors,138044772.0,MWh,8.0
2024,Washington,Sales of Electricity - All Sectors,89981629.0,MWh,16.0
2024,West Virginia,Sales of Electricity - All Sectors,32990570.0,MWh,36.0
2024,Wisconsin,Sales of Electricity - All Sectors,68291424.0,MWh,23.0
2024,Wyoming,Sales of Electricity - All Sectors,17216901.0,MWh,41.0
2024,Alabama,Number of Electric Customers - All Sectors,2795343.0,customers,23.0
2024,Alaska,Number of Electric Customers - All Sectors,356597.0,customers,50.0
2024,Arizona,Number of Electric Customers - All Sectors,3490713.0,customers,15.0
2024,Arkansas,Number of Electric Customers - All Sectors,1720753.0,customers,29.0
2024,California,Number of Electric Customers - All Sectors,16140825.0,customers,1.0
2024,Colorado,Number of Electric Customers - All Sectors,2978176.0,customers,21.0
2024,Connecticut,Number of Electric Customers - All Sectors,1713431.0,customers,30.0
2024,Delaware,Number of Electric Customers - All Sectors,535330.0,customers,43.0
2024,District of Columbia,Number of Electric Customers - All Sectors,346305.0,customers,51.0
2024,Florida,Number of Electric Customers - All Sectors,11779012.0,customers,3.0
2024,Georgia,Number of Electric Customers - All Sectors,5459009.0,customers,9.0
2024,Hawaii,Number of Electric Customers - All Sectors,506988.0,customers,46.0
2024,Idaho,Number of Electric Customers - All Sectors,1021781.0,customers,39.0
2024,Illinois,Number of Electric Customers - All Sectors,6036676.0,customers,6.0
2024,Indiana,Number of Electric Customers - All Sectors,3450420.0,customers,16.0
2024,Iowa,Number of Electric Customers - All Sectors,1710011.0,customers,31.0
2024,Kansas,Number of Electric Customers - All Sectors,1586227.0,customers,33.0
2024,Kentucky,Number of Electric Customers - All Sectors,2409509.0,customers,26.0
2024,Louisiana,Number of Electric Customers - All Sectors,2467237.0,customers,25.0
2024,Maine,Number of Electric Customers - All Sectors,855558.0,customers,40.0
2024,Maryland,Number of Electric Customers - All Sectors,2722513.0,customers,24.0
2024,Massachusetts,Number of Electric Customers - All Sectors,3372904.0,customers,17.0
2024,Michigan,Number of Electric Customers - All Sectors,5086705.0,customers,10.0
2024,Minnesota,Number of Electric Customers - All Sectors,2899051.0,customers,22.0
2024,Mississippi,Number of Electric Customers - All Sectors,1599687.0,customers,32.0
2024,Missouri,Number of Electric Customers - All Sectors,3347316.0,customers,18.0
2024,Montana,Number of Electric Customers - All Sectors,692539.0,customers,42.0
2024,Nebraska,Number of Electric Customers - All Sectors,1131588.0,customers,36.0
2024,Nevada,Number of Electric Customers - All Sectors,1494282.0,customers,34.0
2024,New Hampshire,Number of Electric Customers - All Sectors,768001.0,customers,41.0
2024,New Jersey,Number of Electric Customers - All Sectors,4287117.0,customers,11.0
2024,New Mexico,Number of Electric Customers - All Sectors,1093458.0,customers,37.0
2024,New York,Number of Electric Customers - All Sectors,8600594.0,customers,4.0
2024,North Carolina,Number of Electric Customers - All Sectors,5827720.0,customers,7.0
2024,North Dakota,Number of Electric Customers - All Sectors,485894.0,customers,47.0
2024,Ohio,Number of Electric Customers - All Sectors,5787740.0,customers,8.0
2024,Oklahoma,Number of Electric Customers - All Sectors,2197296.0,customers,27.0
2024,Oregon,Number of Electric Customers - All Sectors,2142042.0,customers,28.0
2024,Pennsylvania,Number of Electric Customers - All Sectors,6288243.0,customers,5.0
2024,Rhode Island,Number of Electric Customers - All Sectors,521662.0,customers,44.0
2024,South Carolina,Number of Electric Customers - All Sectors,2998873.0,customers,20.0
2024,South Dakota,Number of Electric Customers - All Sectors,516156.0,customers,45.0
2024,Tennessee,Number of Electric Customers - All Sectors,3710074.0,customers,14.0
2024,Texas,Number of Electric Customers - All Sectors,14481051.0,customers,2.0
2024,Utah,Number of Electric Customers - All Sectors,1429521.0,customers,35.0
2024,Vermont,Number of Electric Customers - All Sectors,388511.0,customers,48.0
2024,Virginia,Number of Electric Customers - All Sectors,4104032.0,customers,12.0
2024,Washington,Number of Electric Customers - All Sectors,3800681.0,customers,13.0
2024,West Virginia,Number of Electric Customers - All Sectors,1029473.0,customers,38.0
2024,Wisconsin,Number of Electric Customers - All Sectors,3219048.0,customers,19.0
2024,Wyoming,Number of Electric Customers - All Sectors,357453.0,customers,49.0
2024,Alabama,Average Price of Electricity - All Sectors,0.11899936807418654,$/kWh,29.0
2024,Alaska,Average Price of Electricity - All Sectors,0.2217038509697258,$/kWh,46.0
2024,Arizona,Average Price of Electricity - All Sectors,0.12739983167496094,$/kWh,36.0
2024,Arkansas,Average Price of Electricity - All Sectors,0.09592517905109953,$/kWh,9.0
2024,California,Average Price of Electricity - All Sectors,0.27039842295090966,$/kWh,50.0
2024,Colorado,Average Price of Electricity - All Sectors,0.12066156225938068,$/kWh,30.0
2024,Connecticut,Average Price of Electricity - All Sectors,0.24369524288650418,$/kWh,49.0
2024,Delaware,Average Price of Electricity - All Sectors,0.13560564364990915,$/kWh,37.0
2024,District of Columbia,Average Price of Electricity - All Sectors,0.1687507881117016,$/kWh,41.0
2024,Florida,Average Price of Electricity - All Sectors,0.1252685847507328,$/kWh,34.0
2024,Georgia,Average Price of Electricity - All Sectors,0.11398811158091723,$/kWh,26.0
2024,Hawaii,Average Price of Electricity - All Sectors,0.3799766737182442,$/kWh,51.0
2024,Idaho,Average Price of Electricity - All Sectors,0.09509950774671777,$/kWh,8.0
2024,Illinois,Average Price of Electricity - All Sectors,0.12208183291382724,$/kWh,31.0
2024,Indiana,Average Price of Electricity - All Sectors,0.1137616832124723,$/kWh,25.0
2024,Iowa,Average Price of Electricity - All Sectors,0.09339440538068322,$/kWh,7.0
2024,Kansas,Average Price of Electricity - All Sectors,0.11208628779581081,$/kWh,23.0
2024,Kentucky,Average Price of Electricity - All Sectors,0.10066853461066265,$/kWh,12.0
2024,Louisiana,Average Price of Electricity - All Sectors,0.0880222747339889,$/kWh,2.0
2024,Maine,Average Price of Electricity - All Sectors,0.19662481216259695,$/kWh,44.0
2024,Maryland,Average Price of Electricity - All Sectors,0.15044674154735532,$/kWh,39.0
2024,Massachusetts,Average Price of Electricity - All Sectors,0.2393766756730642,$/kWh,47.0
2024,Michigan,Average Price of Electricity - All Sectors,0.14155878027474292,$/kWh,38.0
2024,Minnesota,Average Price of Electricity - All Sectors,0.12346893629929183,$/kWh,32.0
2024,Mississippi,Average Price of Electricity - All Sectors,0.10930100254265147,$/kWh,19.0
2024,Missouri,Average Price of Electricity - All Sectors,0.11063378212368094,$/kWh,21.0
2024,Montana,Average Price of Electricity - All Sectors,0.10829809803589167,$/kWh,15.0
2024,Nebraska,Average Price of Electricity - All Sectors,0.09072211978928163,$/kWh,3.0
2024,Nevada,Average Price of Electricity - All Sectors,0.11469963867132818,$/kWh,27.0
2024,New Hampshire,Average Price of Electricity - All Sectors,0.20604971009150574,$/kWh,45.0
2024,New Jersey,Average Price of Electricity - All Sectors,0.16288791442417871,$/kWh,40.0
2024,New Mexico,Average Price of Electricity - All Sectors,0.09175149920680224,$/kWh,6.0
2024,New York,Average Price of Electricity - All Sectors,0.1965911009335319,$/kWh,43.0
2024,North Carolina,Average Price of Electricity - All Sectors,0.1164878661498744,$/kWh,28.0
2024,North Dakota,Average Price of Electricity - All Sectors,0.07926956128342316,$/kWh,1.0
2024,Ohio,Average Price of Electricity - All Sectors,0.11292649872573454,$/kWh,24.0
2024,Oklahoma,Average Price of Electricity - All Sectors,0.09086422959575105,$/kWh,4.0
2024,Oregon,Average Price of Electricity - All Sectors,0.11106612839550929,$/kWh,22.0
2024,Pennsylvania,Average Price of Electricity - All Sectors,0.12510697096659015,$/kWh,33.0
2024,Rhode Island,Average Price of Electricity - All Sectors,0.24149409913103784,$/kWh,48.0
2024,South Carolina,Average Price of Electricity - All Sectors,0.10895704513267687,$/kWh,17.0
2024,South Dakota,Average Price of Electricity - All Sectors,0.1086717702543718,$/kWh,16.0
2024,Tennessee,Average Price of Electricity - All Sectors,0.10897478191925046,$/kWh,18.0
2024,Texas,Average Price of Electricity - All Sectors,0.09789875485693342,$/kWh,10.0
2024,Utah,Average Price of Electricity - All Sectors,0.09972416463602211,$/kWh,11.0
2024,Vermont,Average Price of Electricity - All Sectors,0.18411283348235474,$/kWh,42.0
2024,Virginia,Average Price of Electricity - All Sectors,0.10615807167257302,$/kWh,14.0
2024,Washington,Average Price of Electricity - All Sectors,0.10129110576560021,$/kWh,13.0
2024,West Virginia,Average Price of Electricity - All Sectors,0.11045297489555347,$/kWh,20.0
2024,Wisconsin,Average Price of Electricity - All Sectors,0.1272325482625754,$/kWh,35.0
2024,Wyoming,Average Price of Electricity - All Sectors,0.09137451043018717,$/kWh,5.0
2024,Alabama,Electricity Consumption per Customer - All Sectors,31310.265681170433,kWh per customer,43.0
2024,Alaska,Electricity Consumption per Customer - All Sectors,16956.124140135784,kWh per customer,9.0
2024,Arizona,Electricity Consumption per Customer - All Sectors,26024.278707530524,kWh per customer,28.0
2024,Arkansas,Electricity Consumption per Customer - All Sectors,28996.49862589227,kWh per customer,38.0
2024,California,Electricity Consumption per Customer - All Sectors,15223.332450478832,kWh per customer,6.0
2024,Colorado,Electricity Consumption per Customer - All Sectors,19086.482464434608,kWh per customer,12.0
2024,Connecticut,Electricity Consumption per Customer - All Sectors,15962.91592716602,kWh per customer,7.0
2024,Delaware,Electricity Consumption per Customer - All Sectors,21246.550725720586,kWh per customer,15.0
2024,District of Columbia,Electricity Consumption per Customer - All Sectors,29288.96492975845,kWh per customer,39.0
2024,Florida,Electricity Consumption per Customer - All Sectors,21656.77885377823,kWh per customer,16.0
2024,Georgia,Electricity Consumption per Customer - All Sectors,27478.241014074163,kWh per customer,32.0
2024,Hawaii,Electricity Consumption per Customer - All Sectors,17657.48696221607,kWh per customer,11.0
2024,Idaho,Electricity Consumption per Customer - All Sectors,25807.443082226033,kWh per customer,26.0
2024,Illinois,Electricity Consumption per Customer - All Sectors,22069.580510863925,kWh per customer,18.0
2024,Indiana,Electricity Consumption per Customer - All Sectors,28755.805670034373,kWh per customer,37.0
2024,Iowa,Electricity Consumption per Customer - All Sectors,32122.847162971466,kWh per customer,45.0
2024,Kansas,Electricity Consumption per Customer - All Sectors,26010.28100013428,kWh per customer,27.0
2024,Kentucky,Electricity Consumption per Customer - All Sectors,30880.09673340087,kWh per customer,41.0
2024,Louisiana,Electricity Consumption per Customer - All Sectors,38649.23758844408,kWh per customer,49.0
2024,Maine,Electricity Consumption per Customer - All Sectors,13256.367189600236,kWh per customer,1.0
2024,Maryland,Electricity Consumption per Customer - All Sectors,21678.018801012153,kWh per customer,17.0
2024,Massachusetts,Electricity Consumption per Customer - All Sectors,14651.639951804142,kWh per customer,5.0
2024,Michigan,Electricity Consumption per Customer - All Sectors,19460.734208097383,kWh per customer,13.0
2024,Minnesota,Electricity Consumption per Customer - All Sectors,22270.08355492884,kWh per customer,19.0
2024,Mississippi,Electricity Consumption per Customer - All Sectors,30433.83611919082,kWh per customer,40.0
2024,Missouri,Electricity Consumption per Customer - All Sectors,23235.342584924758,kWh per customer,22.0
2024,Montana,Electricity Consumption per Customer - All Sectors,22478.17523634048,kWh per customer,20.0
2024,Nebraska,Electricity Consumption per Customer - All Sectors,31098.814232741952,kWh per customer,42.0
2024,Nevada,Electricity Consumption per Customer - All Sectors,27213.49718460103,kWh per customer,31.0
2024,New Hampshire,Electricity Consumption per Customer - All Sectors,14210.868215015345,kWh per customer,3.0
2024,New Jersey,Electricity Consumption per Customer - All Sectors,17151.718509198607,kWh per customer,10.0
2024,New Mexico,Electricity Consumption per Customer - All Sectors,27706.92061332031,kWh per customer,33.0
2024,New York,Electricity Consumption per Customer - All Sectors,16335.790411685519,kWh per customer,8.0
2024,North Carolina,Electricity Consumption per Customer - All Sectors,23491.95328533286,kWh per customer,23.0
2024,North Dakota,Electricity Consumption per Customer - All Sectors,61267.88558821471,kWh per customer,51.0
2024,Ohio,Electricity Consumption per Customer - All Sectors,26557.408591263604,kWh per customer,30.0
2024,Oklahoma,Electricity Consumption per Customer - All Sectors,32805.67251749423,kWh per customer,46.0
2024,Oregon,Electricity Consumption per Customer - All Sectors,27861.592349729835,kWh per customer,35.0
2024,Pennsylvania,Electricity Consumption per Customer - All Sectors,22605.12419764949,kWh per customer,21.0
2024,Rhode Island,Electricity Consumption per Customer - All Sectors,14212.74120024077,kWh per customer,4.0
2024,South Carolina,Electricity Consumption per Customer - All Sectors,27997.660454444052,kWh per customer,36.0
2024,South Dakota,Electricity Consumption per Customer - All Sectors,26420.702268306482,kWh per customer,29.0
2024,Tennessee,Electricity Consumption per Customer - All Sectors,27752.124351158494,kWh per customer,34.0
2024,Texas,Electricity Consumption per Customer - All Sectors,34902.944337396504,kWh per customer,48.0
2024,Utah,Electricity Consumption per Customer - All Sectors,24265.528803004643,kWh per customer,25.0
2024,Vermont,Electricity Consumption per Customer - All Sectors,14050.94579046668,kWh per customer,2.0
2024,Virginia,Electricity Consumption per Customer - All Sectors,33636.378078923364,kWh per customer,47.0
2024,Washington,Electricity Consumption per Customer - All Sectors,23675.133219546708,kWh per customer,24.0
2024,West Virginia,Electricity Consumption per Customer - All Sectors,32046.07600199325,kWh per customer,44.0
2024,Wisconsin,Electricity Consumption per Customer - All Sectors,21214.788968664026,kWh per customer,14.0
2024,Wyoming,Electricity Consumption per Customer - All Sectors,48165.49588337488,kWh per customer,50.0
2024,Alabama,Average Price of Electricity - Residential Sector,0.15176897548262078,$/kWh,31.0
2024,Alaska,Average Price of Electricity - Residential Sector,0.2482224907442019,$/kWh,46.0
2024,Arizona,Average Price of Electricity - Residential Sector,0.14906749562649185,$/kWh,26.0
2024,Arkansas,Average Price of Electricity - Residential Sector,0.12317614712691781,$/kWh,8.0
2024,California,Average Price of Electricity - Residential Sector,0.3196683217057999,$/kWh,50.0
2024,Colorado,Average Price of Electricity - Residential Sector,0.1491685871393647,$/kWh,27.0
2024,Connecticut,Average Price of Electricity - Residential Sector,0.28745463476275473,$/kWh,48.0
2024,Delaware,Average Price of Electricity - Residential Sector,0.1656685439444168,$/kWh,35.0
2024,District of Columbia,Average Price of Electricity - Residential Sector,0.17709518951837944,$/kWh,37.0
2024,Florida,Average Price of Electricity - Residential Sector,0.14136786742166263,$/kWh,19.0
2024,Georgia,Average Price of Electricity - Residential Sector,0.14082516666585296,$/kWh,17.0
2024,Hawaii,Average Price of Electricity - Residential Sector,0.42863933920502156,$/kWh,51.0
2024,Idaho,Average Price of Electricity - Residential Sector,0.11520109956308151,$/kWh,2.0
2024,Illinois,Average Price of Electricity - Residential Sector,0.1586937458014887,$/kWh,33.0
2024,Indiana,Average Price of Electricity - Residential Sector,0.1476573091159785,$/kWh,25.0
2024,Iowa,Average Price of Electricity - Residential Sector,0.1340241000494165,$/kWh,16.0
2024,Kansas,Average Price of Electricity - Residential Sector,0.14149459945380014,$/kWh,20.0
2024,Kentucky,Average Price of Electricity - Residential Sector,0.12785957629137087,$/kWh,12.0
2024,Louisiana,Average Price of Electricity - Residential Sector,0.11728913853953725,$/kWh,4.0
2024,Maine,Average Price of Electricity - Residential Sector,0.24286709026557624,$/kWh,44.0
2024,Maryland,Average Price of Electricity - Residential Sector,0.17857924491487576,$/kWh,39.0
2024,Massachusetts,Average Price of Electricity - Residential Sector,0.2934970102740334,$/kWh,49.0
2024,Michigan,Average Price of Electricity - Residential Sector,0.19298900830480717,$/kWh,40.0
2024,Minnesota,Average Price of Electricity - Residential Sector,0.15451173420838862,$/kWh,32.0
2024,Mississippi,Average Price of Electricity - Residential Sector,0.13394397769378172,$/kWh,15.0
2024,Missouri,Average Price of Electricity - Residential Sector,0.12911136221344513,$/kWh,14.0
2024,Montana,Average Price of Electricity - Residential Sector,0.1266278566116766,$/kWh,11.0
2024,Nebraska,Average Price of Electricity - Residential Sector,0.11530737038752907,$/kWh,3.0
2024,Nevada,Average Price of Electricity - Residential Sector,0.14995607761969335,$/kWh,29.0
2024,New Hampshire,Average Price of Electricity - Residential Sector,0.23404467056136605,$/kWh,43.0
2024,New Jersey,Average Price of Electricity - Residential Sector,0.19343644126847298,$/kWh,41.0
2024,New Mexico,Average Price of Electricity - Residential Sector,0.14198920194566406,$/kWh,21.0
2024,New York,Average Price of Electricity - Residential Sector,0.24429701864467124,$/kWh,45.0
2024,North Carolina,Average Price of Electricity - Residential Sector,0.1413331653951509,$/kWh,18.0
2024,North Dakota,Average Price of Electricity - Residential Sector,0.1150833425817415,$/kWh,1.0
2024,Ohio,Average Price of Electricity - Residential Sector,0.15985153127716611,$/kWh,34.0
2024,Oklahoma,Average Price of Electricity - Residential Sector,0.1223709823452781,$/kWh,7.0
2024,Oregon,Average Price of Electricity - Residential Sector,0.14698463077098575,$/kWh,24.0
2024,Pennsylvania,Average Price of Electricity - Residential Sector,0.17765152141898305,$/kWh,38.0
2024,Rhode Island,Average Price of Electricity - Residential Sector,0.28649070558847467,$/kWh,47.0
2024,South Carolina,Average Price of Electricity - Residential Sector,0.14233051740098945,$/kWh,22.0
2024,South Dakota,Average Price of Electricity - Residential Sector,0.128613246211316,$/kWh,13.0
2024,Tennessee,Average Price of Electricity - Residential Sector,0.12423933437412576,$/kWh,9.0
2024,Texas,Average Price of Electricity - Residential Sector,0.14936177802133238,$/kWh,28.0
2024,Utah,Average Price of Electricity - Residential Sector,0.12215056293111146,$/kWh,6.0
2024,Vermont,Average Price of Electricity - Residential Sector,0.21903773504532195,$/kWh,42.0
2024,Virginia,Average Price of Electricity - Residential Sector,0.14410482668134802,$/kWh,23.0
2024,Washington,Average Price of Electricity - Residential Sector,0.11898242529545444,$/kWh,5.0
2024,West Virginia,Average Price of Electricity - Residential Sector,0.1507390273814153,$/kWh,30.0
2024,Wisconsin,Average Price of Electricity - Residential Sector,0.17184541417212382,$/kWh,36.0
2024,Wyoming,Average Price of Electricity - Residential Sector,0.12467922552543739,$/kWh,10.0
2024,Alabama,Electricity Consumption per Customer - Residential Sector,13718.395094263464,kWh per customer,48.0
2024,Alaska,Electricity Consumption per Customer - Residential Sector,6939.057698301256,kWh per customer,8.0
2024,Arizona,Electricity Consumption per Customer - Residential Sector,12899.003200591565,kWh per customer,44.0
2024,Arkansas,Electricity Consumption per Customer - Residential Sector,12580.46208928707,kWh per customer,41.0
2024,California,Electricity Consumption per Customer - Residential Sector,6038.506792486274,kWh per customer,2.0
2024,Colorado,Electricity Consumption per Customer - Residential Sector,8090.640458030787,kWh per customer,15.0
2024,Connecticut,Electricity Consumption per Customer - Residential Sector,8334.848713182968,kWh per customer,17.0
2024,Delaware,Electricity Consumption per Customer - Residential Sector,10928.03923059378,kWh per customer,28.0
2024,District of Columbia,Electricity Consumption per Customer - Residential Sector,7672.391618043793,kWh per customer,11.0
2024,Florida,Electricity Consumption per Customer - Residential Sector,13249.619639172133,kWh per customer,47.0
2024,Georgia,Electricity Consumption per Customer - Residential Sector,12888.161169523171,kWh per customer,43.0
2024,Hawaii,Electricity Consumption per Customer - Residential Sector,5938.46078044935,kWh per customer,1.0
2024,Idaho,Electricity Consumption per Customer - Residential Sector,11325.659080725365,kWh per customer,31.0
2024,Illinois,Electricity Consumption per Customer - Residential Sector,8317.27590122313,kWh per customer,16.0
2024,Indiana,Electricity Consumption per Customer - Residential Sector,10813.581566224377,kWh per customer,27.0
2024,Iowa,Electricity Consumption per Customer - Residential Sector,9986.658089559904,kWh per customer,21.0
2024,Kansas,Electricity Consumption per Customer - Residential Sector,10507.965636495468,kWh per customer,25.0
2024,Kentucky,Electricity Consumption per Customer - Residential Sector,12558.020715236507,kWh per customer,40.0
2024,Louisiana,Electricity Consumption per Customer - Residential Sector,14422.028685900794,kWh per customer,51.0
2024,Maine,Electricity Consumption per Customer - Residential Sector,6600.900411959345,kWh per customer,3.0
2024,Maryland,Electricity Consumption per Customer - Residential Sector,11146.047746245238,kWh per customer,29.0
2024,Massachusetts,Electricity Consumption per Customer - Residential Sector,6836.175665533153,kWh per customer,5.0
2024,Michigan,Electricity Consumption per Customer - Residential Sector,7418.558323537481,kWh per customer,9.0
2024,Minnesota,Electricity Consumption per Customer - Residential Sector,8547.5472458333,kWh per customer,18.0
2024,Mississippi,Electricity Consumption per Customer - Residential Sector,13870.771877394234,kWh per customer,50.0
2024,Missouri,Electricity Consumption per Customer - Residential Sector,12006.79195095698,kWh per customer,35.0
2024,Montana,Electricity Consumption per Customer - Residential Sector,10225.894817663859,kWh per customer,23.0
2024,Nebraska,Electricity Consumption per Customer - Residential Sector,11476.520711496938,kWh per customer,33.0
2024,Nevada,Electricity Consumption per Customer - Residential Sector,11154.135490240174,kWh per customer,30.0
2024,New Hampshire,Electricity Consumption per Customer - Residential Sector,7427.801988329901,kWh per customer,10.0
2024,New Jersey,Electricity Consumption per Customer - Residential Sector,7948.565144695498,kWh per customer,14.0
2024,New Mexico,Electricity Consumption per Customer - Residential Sector,7849.199549619804,kWh per customer,13.0
2024,New York,Electricity Consumption per Customer - Residential Sector,6853.895723223077,kWh per customer,6.0
2024,North Carolina,Electricity Consumption per Customer - Residential Sector,12183.867750695475,kWh per customer,36.0
2024,North Dakota,Electricity Consumption per Customer - Residential Sector,12343.573656680215,kWh per customer,38.0
2024,Ohio,Electricity Consumption per Customer - Residential Sector,10146.49167228693,kWh per customer,22.0
2024,Oklahoma,Electricity Consumption per Customer - Residential Sector,12948.715096406358,kWh per customer,45.0
2024,Oregon,Electricity Consumption per Customer - Residential Sector,10582.2366237476,kWh per customer,26.0
2024,Pennsylvania,Electricity Consumption per Customer - Residential Sector,9806.084291852318,kWh per customer,20.0
2024,Rhode Island,Electricity Consumption per Customer - Residential Sector,6802.46532993137,kWh per customer,4.0
2024,South Carolina,Electricity Consumption per Customer - Residential Sector,12605.074902725995,kWh per customer,42.0
2024,South Dakota,Electricity Consumption per Customer - Residential Sector,11925.016376502716,kWh per customer,34.0
2024,Tennessee,Electricity Consumption per Customer - Residential Sector,13842.728110866892,kWh per customer,49.0
2024,Texas,Electricity Consumption per Customer - Residential Sector,13153.773116585668,kWh per customer,46.0
2024,Utah,Electricity Consumption per Customer - Residential Sector,9290.290141657259,kWh per customer,19.0
2024,Vermont,Electricity Consumption per Customer - Residential Sector,6884.044326460056,kWh per customer,7.0
2024,Virginia,Electricity Consumption per Customer - Residential Sector,12388.304933039739,kWh per customer,39.0
2024,Washington,Electricity Consumption per Customer - Residential Sector,11465.425419815743,kWh per customer,32.0
2024,West Virginia,Electricity Consumption per Customer - Residential Sector,12319.728872556714,kWh per customer,37.0
2024,Wisconsin,Electricity Consumption per Customer - Residential Sector,7741.749107027948,kWh per customer,12.0
2024,Wyoming,Electricity Consumption per Customer - Residential Sector,10360.593420019199,kWh per customer,24.0
2024,Alabama,Average Price of Electricity - Commercial Sector,0.13639541729763682,$/kWh,38.0
2024,Alaska,Average Price of Electricity - Commercial Sector,0.21568207079688165,$/kWh,49.0
2024,Arizona,Average Price of Electricity - Commercial Sector,0.12230070418532263,$/kWh,33.0
2024,Arkansas,Average Price of Electricity - Commercial Sector,0.10236441383374899,$/kWh,13.0
2024,California,Average Price of Electricity - Commercial Sector,0.2553726197897175,$/kWh,50.0
2024,Colorado,Average Price of Electricity - Commercial Sector,0.11712088988481242,$/kWh,27.0
2024,Connecticut,Average Price of Electricity - Commercial Sector,0.2120972600957908,$/kWh,48.0
2024,Delaware,Average Price of Electricity - Commercial Sector,0.12198161234126224,$/kWh,32.0
2024,District of Columbia,Average Price of Electricity - Commercial Sector,0.17066870893918695,$/kWh,41.0
2024,Florida,Average Price of Electricity - Commercial Sector,0.10991281007645035,$/kWh,22.0
2024,Georgia,Average Price of Electricity - Commercial Sector,0.10865825212814102,$/kWh,21.0
2024,Hawaii,Average Price of Electricity - Commercial Sector,0.38182113699337783,$/kWh,51.0
2024,Idaho,Average Price of Electricity - Commercial Sector,0.09169380513436162,$/kWh,6.0
2024,Illinois,Average Price of Electricity - Commercial Sector,0.118145426986707,$/kWh,28.0
2024,Indiana,Average Price of Electricity - Commercial Sector,0.12441245103300808,$/kWh,35.0
2024,Iowa,Average Price of Electricity - Commercial Sector,0.10221523405131289,$/kWh,12.0
2024,Kansas,Average Price of Electricity - Commercial Sector,0.11191723366635593,$/kWh,24.0
2024,Kentucky,Average Price of Electricity - Commercial Sector,0.11495100400380714,$/kWh,25.0
2024,Louisiana,Average Price of Electricity - Commercial Sector,0.10456313197113921,$/kWh,15.0
2024,Maine,Average Price of Electricity - Commercial Sector,0.18217494046203936,$/kWh,42.0
2024,Maryland,Average Price of Electricity - Commercial Sector,0.1296406801962616,$/kWh,37.0
2024,Massachusetts,Average Price of Electricity - Commercial Sector,0.20895059003235078,$/kWh,46.0
2024,Michigan,Average Price of Electricity - Commercial Sector,0.14008705099332916,$/kWh,39.0
2024,Minnesota,Average Price of Electricity - Commercial Sector,0.12147295782078656,$/kWh,31.0
2024,Mississippi,Average Price of Electricity - Commercial Sector,0.12321168995703902,$/kWh,34.0
2024,Missouri,Average Price of Electricity - Commercial Sector,0.10261624972450747,$/kWh,14.0
2024,Montana,Average Price of Electricity - Commercial Sector,0.11868222215777517,$/kWh,29.0
2024,Nebraska,Average Price of Electricity - Commercial Sector,0.08393015201637548,$/kWh,2.0
2024,Nevada,Average Price of Electricity - Commercial Sector,0.10191304081942941,$/kWh,11.0
2024,New Hampshire,Average Price of Electricity - Commercial Sector,0.19398687069247122,$/kWh,45.0
2024,New Jersey,Average Price of Electricity - Commercial Sector,0.1464488186861722,$/kWh,40.0
2024,New Mexico,Average Price of Electricity - Commercial Sector,0.10540594607053277,$/kWh,16.0
2024,New York,Average Price of Electricity - Commercial Sector,0.1877060516561272,$/kWh,43.0
2024,North Carolina,Average Price of Electricity - Commercial Sector,0.105598713632704,$/kWh,18.0
2024,North Dakota,Average Price of Electricity - Commercial Sector,0.07186957251417281,$/kWh,1.0
2024,Ohio,Average Price of Electricity - Commercial Sector,0.10662837771219168,$/kWh,20.0
2024,Oklahoma,Average Price of Electricity - Commercial Sector,0.08923270541524408,$/kWh,5.0
2024,Oregon,Average Price of Electricity - Commercial Sector,0.10113228437538471,$/kWh,10.0
2024,Pennsylvania,Average Price of Electricity - Commercial Sector,0.1103031606863653,$/kWh,23.0
2024,Rhode Island,Average Price of Electricity - Commercial Sector,0.21093076981823736,$/kWh,47.0
2024,South Carolina,Average Price of Electricity - Commercial Sector,0.10635385755097349,$/kWh,19.0
2024,South Dakota,Average Price of Electricity - Commercial Sector,0.10549950523116798,$/kWh,17.0
2024,Tennessee,Average Price of Electricity - Commercial Sector,0.12052650898322352,$/kWh,30.0
2024,Texas,Average Price of Electricity - Commercial Sector,0.08552523982286214,$/kWh,3.0
2024,Utah,Average Price of Electricity - Commercial Sector,0.09388413513198653,$/kWh,8.0
2024,Vermont,Average Price of Electricity - Commercial Sector,0.18890151901289007,$/kWh,44.0
2024,Virginia,Average Price of Electricity - Commercial Sector,0.08721961454218236,$/kWh,4.0
2024,Washington,Average Price of Electricity - Commercial Sector,0.09991483228709445,$/kWh,9.0
2024,West Virginia,Average Price of Electricity - Commercial Sector,0.1162018033720435,$/kWh,26.0
2024,Wisconsin,Average Price of Electricity - Commercial Sector,0.126341413872502,$/kWh,36.0
2024,Wyoming,Average Price of Electricity - Commercial Sector,0.09271671382301619,$/kWh,7.0
2024,Alabama,Electricity Consumption per Customer - Commercial Sector,58630.81361800346,kWh per customer,16.0
2024,Alaska,Electricity Consumption per Customer - Commercial Sector,45671.27997333754,kWh per customer,5.0
2024,Arizona,Electricity Consumption per Customer - Commercial Sector,103610.14054755283,kWh per customer,46.0
2024,Arkansas,Electricity Consumption per Customer - Commercial Sector,56942.31893158162,kWh per customer,13.0
2024,California,Electricity Consumption per Customer - Commercial Sector,64775.373388360465,kWh per customer,24.0
2024,Colorado,Electricity Consumption per Customer - Commercial Sector,52186.35519962139,kWh per customer,10.0
2024,Connecticut,Electricity Consumption per Customer - Commercial Sector,74370.97144460458,kWh per customer,34.0
2024,Delaware,Electricity Consumption per Customer - Commercial Sector,70601.94879066164,kWh per customer,30.0
2024,District of Columbia,Electricity Consumption per Customer - Commercial Sector,261374.73202281893,kWh per customer,51.0
2024,Florida,Electricity Consumption per Customer - Commercial Sector,75779.54618201153,kWh per customer,35.0
2024,Georgia,Electricity Consumption per Customer - Commercial Sector,89107.34352868593,kWh per customer,42.0
2024,Hawaii,Electricity Consumption per Customer - Commercial Sector,47442.22613360154,kWh per customer,6.0
2024,Idaho,Electricity Consumption per Customer - Commercial Sector,56166.78227484635,kWh per customer,12.0
2024,Illinois,Electricity Consumption per Customer - Commercial Sector,70852.78852328076,kWh per customer,31.0
2024,Indiana,Electricity Consumption per Customer - Commercial Sector,63127.63766546266,kWh per customer,20.0
2024,Iowa,Electricity Consumption per Customer - Commercial Sector,50910.50628486072,kWh per customer,8.0
2024,Kansas,Electricity Consumption per Customer - Commercial Sector,64407.49034339578,kWh per customer,22.0
2024,Kentucky,Electricity Consumption per Customer - Commercial Sector,62038.598495028215,kWh per customer,18.0
2024,Louisiana,Electricity Consumption per Customer - Commercial Sector,78502.5988423037,kWh per customer,36.0
2024,Maine,Electricity Consumption per Customer - Commercial Sector,37070.69424939685,kWh per customer,3.0
2024,Maryland,Electricity Consumption per Customer - Commercial Sector,106220.38176609846,kWh per customer,48.0
2024,Massachusetts,Electricity Consumption per Customer - Commercial Sector,53627.03018624976,kWh per customer,11.0
2024,Michigan,Electricity Consumption per Customer - Commercial Sector,65874.17238484239,kWh per customer,26.0
2024,Minnesota,Electricity Consumption per Customer - Commercial Sector,72840.68274654736,kWh per customer,32.0
2024,Mississippi,Electricity Consumption per Customer - Commercial Sector,57420.65855526248,kWh per customer,14.0
2024,Missouri,Electricity Consumption per Customer - Commercial Sector,73200.28864458346,kWh per customer,33.0
2024,Montana,Electricity Consumption per Customer - Commercial Sector,40768.996542034125,kWh per customer,4.0
2024,Nebraska,Electricity Consumption per Customer - Commercial Sector,79783.5617116922,kWh per customer,37.0
2024,Nevada,Electricity Consumption per Customer - Commercial Sector,80225.54292787217,kWh per customer,38.0
2024,New Hampshire,Electricity Consumption per Customer - Commercial Sector,36562.8490251788,kWh per customer,2.0
2024,New Jersey,Electricity Consumption per Customer - Commercial Sector,68650.61521118208,kWh per customer,29.0
2024,New Mexico,Electricity Consumption per Customer - Commercial Sector,64770.6273969643,kWh per customer,23.0
2024,New York,Electricity Consumption per Customer - Commercial Sector,61054.365600046054,kWh per customer,17.0
2024,North Carolina,Electricity Consumption per Customer - Commercial Sector,65942.06200309709,kWh per customer,27.0
2024,North Dakota,Electricity Consumption per Customer - Commercial Sector,146511.04403363087,kWh per customer,49.0
2024,Ohio,Electricity Consumption per Customer - Commercial Sector,80991.67507447486,kWh per customer,39.0
2024,Oklahoma,Electricity Consumption per Customer - Commercial Sector,85140.48365697745,kWh per customer,41.0
2024,Oregon,Electricity Consumption per Customer - Commercial Sector,99681.68075921945,kWh per customer,45.0
2024,Pennsylvania,Electricity Consumption per Customer - Commercial Sector,52043.32675844508,kWh per customer,9.0
2024,Rhode Island,Electricity Consumption per Customer - Commercial Sector,58540.292835587345,kWh per customer,15.0
2024,South Carolina,Electricity Consumption per Customer - Commercial Sector,63635.82792879312,kWh per customer,21.0
2024,South Dakota,Electricity Consumption per Customer - Commercial Sector,65288.194045292556,kWh per customer,25.0
2024,Tennessee,Electricity Consumption per Customer - Commercial Sector,66295.32842816756,kWh per customer,28.0
2024,Texas,Electricity Consumption per Customer - Commercial Sector,105474.50913147435,kWh per customer,47.0
2024,Utah,Electricity Consumption per Customer - Commercial Sector,96870.445788254,kWh per customer,44.0
2024,Vermont,Electricity Consumption per Customer - Commercial Sector,30355.834421844873,kWh per customer,1.0
2024,Virginia,Electricity Consumption per Customer - Commercial Sector,176577.90809321692,kWh per customer,50.0
2024,Washington,Electricity Consumption per Customer - Commercial Sector,81669.58868824835,kWh per customer,40.0
2024,West Virginia,Electricity Consumption per Customer - Commercial Sector,50424.20993079494,kWh per customer,7.0
2024,Wisconsin,Electricity Consumption per Customer - Commercial Sector,63059.496579894054,kWh per customer,19.0
2024,Wyoming,Electricity Consumption per Customer - Commercial Sector,89426.64835630606,kWh per customer,43.0
2024,Alabama,Average Price of Electricity - Industrial Sector,0.0725356595587824,$/kWh,15.0
2024,Alaska,Average Price of Electricity - Industrial Sector,0.19311502767383135,$/kWh,48.0
2024,Arizona,Average Price of Electricity - Industrial Sector,0.07901039175038538,$/kWh,25.0
2024,Arkansas,Average Price of Electricity - Industrial Sector,0.06610511046428792,$/kWh,8.0
2024,California,Average Price of Electricity - Industrial Sector,0.21527795267477934,$/kWh,50.0
2024,Colorado,Average Price of Electricity - Industrial Sector,0.08622038966586304,$/kWh,34.0
2024,Connecticut,Average Price of Electricity - Industrial Sector,0.1712295522977925,$/kWh,46.0
2024,Delaware,Average Price of Electricity - Industrial Sector,0.08489590450984831,$/kWh,31.0
2024,District of Columbia,Average Price of Electricity - Industrial Sector,0.10804457294044853,$/kWh,41.0
2024,Florida,Average Price of Electricity - Industrial Sector,0.08498442031401333,$/kWh,32.0
2024,Georgia,Average Price of Electricity - Industrial Sector,0.0721129723276387,$/kWh,13.0
2024,Hawaii,Average Price of Electricity - Industrial Sector,0.3412909963018395,$/kWh,51.0
2024,Idaho,Average Price of Electricity - Industrial Sector,0.07693207039012219,$/kWh,18.0
2024,Illinois,Average Price of Electricity - Industrial Sector,0.08825184103445895,$/kWh,36.0
2024,Indiana,Average Price of Electricity - Industrial Sector,0.08146145878516395,$/kWh,28.0
2024,Iowa,Average Price of Electricity - Industrial Sector,0.06804213019742801,$/kWh,9.0
2024,Kansas,Average Price of Electricity - Industrial Sector,0.0773117284616875,$/kWh,19.0
2024,Kentucky,Average Price of Electricity - Industrial Sector,0.06498165894307335,$/kWh,6.0
2024,Louisiana,Average Price of Electricity - Industrial Sector,0.05614528137376574,$/kWh,2.0
2024,Maine,Average Price of Electricity - Industrial Sector,0.12464280761952992,$/kWh,44.0
2024,Maryland,Average Price of Electricity - Industrial Sector,0.1000828092318016,$/kWh,40.0
2024,Massachusetts,Average Price of Electricity - Industrial Sector,0.18190618913626302,$/kWh,47.0
2024,Michigan,Average Price of Electricity - Industrial Sector,0.08258238670105367,$/kWh,29.0
2024,Minnesota,Average Price of Electricity - Industrial Sector,0.09148891556033273,$/kWh,38.0
2024,Mississippi,Average Price of Electricity - Industrial Sector,0.06813470939515602,$/kWh,10.0
2024,Missouri,Average Price of Electricity - Industrial Sector,0.07870942954370815,$/kWh,24.0
2024,Montana,Average Price of Electricity - Industrial Sector,0.07585923541757113,$/kWh,16.0
2024,Nebraska,Average Price of Electricity - Industrial Sector,0.07662630322052058,$/kWh,17.0
2024,Nevada,Average Price of Electricity - Industrial Sector,0.08635880512178083,$/kWh,35.0
2024,New Hampshire,Average Price of Electricity - Industrial Sector,0.16210856700305043,$/kWh,45.0
2024,New Jersey,Average Price of Electricity - Industrial Sector,0.11932862869576992,$/kWh,43.0
2024,New Mexico,Average Price of Electricity - Industrial Sector,0.05430661776459847,$/kWh,1.0
2024,New York,Average Price of Electricity - Industrial Sector,0.09174832255998171,$/kWh,39.0
2024,North Carolina,Average Price of Electricity - Industrial Sector,0.07767010380976382,$/kWh,20.0
2024,North Dakota,Average Price of Electricity - Industrial Sector,0.0724661353696627,$/kWh,14.0
2024,Ohio,Average Price of Electricity - Industrial Sector,0.07096381682963959,$/kWh,12.0
2024,Oklahoma,Average Price of Electricity - Industrial Sector,0.058413761955982565,$/kWh,3.0
2024,Oregon,Average Price of Electricity - Industrial Sector,0.08050782258090995,$/kWh,27.0
2024,Pennsylvania,Average Price of Electricity - Industrial Sector,0.07865209308383517,$/kWh,23.0
2024,Rhode Island,Average Price of Electricity - Industrial Sector,0.19696525514860558,$/kWh,49.0
2024,South Carolina,Average Price of Electricity - Industrial Sector,0.06842985460837961,$/kWh,11.0
2024,South Dakota,Average Price of Electricity - Industrial Sector,0.08278004409864052,$/kWh,30.0
2024,Tennessee,Average Price of Electricity - Industrial Sector,0.06209164580028021,$/kWh,5.0
2024,Texas,Average Price of Electricity - Industrial Sector,0.06121500026661359,$/kWh,4.0
2024,Utah,Average Price of Electricity - Industrial Sector,0.07855137123984687,$/kWh,22.0
2024,Vermont,Average Price of Electricity - Industrial Sector,0.11578185105144717,$/kWh,42.0
2024,Virginia,Average Price of Electricity - Industrial Sector,0.0899404451226196,$/kWh,37.0
2024,Washington,Average Price of Electricity - Industrial Sector,0.06609028311632816,$/kWh,7.0
2024,West Virginia,Average Price of Electricity - Industrial Sector,0.07809344793407022,$/kWh,21.0
2024,Wisconsin,Average Price of Electricity - Industrial Sector,0.08538536230912085,$/kWh,33.0
2024,Wyoming,Average Price of Electricity - Industrial Sector,0.07957069812812244,$/kWh,26.0
2024,Alabama,Electricity Consumption per Customer - Industrial Sector,4383417.1956941765,kWh per customer,44.0
2024,Alaska,Electricity Consumption per Customer - Industrial Sector,1152170.4450041982,kWh per customer,23.0
2024,Arizona,Electricity Consumption per Customer - Industrial Sector,1892505.6254136334,kWh per customer,32.0
2024,Arkansas,Electricity Consumption per Customer - Industrial Sector,530997.9875992603,kWh per customer,9.0
2024,California,Electricity Consumption per Customer - Industrial Sector,300873.46832778637,kWh per customer,2.0
2024,Colorado,Electricity Consumption per Customer - Industrial Sector,1009619.4576271187,kWh per customer,21.0
2024,Connecticut,Electricity Consumption per Customer - Industrial Sector,661388.4575569358,kWh per customer,15.0
2024,Delaware,Electricity Consumption per Customer - Industrial Sector,1640018.8195038496,kWh per customer,31.0
2024,District of Columbia,Electricity Consumption per Customer - Industrial Sector,187468000.0,kWh per customer,51.0
2024,Florida,Electricity Consumption per Customer - Industrial Sector,656044.6448703496,kWh per customer,14.0
2024,Georgia,Electricity Consumption per Customer - Industrial Sector,1340263.8067061144,kWh per customer,28.0
2024,Hawaii,Electricity Consumption per Customer - Industrial Sector,4227008.526187576,kWh per customer,43.0
2024,Idaho,Electricity Consumption per Customer - Industrial Sector,322800.4585609279,kWh per customer,3.0
2024,Illinois,Electricity Consumption per Customer - Industrial Sector,7508605.69820612,kWh per customer,49.0
2024,Indiana,Electricity Consumption per Customer - Industrial Sector,2196391.3155854223,kWh per customer,34.0
2024,Iowa,Electricity Consumption per Customer - Industrial Sector,2917229.3974886565,kWh per customer,39.0
2024,Kansas,Electricity Consumption per Customer - Industrial Sector,485227.26703668153,kWh per customer,8.0
2024,Kentucky,Electricity Consumption per Customer - Industrial Sector,5779147.131654973,kWh per customer,47.0
2024,Louisiana,Electricity Consumption per Customer - Industrial Sector,2236997.857496017,kWh per customer,35.0
2024,Maine,Electricity Consumption per Customer - Industrial Sector,1206305.4545454546,kWh per customer,24.0
2024,Maryland,Electricity Consumption per Customer - Industrial Sector,377129.54986000434,kWh per customer,5.0
2024,Massachusetts,Electricity Consumption per Customer - Industrial Sector,545281.0779484208,kWh per customer,10.0
2024,Michigan,Electricity Consumption per Customer - Industrial Sector,4909711.905588338,kWh per customer,45.0
2024,Minnesota,Electricity Consumption per Customer - Industrial Sector,2127054.3039319874,kWh per customer,33.0
2024,Mississippi,Electricity Consumption per Customer - Industrial Sector,1282259.0414820781,kWh per customer,26.0
2024,Missouri,Electricity Consumption per Customer - Industrial Sector,1371804.0876839987,kWh per customer,29.0
2024,Montana,Electricity Consumption per Customer - Industrial Sector,415734.17068134894,kWh per customer,6.0
2024,Nebraska,Electricity Consumption per Customer - Industrial Sector,184235.92899554677,kWh per customer,1.0
2024,Nevada,Electricity Consumption per Customer - Industrial Sector,2458466.3602173002,kWh per customer,36.0
2024,New Hampshire,Electricity Consumption per Customer - Industrial Sector,629445.1219512195,kWh per customer,13.0
2024,New Jersey,Electricity Consumption per Customer - Industrial Sector,564499.1556306107,kWh per customer,11.0
2024,New Mexico,Electricity Consumption per Customer - Industrial Sector,1442949.978392394,kWh per customer,30.0
2024,New York,Electricity Consumption per Customer - Industrial Sector,951805.9620596205,kWh per customer,20.0
2024,North Carolina,Electricity Consumption per Customer - Industrial Sector,2869308.7346024634,kWh per customer,38.0
2024,North Dakota,Electricity Consumption per Customer - Industrial Sector,1247202.5957290132,kWh per customer,25.0
2024,Ohio,Electricity Consumption per Customer - Industrial Sector,2779391.566595383,kWh per customer,37.0
2024,Oklahoma,Electricity Consumption per Customer - Industrial Sector,1117043.4456554344,kWh per customer,22.0
2024,Oregon,Electricity Consumption per Customer - Industrial Sector,572150.2103997596,kWh per customer,12.0
2024,Pennsylvania,Electricity Consumption per Customer - Industrial Sector,3767519.4815214877,kWh per customer,41.0
2024,Rhode Island,Electricity Consumption per Customer - Industrial Sector,372759.85445724684,kWh per customer,4.0
2024,South Carolina,Electricity Consumption per Customer - Industrial Sector,6967366.259711431,kWh per customer,48.0
2024,South Dakota,Electricity Consumption per Customer - Industrial Sector,777312.7171646977,kWh per customer,18.0
2024,Tennessee,Electricity Consumption per Customer - Industrial Sector,23000883.697813123,kWh per customer,50.0
2024,Texas,Electricity Consumption per Customer - Industrial Sector,468322.235162112,kWh per customer,7.0
2024,Utah,Electricity Consumption per Customer - Industrial Sector,803408.6071263304,kWh per customer,19.0
2024,Vermont,Electricity Consumption per Customer - Industrial Sector,5253781.893004115,kWh per customer,46.0
2024,Virginia,Electricity Consumption per Customer - Industrial Sector,3630872.4301528726,kWh per customer,40.0
2024,Washington,Electricity Consumption per Customer - Industrial Sector,688244.0780746636,kWh per customer,16.0
2024,West Virginia,Electricity Consumption per Customer - Industrial Sector,1331302.317128578,kWh per customer,27.0
2024,Wisconsin,Electricity Consumption per Customer - Industrial Sector,4003711.2737410697,kWh per customer,42.0
2024,Wyoming,Electricity Consumption per Customer - Industrial Sector,748161.5673197166,kWh per customer,17.0
2024,Alabama,Average Price of Electricity - Transportation Sector,,$/kWh,
2024,Alaska,Average Price of Electricity - Transportation Sector,,$/kWh,
2024,Arizona,Average Price of Electricity - Transportation Sector,0.10949520395310532,$/kWh,14.0
2024,Arkansas,Average Price of Electricity - Transportation Sector,0.13231939163498097,$/kWh,23.0
2024,California,Average Price of Electricity - Transportation Sector,0.16794602153544957,$/kWh,26.0
2024,Colorado,Average Price of Electricity - Transportation Sector,0.09662496498926337,$/kWh,8.0
2024,Connecticut,Average Price of Electricity - Transportation Sector,0.17767971120644552,$/kWh,27.0
2024,Delaware,Average Price of Electricity - Transportation Sector,,$/kWh,
2024,District of Columbia,Average Price of Electricity - Transportation Sector,0.09660089521666014,$/kWh,7.0
2024,Florida,Average Price of Electricity - Transportation Sector,0.10866872622214593,$/kWh,13.0
2024,Georgia,Average Price of Electricity - Transportation Sector,0.07642563740777614,$/kWh,3.0
2024,Hawaii,Average Price of Electricity - Transportation Sector,,$/kWh,
2024,Idaho,Average Price of Electricity - Transportation Sector,,$/kWh,
2024,Illinois,Average Price of Electricity - Transportation Sector,0.07762588170354853,$/kWh,4.0
2024,Indiana,Average Price of Electricity - Transportation Sector,0.1231203848735735,$/kWh,20.0
2024,Iowa,Average Price of Electricity - Transportation Sector,,$/kWh,
2024,Kansas,Average Price of Electricity - Transportation Sector,,$/kWh,
2024,Kentucky,Average Price of Electricity - Transportation Sector,,$/kWh,
2024,Louisiana,Average Price of Electricity - Transportation Sector,0.1153999601037303,$/kWh,16.0
2024,Maine,Average Price of Electricity - Transportation Sector,,$/kWh,
2024,Maryland,Average Price of Electricity - Transportation Sector,0.11545039305719162,$/kWh,17.0
2024,Massachusetts,Average Price of Electricity - Transportation Sector,0.09215189438807918,$/kWh,5.0
2024,Michigan,Average Price of Electricity - Transportation Sector,0.14093481833120322,$/kWh,24.0
2024,Minnesota,Average Price of Electricity - Transportation Sector,0.12708713801200106,$/kWh,22.0
2024,Mississippi,Average Price of Electricity - Transportation Sector,,$/kWh,
2024,Missouri,Average Price of Electricity - Transportation Sector,0.09942967275015732,$/kWh,9.0
2024,Montana,Average Price of Electricity - Transportation Sector,,$/kWh,
2024,Nebraska,Average Price of Electricity - Transportation Sector,,$/kWh,
2024,Nevada,Average Price of Electricity - Transportation Sector,0.10657240115213407,$/kWh,12.0
2024,New Hampshire,Average Price of Electricity - Transportation Sector,,$/kWh,
2024,New Jersey,Average Price of Electricity - Transportation Sector,0.11110165727659703,$/kWh,15.0
2024,New Mexico,Average Price of Electricity - Transportation Sector,,$/kWh,
2024,New York,Average Price of Electricity - Transportation Sector,0.14703552425192618,$/kWh,25.0
2024,North Carolina,Average Price of Electricity - Transportation Sector,0.10280109783661608,$/kWh,11.0
2024,North Dakota,Average Price of Electricity - Transportation Sector,,$/kWh,
2024,Ohio,Average Price of Electricity - Transportation Sector,0.07315300511913038,$/kWh,2.0
2024,Oklahoma,Average Price of Electricity - Transportation Sector,,$/kWh,
2024,Oregon,Average Price of Electricity - Transportation Sector,0.12539481996209728,$/kWh,21.0
2024,Pennsylvania,Average Price of Electricity - Transportation Sector,0.09957093775262732,$/kWh,10.0
2024,Rhode Island,Average Price of Electricity - Transportation Sector,0.2153281007575066,$/kWh,29.0
2024,South Carolina,Average Price of Electricity - Transportation Sector,,$/kWh,
2024,South Dakota,Average Price of Electricity - Transportation Sector,,$/kWh,
2024,Tennessee,Average Price of Electricity - Transportation Sector,,$/kWh,
2024,Texas,Average Price of Electricity - Transportation Sector,0.04350880235885873,$/kWh,1.0
2024,Utah,Average Price of Electricity - Transportation Sector,0.1207018072856793,$/kWh,19.0
2024,Vermont,Average Price of Electricity - Transportation Sector,,$/kWh,
2024,Virginia,Average Price of Electricity - Transportation Sector,0.09253836328323213,$/kWh,6.0
2024,Washington,Average Price of Electricity - Transportation Sector,0.11644722112647528,$/kWh,18.0
2024,West Virginia,Average Price of Electricity - Transportation Sector,,$/kWh,
2024,Wisconsin,Average Price of Electricity - Transportation Sector,0.18355011476664115,$/kWh,28.0
2024,Wyoming,Average Price of Electricity - Transportation Sector,,$/kWh,
2024,Alabama,Electricity Consumption per Customer - Transportation Sector,,kWh per customer,
2024,Alaska,Electricity Consumption per Customer - Transportation Sector,,kWh per customer,
2024,Arizona,Electricity Consumption per Customer - Transportation Sector,5160500.0,kWh per customer,5.0
2024,Arkansas,Electricity Consumption per Customer - Transportation Sector,131500.0,kWh per customer,1.0
2024,California,Electricity Consumption per Customer - Transportation Sector,55007692.307692304,kWh per customer,18.0
2024,Colorado,Electricity Consumption per Customer - Transportation Sector,85688000.0,kWh per customer,22.0
2024,Connecticut,Electricity Consumption per Customer - Transportation Sector,63713333.333333336,kWh per customer,20.0
2024,Delaware,Electricity Consumption per Customer - Transportation Sector,,kWh per customer,
2024,District of Columbia,Electricity Consumption per Customer - Transportation Sector,105449333.33333333,kWh per customer,24.0
2024,Florida,Electricity Consumption per Customer - Transportation Sector,34959000.0,kWh per customer,16.0
2024,Georgia,Electricity Consumption per Customer - Transportation Sector,151669000.0,kWh per customer,27.0
2024,Hawaii,Electricity Consumption per Customer - Transportation Sector,,kWh per customer,
2024,Idaho,Electricity Consumption per Customer - Transportation Sector,,kWh per customer,
2024,Illinois,Electricity Consumption per Customer - Transportation Sector,147347333.33333334,kWh per customer,26.0
2024,Indiana,Electricity Consumption per Customer - Transportation Sector,17876000.0,kWh per customer,13.0
2024,Iowa,Electricity Consumption per Customer - Transportation Sector,,kWh per customer,
2024,Kansas,Electricity Consumption per Customer - Transportation Sector,,kWh per customer,
2024,Kentucky,Electricity Consumption per Customer - Transportation Sector,,kWh per customer,
2024,Louisiana,Electricity Consumption per Customer - Transportation Sector,10026000.0,kWh per customer,7.0
2024,Maine,Electricity Consumption per Customer - Transportation Sector,,kWh per customer,
2024,Maryland,Electricity Consumption per Customer - Transportation Sector,83194000.0,kWh per customer,21.0
2024,Massachusetts,Electricity Consumption per Customer - Transportation Sector,145627500.0,kWh per customer,25.0
2024,Michigan,Electricity Consumption per Customer - Transportation Sector,2738500.0,kWh per customer,3.0
2024,Minnesota,Electricity Consumption per Customer - Transportation Sector,15332000.0,kWh per customer,11.0
2024,Mississippi,Electricity Consumption per Customer - Transportation Sector,,kWh per customer,
2024,Missouri,Electricity Consumption per Customer - Transportation Sector,12712000.0,kWh per customer,10.0
2024,Montana,Electricity Consumption per Customer - Transportation Sector,,kWh per customer,
2024,Nebraska,Electricity Consumption per Customer - Transportation Sector,,kWh per customer,
2024,Nevada,Electricity Consumption per Customer - Transportation Sector,7638000.0,kWh per customer,6.0
2024,New Hampshire,Electricity Consumption per Customer - Transportation Sector,,kWh per customer,
2024,New Jersey,Electricity Consumption per Customer - Transportation Sector,57254000.0,kWh per customer,19.0
2024,New Mexico,Electricity Consumption per Customer - Transportation Sector,,kWh per customer,
2024,New York,Electricity Consumption per Customer - Transportation Sector,463702000.0,kWh per customer,29.0
2024,North Carolina,Electricity Consumption per Customer - Transportation Sector,12388000.0,kWh per customer,9.0
2024,North Dakota,Electricity Consumption per Customer - Transportation Sector,,kWh per customer,
2024,Ohio,Electricity Consumption per Customer - Transportation Sector,15823000.0,kWh per customer,12.0
2024,Oklahoma,Electricity Consumption per Customer - Transportation Sector,,kWh per customer,
2024,Oregon,Electricity Consumption per Customer - Transportation Sector,11081000.0,kWh per customer,8.0
2024,Pennsylvania,Electricity Consumption per Customer - Transportation Sector,98960000.0,kWh per customer,23.0
2024,Rhode Island,Electricity Consumption per Customer - Transportation Sector,21914000.0,kWh per customer,15.0
2024,South Carolina,Electricity Consumption per Customer - Transportation Sector,,kWh per customer,
2024,South Dakota,Electricity Consumption per Customer - Transportation Sector,,kWh per customer,
2024,Tennessee,Electricity Consumption per Customer - Transportation Sector,,kWh per customer,
2024,Texas,Electricity Consumption per Customer - Transportation Sector,3843666.6666666665,kWh per customer,4.0
2024,Utah,Electricity Consumption per Customer - Transportation Sector,53063000.0,kWh per customer,17.0
2024,Vermont,Electricity Consumption per Customer - Transportation Sector,,kWh per customer,
2024,Virginia,Electricity Consumption per Customer - Transportation Sector,285755000.0,kWh per customer,28.0
2024,Washington,Electricity Consumption per Customer - Transportation Sector,18759400.0,kWh per customer,14.0
2024,West Virginia,Electricity Consumption per Customer - Transportation Sector,,kWh per customer,
2024,Wisconsin,Electricity Consumption per Customer - Transportation Sector,653500.0,kWh per customer,2.0
2024,Wyoming,Electricity Consumption per Customer - Transportation Sector,,kWh per customer,
2024,Alabama,SAIDI with MED,277.4442775435993,outage minutes per customer,23.0
2024,Alaska,SAIDI with MED,327.14534291613245,outage minutes per customer,30.0
2024,Arizona,SAIDI with MED,87.4664159498614,outage minutes per customer,3.0
2024,Arkansas,SAIDI with MED,509.07169765826217,outage minutes per customer,35.0
2024,California,SAIDI with MED,279.3381788772831,outage minutes per customer,26.0
2024,Colorado,SAIDI with MED,255.0533508573595,outage minutes per customer,20.0
2024,Connecticut,SAIDI with MED,153.64120345932508,outage minutes per customer,11.0
2024,Delaware,SAIDI with MED,116.13123132840748,outage minutes per customer,7.0
2024,District of Columbia,SAIDI with MED,32.582,outage minutes per customer,1.0
2024,Florida,SAIDI with MED,1318.230629027621,outage minutes per customer,48.0
2024,Georgia,SAIDI with MED,1229.0600721370781,outage minutes per customer,46.0
2024,Hawaii,SAIDI with MED,320.61139162014376,outage minutes per customer,29.0
2024,Idaho,SAIDI with MED,232.75989318059254,outage minutes per customer,19.0
2024,Illinois,SAIDI with MED,156.88297766852847,outage minutes per customer,12.0
2024,Indiana,SAIDI with MED,312.37603546705054,outage minutes per customer,28.0
2024,Iowa,SAIDI with MED,166.74941590682675,outage minutes per customer,14.0
2024,Kansas,SAIDI with MED,285.5969186845083,outage minutes per customer,27.0
2024,Kentucky,SAIDI with MED,648.2791536168538,outage minutes per customer,41.0
2024,Louisiana,SAIDI with MED,727.4545066861166,outage minutes per customer,43.0
2024,Maine,SAIDI with MED,1748.5669386839716,outage minutes per customer,50.0
2024,Maryland,SAIDI with MED,118.08862309299401,outage minutes per customer,8.0
2024,Massachusetts,SAIDI with MED,101.98441388412103,outage minutes per customer,5.0
2024,Michigan,SAIDI with MED,470.43671494729006,outage minutes per customer,34.0
2024,Minnesota,SAIDI with MED,219.62099420217862,outage minutes per customer,16.0
2024,Mississippi,SAIDI with MED,567.1087739289761,outage minutes per customer,37.0
2024,Missouri,SAIDI with MED,224.2801229393299,outage minutes per customer,18.0
2024,Montana,SAIDI with MED,351.45696728710146,outage minutes per customer,32.0
2024,Nebraska,SAIDI with MED,641.7044253940389,outage minutes per customer,40.0
2024,Nevada,SAIDI with MED,158.86283376870335,outage minutes per customer,13.0
2024,New Hampshire,SAIDI with MED,922.6545453280531,outage minutes per customer,44.0
2024,New Jersey,SAIDI with MED,174.2455875103034,outage minutes per customer,15.0
2024,New Mexico,SAIDI with MED,278.7868970269941,outage minutes per customer,25.0
2024,New York,SAIDI with MED,219.9004732253515,outage minutes per customer,17.0
2024,North Carolina,SAIDI with MED,1440.960017624201,outage minutes per customer,49.0
2024,North Dakota,SAIDI with MED,99.10151932146944,outage minutes per customer,4.0
2024,Ohio,SAIDI with MED,510.4774254163304,outage minutes per customer,36.0
2024,Oklahoma,SAIDI with MED,270.912675840518,outage minutes per customer,22.0
2024,Oregon,SAIDI with MED,590.9923150604263,outage minutes per customer,38.0
2024,Pennsylvania,SAIDI with MED,336.0915415388395,outage minutes per customer,31.0
2024,Rhode Island,SAIDI with MED,104.25,outage minutes per customer,6.0
2024,South Carolina,SAIDI with MED,3136.5282267023345,outage minutes per customer,51.0
2024,South Dakota,SAIDI with MED,84.744939647731,outage minutes per customer,2.0
2024,Tennessee,SAIDI with MED,278.63779841979374,outage minutes per customer,24.0
2024,Texas,SAIDI with MED,1270.5629531471857,outage minutes per customer,47.0
2024,Utah,SAIDI with MED,119.77958938863449,outage minutes per customer,9.0
2024,Vermont,SAIDI with MED,651.628678840911,outage minutes per customer,42.0
2024,Virginia,SAIDI with MED,416.09285085889206,outage minutes per customer,33.0
2024,Washington,SAIDI with MED,623.4543309498798,outage minutes per customer,39.0
2024,West Virginia,SAIDI with MED,1165.5147881950234,outage minutes per customer,45.0
2024,Wisconsin,SAIDI with MED,266.1026225270651,outage minutes per customer,21.0
2024,Wyoming,SAIDI with MED,129.27574271238737,outage minutes per customer,10.0
2024,Alabama,SAIDI without MED,117.78377600091629,outage minutes per customer,24.0
2024,Alaska,SAIDI without MED,181.67639388268202,outage minutes per customer,43.0
2024,Arizona,SAIDI without MED,71.9759274210199,outage minutes per customer,9.0
2024,Arkansas,SAIDI without MED,194.6245858437347,outage minutes per customer,44.0
2024,California,SAIDI without MED,157.89961787812487,outage minutes per customer,38.0
2024,Colorado,SAIDI without MED,119.03659560416487,outage minutes per customer,26.0
2024,Connecticut,SAIDI without MED,73.08449367504575,outage minutes per customer,10.0
2024,Delaware,SAIDI without MED,65.9418364408112,outage minutes per customer,7.0
2024,District of Columbia,SAIDI without MED,26.363000000000003,outage minutes per customer,1.0
2024,Florida,SAIDI without MED,65.29854866495957,outage minutes per customer,6.0
2024,Georgia,SAIDI without MED,212.28592434182372,outage minutes per customer,46.0
2024,Hawaii,SAIDI without MED,225.5558015802331,outage minutes per customer,47.0
2024,Idaho,SAIDI without MED,174.02475844835888,outage minutes per customer,42.0
2024,Illinois,SAIDI without MED,58.51929565785196,outage minutes per customer,2.0
2024,Indiana,SAIDI without MED,120.24303463356831,outage minutes per customer,27.0
2024,Iowa,SAIDI without MED,88.58839124891733,outage minutes per customer,15.0
2024,Kansas,SAIDI without MED,103.64324862848481,outage minutes per customer,19.0
2024,Kentucky,SAIDI without MED,152.80152578679395,outage minutes per customer,35.0
2024,Louisiana,SAIDI without MED,203.12748421559908,outage minutes per customer,45.0
2024,Maine,SAIDI without MED,274.0349701703288,outage minutes per customer,50.0
2024,Maryland,SAIDI without MED,75.13181556464654,outage minutes per customer,12.0
2024,Massachusetts,SAIDI without MED,75.15616287740873,outage minutes per customer,13.0
2024,Michigan,SAIDI without MED,159.67839377827755,outage minutes per customer,40.0
2024,Minnesota,SAIDI without MED,90.42781535457794,outage minutes per customer,16.0
2024,Mississippi,SAIDI without MED,259.61674698201176,outage minutes per customer,49.0
2024,Missouri,SAIDI without MED,105.02871868386262,outage minutes per customer,21.0
2024,Montana,SAIDI without MED,156.59643596718664,outage minutes per customer,37.0
2024,Nebraska,SAIDI without MED,73.62134514010802,outage minutes per customer,11.0
2024,Nevada,SAIDI without MED,63.845972229343175,outage minutes per customer,5.0
2024,New Hampshire,SAIDI without MED,132.29241772587235,outage minutes per customer,31.0
2024,New Jersey,SAIDI without MED,99.70947330973354,outage minutes per customer,18.0
2024,New Mexico,SAIDI without MED,149.0942055503903,outage minutes per customer,34.0
2024,New York,SAIDI without MED,71.8385970866786,outage minutes per customer,8.0
2024,North Carolina,SAIDI without MED,139.79985180555275,outage minutes per customer,33.0
2024,North Dakota,SAIDI without MED,84.24429484078625,outage minutes per customer,14.0
2024,Ohio,SAIDI without MED,133.23352266501564,outage minutes per customer,32.0
2024,Oklahoma,SAIDI without MED,118.21349609739787,outage minutes per customer,25.0
2024,Oregon,SAIDI without MED,126.2758900338718,outage minutes per customer,28.0
2024,Pennsylvania,SAIDI without MED,130.97222222484,outage minutes per customer,30.0
2024,Rhode Island,SAIDI without MED,60.79,outage minutes per customer,3.0
2024,South Carolina,SAIDI without MED,116.36415848969412,outage minutes per customer,23.0
2024,South Dakota,SAIDI without MED,62.097093110305,outage minutes per customer,4.0
2024,Tennessee,SAIDI without MED,159.06338652862885,outage minutes per customer,39.0
2024,Texas,SAIDI without MED,127.63300483499351,outage minutes per customer,29.0
2024,Utah,SAIDI without MED,103.83355352093807,outage minutes per customer,20.0
2024,Vermont,SAIDI without MED,257.22308231971743,outage minutes per customer,48.0
2024,Virginia,SAIDI without MED,166.12419582258957,outage minutes per customer,41.0
2024,Washington,SAIDI without MED,156.1525131469961,outage minutes per customer,36.0
2024,West Virginia,SAIDI without MED,486.14160237065846,outage minutes per customer,51.0
2024,Wisconsin,SAIDI without MED,90.60208317604776,outage minutes per customer,17.0
2024,Wyoming,SAIDI without MED,109.09190466178923,outage minutes per customer,22.0
2024,Alabama,SAIFI with MED,1.8175181983872444,interruptions per customer,37.0
2024,Alaska,SAIFI with MED,2.5907533625268484,interruptions per customer,47.0
2024,Arizona,SAIFI with MED,0.9744769470325508,interruptions per customer,12.0
2024,Arkansas,SAIFI with MED,2.071876130071636,interruptions per customer,42.0
2024,California,SAIFI with MED,1.3432262640716934,interruptions per customer,26.0
2024,Colorado,SAIFI with MED,1.3840226180656434,interruptions per customer,29.0
2024,Connecticut,SAIFI with MED,0.8755382875637482,interruptions per customer,7.0
2024,Delaware,SAIFI with MED,0.8427353602683016,interruptions per customer,4.0
2024,District of Columbia,SAIFI with MED,0.271,interruptions per customer,1.0
2024,Florida,SAIFI with MED,1.6844955911048132,interruptions per customer,33.0
2024,Georgia,SAIFI with MED,2.0943941760453497,interruptions per customer,43.0
2024,Hawaii,SAIFI with MED,2.6159602828700126,interruptions per customer,48.0
2024,Idaho,SAIFI with MED,1.2874219126285933,interruptions per customer,22.0
2024,Illinois,SAIFI with MED,0.8501513666048918,interruptions per customer,6.0
2024,Indiana,SAIFI with MED,1.2768762520314316,interruptions per customer,21.0
2024,Iowa,SAIFI with MED,1.1503774386256809,interruptions per customer,17.0
2024,Kansas,SAIFI with MED,1.4122379792078987,interruptions per customer,30.0
2024,Kentucky,SAIFI with MED,1.9546281759458628,interruptions per customer,38.0
2024,Louisiana,SAIFI with MED,2.7221959988177518,interruptions per customer,49.0
2024,Maine,SAIFI with MED,3.635690269590139,interruptions per customer,51.0
2024,Maryland,SAIFI with MED,0.8170809222512362,interruptions per customer,3.0
2024,Massachusetts,SAIFI with MED,0.8433504671876976,interruptions per customer,5.0
2024,Michigan,SAIFI with MED,1.3564750376553967,interruptions per customer,28.0
2024,Minnesota,SAIFI with MED,1.2504041171042126,interruptions per customer,20.0
2024,Mississippi,SAIFI with MED,2.289469851833107,interruptions per customer,45.0
2024,Missouri,SAIFI with MED,1.173664666723865,interruptions per customer,18.0
2024,Montana,SAIFI with MED,1.585275646549226,interruptions per customer,31.0
2024,Nebraska,SAIFI with MED,1.1811644542454505,interruptions per customer,19.0
2024,Nevada,SAIFI with MED,1.107636770322585,interruptions per customer,15.0
2024,New Hampshire,SAIFI with MED,2.020801491967189,interruptions per customer,40.0
2024,New Jersey,SAIFI with MED,1.1189103779394693,interruptions per customer,16.0
2024,New Mexico,SAIFI with MED,1.320622310313992,interruptions per customer,24.0
2024,New York,SAIFI with MED,0.9099606044633373,interruptions per customer,10.0
2024,North Carolina,SAIFI with MED,1.7887677253400511,interruptions per customer,36.0
2024,North Dakota,SAIFI with MED,0.9145516363247346,interruptions per customer,11.0
2024,Ohio,SAIFI with MED,1.291581112543606,interruptions per customer,23.0
2024,Oklahoma,SAIFI with MED,1.7306447060571921,interruptions per customer,34.0
2024,Oregon,SAIFI with MED,1.331445324934456,interruptions per customer,25.0
2024,Pennsylvania,SAIFI with MED,1.3534329527268198,interruptions per customer,27.0
2024,Rhode Island,SAIFI with MED,0.896,interruptions per customer,9.0
2024,South Carolina,SAIFI with MED,2.1875487237589977,interruptions per customer,44.0
2024,South Dakota,SAIFI with MED,0.765429343246465,interruptions per customer,2.0
2024,Tennessee,SAIFI with MED,1.9636068938757278,interruptions per customer,39.0
2024,Texas,SAIFI with MED,2.0441918065629956,interruptions per customer,41.0
2024,Utah,SAIFI with MED,0.9861697669459786,interruptions per customer,13.0
2024,Vermont,SAIFI with MED,2.5155661497201147,interruptions per customer,46.0
2024,Virginia,SAIFI with MED,1.612805489025865,interruptions per customer,32.0
2024,Washington,SAIFI with MED,1.7518910299620345,interruptions per customer,35.0
2024,West Virginia,SAIFI with MED,2.832443700854607,interruptions per customer,50.0
2024,Wisconsin,SAIFI with MED,1.0203506955069006,interruptions per customer,14.0
2024,Wyoming,SAIFI with MED,0.8857014923174922,interruptions per customer,8.0
2024,Alabama,SAIFI without MED,1.0150093790520769,interruptions per customer,29.0
2024,Alaska,SAIFI without MED,1.75819513145407,interruptions per customer,47.0
2024,Arizona,SAIFI without MED,0.8861714553885878,interruptions per customer,19.0
2024,Arkansas,SAIFI without MED,1.5452517446376994,interruptions per customer,43.0
2024,California,SAIFI without MED,1.1517753247113727,interruptions per customer,38.0
2024,Colorado,SAIFI without MED,1.106311940254653,interruptions per customer,33.0
2024,Connecticut,SAIFI without MED,0.6442963273640893,interruptions per customer,5.0
2024,Delaware,SAIFI without MED,0.7172396834879212,interruptions per customer,9.0
2024,District of Columbia,SAIFI without MED,0.24600000000000002,interruptions per customer,1.0
2024,Florida,SAIFI without MED,0.7485296056235203,interruptions per customer,12.0
2024,Georgia,SAIFI without MED,1.247295126405442,interruptions per customer,40.0
2024,Hawaii,SAIFI without MED,2.1801525768146908,interruptions per customer,50.0
2024,Idaho,SAIFI without MED,1.1130549467513595,interruptions per customer,34.0
2024,Illinois,SAIFI without MED,0.6343193621238767,interruptions per customer,4.0
2024,Indiana,SAIFI without MED,0.9774699376158356,interruptions per customer,25.0
2024,Iowa,SAIFI without MED,0.8746063163084002,interruptions per customer,17.0
2024,Kansas,SAIFI without MED,0.9411663092681606,interruptions per customer,22.0
2024,Kentucky,SAIFI without MED,1.3160548431574577,interruptions per customer,41.0
2024,Louisiana,SAIFI without MED,1.7269983631408972,interruptions per customer,45.0
2024,Maine,SAIFI without MED,2.1387575809119928,interruptions per customer,49.0
2024,Maryland,SAIFI without MED,0.6856114285756839,interruptions per customer,8.0
2024,Massachusetts,SAIFI without MED,0.7344304522515614,interruptions per customer,11.0
2024,Michigan,SAIFI without MED,0.9829963951328821,interruptions per customer,26.0
2024,Minnesota,SAIFI without MED,0.8843582634745969,interruptions per customer,18.0
2024,Mississippi,SAIFI without MED,1.759093655398393,interruptions per customer,48.0
2024,Missouri,SAIFI without MED,0.8944142201131378,interruptions per customer,20.0
2024,Montana,SAIFI without MED,1.1351115198398745,interruptions per customer,36.0
2024,Nebraska,SAIFI without MED,0.570117445390969,interruptions per customer,2.0
2024,Nevada,SAIFI without MED,0.6584562779272278,interruptions per customer,6.0
2024,New Hampshire,SAIFI without MED,0.9848816953766869,interruptions per customer,27.0
2024,New Jersey,SAIFI without MED,0.9481821881255865,interruptions per customer,23.0
2024,New Mexico,SAIFI without MED,1.0566170666800334,interruptions per customer,30.0
2024,New York,SAIFI without MED,0.6099875915141371,interruptions per customer,3.0
2024,North Carolina,SAIFI without MED,1.1439086913385765,interruptions per customer,37.0
2024,North Dakota,SAIFI without MED,0.8568621449900927,interruptions per customer,16.0
2024,Ohio,SAIFI without MED,0.9941550670642033,interruptions per customer,28.0
2024,Oklahoma,SAIFI without MED,1.1337089461116565,interruptions per customer,35.0
2024,Oregon,SAIFI without MED,0.8174029518854442,interruptions per customer,14.0
2024,Pennsylvania,SAIFI without MED,0.9709222696040403,interruptions per customer,24.0
2024,Rhode Island,SAIFI without MED,0.761,interruptions per customer,13.0
2024,South Carolina,SAIFI without MED,1.1017952729622855,interruptions per customer,32.0
2024,South Dakota,SAIFI without MED,0.6763014941631043,interruptions per customer,7.0
2024,Tennessee,SAIFI without MED,1.727747386440728,interruptions per customer,46.0
2024,Texas,SAIFI without MED,1.1620687842396855,interruptions per customer,39.0
2024,Utah,SAIFI without MED,0.8991689829915982,interruptions per customer,21.0
2024,Vermont,SAIFI without MED,1.553899004490597,interruptions per customer,44.0
2024,Virginia,SAIFI without MED,1.3354181796819629,interruptions per customer,42.0
2024,Washington,SAIFI without MED,1.0698018886879646,interruptions per customer,31.0
2024,West Virginia,SAIFI without MED,2.286508106338227,interruptions per customer,51.0
2024,Wisconsin,SAIFI without MED,0.723651266313014,interruptions per customer,10.0
2024,Wyoming,SAIFI without MED,0.8239025740911886,interruptions per customer,15.0
2024,Alabama,CAIDI with MED,152.65006853289643,outage minutes per interruption,16.0
2024,Alaska,CAIDI with MED,126.27421338056536,outage minutes per interruption,9.0
2024,Arizona,CAIDI with MED,89.75729617433394,outage minutes per interruption,1.0
2024,Arkansas,CAIDI with MED,245.70566274184586,outage minutes per interruption,31.0
2024,California,CAIDI with MED,207.9606290830937,outage minutes per interruption,26.0
2024,Colorado,CAIDI with MED,184.28409155179173,outage minutes per interruption,22.0
2024,Connecticut,CAIDI with MED,175.48199278279813,outage minutes per interruption,19.0
2024,Delaware,CAIDI with MED,137.80272764564523,outage minutes per interruption,10.0
2024,District of Columbia,CAIDI with MED,120.22878228782287,outage minutes per interruption,5.0
2024,Florida,CAIDI with MED,782.5669808746907,outage minutes per interruption,49.0
2024,Georgia,CAIDI with MED,586.8332170679535,outage minutes per interruption,47.0
2024,Hawaii,CAIDI with MED,122.55973216397452,outage minutes per interruption,8.0
2024,Idaho,CAIDI with MED,180.79534836047267,outage minutes per interruption,21.0
2024,Illinois,CAIDI with MED,184.53534727003492,outage minutes per interruption,23.0
2024,Indiana,CAIDI with MED,244.64080600612587,outage minutes per interruption,30.0
2024,Iowa,CAIDI with MED,144.9519177862502,outage minutes per interruption,14.0
2024,Kansas,CAIDI with MED,202.23002276478567,outage minutes per interruption,25.0
2024,Kentucky,CAIDI with MED,331.66366964046523,outage minutes per interruption,38.0
2024,Louisiana,CAIDI with MED,267.230760386853,outage minutes per interruption,37.0
2024,Maine,CAIDI with MED,480.9449675373728,outage minutes per interruption,45.0
2024,Maryland,CAIDI with MED,144.5250034325047,outage minutes per interruption,13.0
2024,Massachusetts,CAIDI with MED,120.9276781741833,outage minutes per interruption,6.0
2024,Michigan,CAIDI with MED,346.80823597050323,outage minutes per interruption,39.0
2024,Minnesota,CAIDI with MED,175.64001205529837,outage minutes per interruption,20.0
2024,Mississippi,CAIDI with MED,247.70309749871123,outage minutes per interruption,32.0
2024,Missouri,CAIDI with MED,191.0938697382611,outage minutes per interruption,24.0
2024,Montana,CAIDI with MED,221.70085565380444,outage minutes per interruption,28.0
2024,Nebraska,CAIDI with MED,543.2811858565211,outage minutes per interruption,46.0
2024,Nevada,CAIDI with MED,143.42502707131743,outage minutes per interruption,12.0
2024,New Hampshire,CAIDI with MED,456.5785155027162,outage minutes per interruption,44.0
2024,New Jersey,CAIDI with MED,155.72792150805282,outage minutes per interruption,17.0
2024,New Mexico,CAIDI with MED,211.1026709526886,outage minutes per interruption,27.0
2024,New York,CAIDI with MED,241.65933354339123,outage minutes per interruption,29.0
2024,North Carolina,CAIDI with MED,805.5601614515208,outage minutes per interruption,50.0
2024,North Dakota,CAIDI with MED,108.360769786301,outage minutes per interruption,2.0
2024,Ohio,CAIDI with MED,395.23450789010803,outage minutes per interruption,41.0
2024,Oklahoma,CAIDI with MED,156.5385863963491,outage minutes per interruption,18.0
2024,Oregon,CAIDI with MED,443.8727629236443,outage minutes per interruption,43.0
2024,Pennsylvania,CAIDI with MED,248.3252242837012,outage minutes per interruption,33.0
2024,Rhode Island,CAIDI with MED,116.35044642857143,outage minutes per interruption,4.0
2024,South Carolina,CAIDI with MED,1433.8095387940195,outage minutes per interruption,51.0
2024,South Dakota,CAIDI with MED,110.71556165889434,outage minutes per interruption,3.0
2024,Tennessee,CAIDI with MED,141.90100843953752,outage minutes per interruption,11.0
2024,Texas,CAIDI with MED,621.5478161432651,outage minutes per interruption,48.0
2024,Utah,CAIDI with MED,121.45940121402637,outage minutes per interruption,7.0
2024,Vermont,CAIDI with MED,259.0385782196235,outage minutes per interruption,35.0
2024,Virginia,CAIDI with MED,257.99320109594385,outage minutes per interruption,34.0
2024,Washington,CAIDI with MED,355.8750631672512,outage minutes per interruption,40.0
2024,West Virginia,CAIDI with MED,411.48736260613526,outage minutes per interruption,42.0
2024,Wisconsin,CAIDI with MED,260.79525764900643,outage minutes per interruption,36.0
2024,Wyoming,CAIDI with MED,145.95859195644965,outage minutes per interruption,15.0
2024,Alabama,CAIDI without MED,116.0420567846528,outage minutes per interruption,25.0
2024,Alaska,CAIDI without MED,103.33118925908482,outage minutes per interruption,13.0
2024,Arizona,CAIDI without MED,81.22122077319487,outage minutes per interruption,2.0
2024,Arkansas,CAIDI without MED,125.95008322696732,outage minutes per interruption,34.0
2024,California,CAIDI without MED,137.09237773234418,outage minutes per interruption,41.0
2024,Colorado,CAIDI without MED,107.59767771896668,outage minutes per interruption,19.0
2024,Connecticut,CAIDI without MED,113.43304403743093,outage minutes per interruption,23.0
2024,Delaware,CAIDI without MED,91.93835472144745,outage minutes per interruption,5.0
2024,District of Columbia,CAIDI without MED,107.16666666666667,outage minutes per interruption,18.0
2024,Florida,CAIDI without MED,87.23575951356834,outage minutes per interruption,3.0
2024,Georgia,CAIDI without MED,170.1970286323549,outage minutes per interruption,50.0
2024,Hawaii,CAIDI without MED,103.45872301735007,outage minutes per interruption,14.0
2024,Idaho,CAIDI without MED,156.34875794432233,outage minutes per interruption,47.0
2024,Illinois,CAIDI without MED,92.25525681876266,outage minutes per interruption,7.0
2024,Indiana,CAIDI without MED,123.01456035247003,outage minutes per interruption,31.0
2024,Iowa,CAIDI without MED,101.2894482889598,outage minutes per interruption,10.0
2024,Kansas,CAIDI without MED,110.12214059072784,outage minutes per interruption,22.0
2024,Kentucky,CAIDI without MED,116.10574329880886,outage minutes per interruption,26.0
2024,Louisiana,CAIDI without MED,117.61880529300011,outage minutes per interruption,28.0
2024,Maine,CAIDI without MED,128.12811167382367,outage minutes per interruption,35.0
2024,Maryland,CAIDI without MED,109.58366858138338,outage minutes per interruption,20.0
2024,Massachusetts,CAIDI without MED,102.33257982018671,outage minutes per interruption,12.0
2024,Michigan,CAIDI without MED,162.44046729865386,outage minutes per interruption,48.0
2024,Minnesota,CAIDI without MED,102.25246835970282,outage minutes per interruption,11.0
2024,Mississippi,CAIDI without MED,147.5855172266054,outage minutes per interruption,45.0
2024,Missouri,CAIDI without MED,117.42738020262821,outage minutes per interruption,27.0
2024,Montana,CAIDI without MED,137.9568731619225,outage minutes per interruption,42.0
2024,Nebraska,CAIDI without MED,129.13364734808417,outage minutes per interruption,36.0
2024,Nevada,CAIDI without MED,96.96311565336673,outage minutes per interruption,8.0
2024,New Hampshire,CAIDI without MED,134.32315611802957,outage minutes per interruption,39.0
2024,New Jersey,CAIDI without MED,105.15855977725563,outage minutes per interruption,16.0
2024,New Mexico,CAIDI without MED,141.10524072723433,outage minutes per interruption,43.0
2024,New York,CAIDI without MED,117.77058760877053,outage minutes per interruption,29.0
2024,North Carolina,CAIDI without MED,122.21242207886546,outage minutes per interruption,30.0
2024,North Dakota,CAIDI without MED,98.31720928896948,outage minutes per interruption,9.0
2024,Ohio,CAIDI without MED,134.0168421194712,outage minutes per interruption,38.0
2024,Oklahoma,CAIDI without MED,104.27146800141354,outage minutes per interruption,15.0
2024,Oregon,CAIDI without MED,154.48425986546826,outage minutes per interruption,46.0
2024,Pennsylvania,CAIDI without MED,134.89465256395124,outage minutes per interruption,40.0
2024,Rhode Island,CAIDI without MED,79.88173455978975,outage minutes per interruption,1.0
2024,South Carolina,CAIDI without MED,105.61323082902469,outage minutes per interruption,17.0
2024,South Dakota,CAIDI without MED,91.81865432243004,outage minutes per interruption,4.0
2024,Tennessee,CAIDI without MED,92.06402960117322,outage minutes per interruption,6.0
2024,Texas,CAIDI without MED,109.83257322284997,outage minutes per interruption,21.0
2024,Utah,CAIDI without MED,115.4772411916129,outage minutes per interruption,24.0
2024,Vermont,CAIDI without MED,165.53397716091655,outage minutes per interruption,49.0
2024,Virginia,CAIDI without MED,124.39863284035339,outage minutes per interruption,32.0
2024,Washington,CAIDI without MED,145.96395351152913,outage minutes per interruption,44.0
2024,West Virginia,CAIDI without MED,212.61311124288966,outage minutes per interruption,51.0
2024,Wisconsin,CAIDI without MED,125.20130537138864,outage minutes per interruption,33.0
2024,Wyoming,CAIDI without MED,132.40874357277474,outage minutes per interruption,37.0
2024,Alabama,Efficiency Programs - RY Electricity Savings - Residential Sector,25468.057,MWh,35.0
2024,Arizona,Efficiency Programs - RY Electricity Savings - Residential Sector,676939.084,MWh,3.0
2024,Arkansas,Efficiency Programs - RY Electricity Savings - Residential Sector,139347.53,MWh,20.0
2024,California,Efficiency Programs - RY Electricity Savings - Residential Sector,1211754.973,MWh,2.0
2024,Colorado,Efficiency Programs - RY Electricity Savings - Residential Sector,107577.852,MWh,21.0
2024,Connecticut,Efficiency Programs - RY Electricity Savings - Residential Sector,30068.004,MWh,34.0
2024,Delaware,Efficiency Programs - RY Electricity Savings - Residential Sector,4529.709,MWh,47.0
2024,District of Columbia,Efficiency Programs - RY Electricity Savings - Residential Sector,5779.036,MWh,46.0
2024,Florida,Efficiency Programs - RY Electricity Savings - Residential Sector,201149.398,MWh,15.0
2024,Georgia,Efficiency Programs - RY Electricity Savings - Residential Sector,140701.12600000002,MWh,19.0
2024,Hawaii,Efficiency Programs - RY Electricity Savings - Residential Sector,23230.767,MWh,37.0
2024,Idaho,Efficiency Programs - RY Electricity Savings - Residential Sector,47033.875,MWh,32.0
2024,Illinois,Efficiency Programs - RY Electricity Savings - Residential Sector,2394336.107,MWh,1.0
2024,Indiana,Efficiency Programs - RY Electricity Savings - Residential Sector,232791.53,MWh,10.0
2024,Iowa,Efficiency Programs - RY Electricity Savings - Residential Sector,66152.057,MWh,26.0
2024,Kansas,Efficiency Programs - RY Electricity Savings - Residential Sector,12255.054,MWh,41.0
2024,Kentucky,Efficiency Programs - RY Electricity Savings - Residential Sector,25339.311,MWh,36.0
2024,Louisiana,Efficiency Programs - RY Electricity Savings - Residential Sector,100735.272,MWh,22.0
2024,Maine,Efficiency Programs - RY Electricity Savings - Residential Sector,11837.056,MWh,42.0
2024,Maryland,Efficiency Programs - RY Electricity Savings - Residential Sector,446715.11699999997,MWh,6.0
2024,Massachusetts,Efficiency Programs - RY Electricity Savings - Residential Sector,85863.51,MWh,25.0
2024,Michigan,Efficiency Programs - RY Electricity Savings - Residential Sector,373012.566,MWh,8.0
2024,Minnesota,Efficiency Programs - RY Electricity Savings - Residential Sector,208926.327,MWh,12.0
2024,Mississippi,Efficiency Programs - RY Electricity Savings - Residential Sector,50286.03,MWh,31.0
2024,Missouri,Efficiency Programs - RY Electricity Savings - Residential Sector,85896.574,MWh,24.0
2024,Montana,Efficiency Programs - RY Electricity Savings - Residential Sector,9511.395,MWh,45.0
2024,Nebraska,Efficiency Programs - RY Electricity Savings - Residential Sector,9611.282,MWh,44.0
2024,Nevada,Efficiency Programs - RY Electricity Savings - Residential Sector,64866.997,MWh,27.0
2024,New Hampshire,Efficiency Programs - RY Electricity Savings - Residential Sector,19389.003,MWh,39.0
2024,New Jersey,Efficiency Programs - RY Electricity Savings - Residential Sector,218338.30000000002,MWh,11.0
2024,New Mexico,Efficiency Programs - RY Electricity Savings - Residential Sector,91948.07,MWh,23.0
2024,New York,Efficiency Programs - RY Electricity Savings - Residential Sector,574240.942,MWh,5.0
2024,North Carolina,Efficiency Programs - RY Electricity Savings - Residential Sector,618413.513,MWh,4.0
2024,North Dakota,Efficiency Programs - RY Electricity Savings - Residential Sector,57.81,MWh,50.0
2024,Ohio,Efficiency Programs - RY Electricity Savings - Residential Sector,17151.523,MWh,40.0
2024,Oklahoma,Efficiency Programs - RY Electricity Savings - Residential Sector,143180.34600000002,MWh,18.0
2024,Oregon,Efficiency Programs - RY Electricity Savings - Residential Sector,54063.09,MWh,30.0
2024,Pennsylvania,Efficiency Programs - RY Electricity Savings - Residential Sector,307356.80799999996,MWh,9.0
2024,Rhode Island,Efficiency Programs - RY Electricity Savings - Residential Sector,36856.127,MWh,33.0
2024,South Carolina,Efficiency Programs - RY Electricity Savings - Residential Sector,205798.26,MWh,14.0
2024,South Dakota,Efficiency Programs - RY Electricity Savings - Residential Sector,3828.3749999999995,MWh,48.0
2024,Tennessee,Efficiency Programs - RY Electricity Savings - Residential Sector,54440.0,MWh,29.0
2024,Texas,Efficiency Programs - RY Electricity Savings - Residential Sector,400654.904,MWh,7.0
2024,Utah,Efficiency Programs - RY Electricity Savings - Residential Sector,196873.01099999997,MWh,16.0
2024,Vermont,Efficiency Programs - RY Electricity Savings - Residential Sector,20227.175,MWh,38.0
2024,Virginia,Efficiency Programs - RY Electricity Savings - Residential Sector,163381.404,MWh,17.0
2024,Washington,Efficiency Programs - RY Electricity Savings - Residential Sector,208685.723,MWh,13.0
2024,West Virginia,Efficiency Programs - RY Electricity Savings - Residential Sector,1647.3,MWh,49.0
2024,Wisconsin,Efficiency Programs - RY Electricity Savings - Residential Sector,60473.339,MWh,28.0
2024,Wyoming,Efficiency Programs - RY Electricity Savings - Residential Sector,11363.394,MWh,43.0
2024,Alabama,Efficiency Programs - RY Electricity Savings - Commercial Sector,6125.0,MWh,48.0
2024,Arizona,Efficiency Programs - RY Electricity Savings - Commercial Sector,447540.032,MWh,8.0
2024,Arkansas,Efficiency Programs - RY Electricity Savings - Commercial Sector,91400.294,MWh,30.0
2024,California,Efficiency Programs - RY Electricity Savings - Commercial Sector,985978.064,MWh,3.0
2024,Colorado,Efficiency Programs - RY Electricity Savings - Commercial Sector,323216.252,MWh,12.0
2024,Connecticut,Efficiency Programs - RY Electricity Savings - Commercial Sector,110297.742,MWh,25.0
2024,Delaware,Efficiency Programs - RY Electricity Savings - Commercial Sector,14517.395999999999,MWh,46.0
2024,District of Columbia,Efficiency Programs - RY Electricity Savings - Commercial Sector,88264.131,MWh,31.0
2024,Florida,Efficiency Programs - RY Electricity Savings - Commercial Sector,135824.595,MWh,23.0
2024,Georgia,Efficiency Programs - RY Electricity Savings - Commercial Sector,312213.82,MWh,13.0
2024,Hawaii,Efficiency Programs - RY Electricity Savings - Commercial Sector,38356.547000000006,MWh,41.0
2024,Idaho,Efficiency Programs - RY Electricity Savings - Commercial Sector,57725.387,MWh,34.0
2024,Illinois,Efficiency Programs - RY Electricity Savings - Commercial Sector,1170171.651,MWh,1.0
2024,Indiana,Efficiency Programs - RY Electricity Savings - Commercial Sector,362507.355,MWh,10.0
2024,Iowa,Efficiency Programs - RY Electricity Savings - Commercial Sector,165239.521,MWh,18.0
2024,Kansas,Efficiency Programs - RY Electricity Savings - Commercial Sector,7469.493,MWh,47.0
2024,Kentucky,Efficiency Programs - RY Electricity Savings - Commercial Sector,44481.286,MWh,38.0
2024,Louisiana,Efficiency Programs - RY Electricity Savings - Commercial Sector,92377.575,MWh,29.0
2024,Maine,Efficiency Programs - RY Electricity Savings - Commercial Sector,41297.286,MWh,39.0
2024,Maryland,Efficiency Programs - RY Electricity Savings - Commercial Sector,437524.367,MWh,9.0
2024,Massachusetts,Efficiency Programs - RY Electricity Savings - Commercial Sector,295220.991,MWh,15.0
2024,Michigan,Efficiency Programs - RY Electricity Savings - Commercial Sector,1165726.398,MWh,2.0
2024,Minnesota,Efficiency Programs - RY Electricity Savings - Commercial Sector,356460.614,MWh,11.0
2024,Mississippi,Efficiency Programs - RY Electricity Savings - Commercial Sector,57015.42,MWh,35.0
2024,Missouri,Efficiency Programs - RY Electricity Savings - Commercial Sector,183726.998,MWh,17.0
2024,Montana,Efficiency Programs - RY Electricity Savings - Commercial Sector,51636.198,MWh,37.0
2024,Nebraska,Efficiency Programs - RY Electricity Savings - Commercial Sector,15046.802000000001,MWh,45.0
2024,Nevada,Efficiency Programs - RY Electricity Savings - Commercial Sector,165205.0,MWh,19.0
2024,New Hampshire,Efficiency Programs - RY Electricity Savings - Commercial Sector,64072.812,MWh,33.0
2024,New Jersey,Efficiency Programs - RY Electricity Savings - Commercial Sector,718987.929,MWh,5.0
2024,New Mexico,Efficiency Programs - RY Electricity Savings - Commercial Sector,35071.416,MWh,42.0
2024,New York,Efficiency Programs - RY Electricity Savings - Commercial Sector,772311.0889999999,MWh,4.0
2024,North Carolina,Efficiency Programs - RY Electricity Savings - Commercial Sector,260901.623,MWh,16.0
2024,North Dakota,Efficiency Programs - RY Electricity Savings - Commercial Sector,205.4,MWh,49.0
2024,Ohio,Efficiency Programs - RY Electricity Savings - Commercial Sector,52351.028,MWh,36.0
2024,Oklahoma,Efficiency Programs - RY Electricity Savings - Commercial Sector,107397.196,MWh,27.0
2024,Oregon,Efficiency Programs - RY Electricity Savings - Commercial Sector,139984.683,MWh,21.0
2024,Pennsylvania,Efficiency Programs - RY Electricity Savings - Commercial Sector,569237.095,MWh,6.0
2024,Rhode Island,Efficiency Programs - RY Electricity Savings - Commercial Sector,25429.8,MWh,43.0
2024,South Carolina,Efficiency Programs - RY Electricity Savings - Commercial Sector,110235.26199999999,MWh,26.0
2024,South Dakota,Efficiency Programs - RY Electricity Savings - Commercial Sector,19681.15,MWh,44.0
2024,Tennessee,Efficiency Programs - RY Electricity Savings - Commercial Sector,101705.0,MWh,28.0
2024,Texas,Efficiency Programs - RY Electricity Savings - Commercial Sector,479536.86699999997,MWh,7.0
2024,Utah,Efficiency Programs - RY Electricity Savings - Commercial Sector,123525.504,MWh,24.0
2024,Vermont,Efficiency Programs - RY Electricity Savings - Commercial Sector,39943.727,MWh,40.0
2024,Virginia,Efficiency Programs - RY Electricity Savings - Commercial Sector,135881.082,MWh,22.0
2024,Washington,Efficiency Programs - RY Electricity Savings - Commercial Sector,305707.87600000005,MWh,14.0
2024,West Virginia,Efficiency Programs - RY Electricity Savings - Commercial Sector,0.0,MWh,50.0
2024,Wisconsin,Efficiency Programs - RY Electricity Savings - Commercial Sector,148947.979,MWh,20.0
2024,Wyoming,Efficiency Programs - RY Electricity Savings - Commercial Sector,65103.799,MWh,32.0
2024,Alabama,Efficiency Programs - RY Electricity Savings - Industrial Sector,21383.0,MWh,22.0
2024,Arizona,Efficiency Programs - RY Electricity Savings - Industrial Sector,23987.0,MWh,20.0
2024,Arkansas,Efficiency Programs - RY Electricity Savings - Industrial Sector,91024.0,MWh,10.0
2024,California,Efficiency Programs - RY Electricity Savings - Industrial Sector,127775.41100000001,MWh,7.0
2024,Colorado,Efficiency Programs - RY Electricity Savings - Industrial Sector,96974.11,MWh,9.0
2024,Connecticut,Efficiency Programs - RY Electricity Savings - Industrial Sector,29327.056,MWh,17.0
2024,Delaware,Efficiency Programs - RY Electricity Savings - Industrial Sector,186.0,MWh,43.0
2024,District of Columbia,Efficiency Programs - RY Electricity Savings - Industrial Sector,0.0,MWh,50.0
2024,Florida,Efficiency Programs - RY Electricity Savings - Industrial Sector,8150.0,MWh,27.0
2024,Georgia,Efficiency Programs - RY Electricity Savings - Industrial Sector,2528.35,MWh,34.0
2024,Hawaii,Efficiency Programs - RY Electricity Savings - Industrial Sector,446.196,MWh,42.0
2024,Idaho,Efficiency Programs - RY Electricity Savings - Industrial Sector,88826.736,MWh,11.0
2024,Illinois,Efficiency Programs - RY Electricity Savings - Industrial Sector,5243.339999999999,MWh,30.0
2024,Indiana,Efficiency Programs - RY Electricity Savings - Industrial Sector,14390.397,MWh,24.0
2024,Iowa,Efficiency Programs - RY Electricity Savings - Industrial Sector,61802.981,MWh,13.0
2024,Kansas,Efficiency Programs - RY Electricity Savings - Industrial Sector,0.0,MWh,50.0
2024,Kentucky,Efficiency Programs - RY Electricity Savings - Industrial Sector,2063.0,MWh,36.0
2024,Louisiana,Efficiency Programs - RY Electricity Savings - Industrial Sector,1349.78,MWh,38.0
2024,Maine,Efficiency Programs - RY Electricity Savings - Industrial Sector,0.0,MWh,50.0
2024,Maryland,Efficiency Programs - RY Electricity Savings - Industrial Sector,20471.73,MWh,23.0
2024,Massachusetts,Efficiency Programs - RY Electricity Savings - Industrial Sector,54230.051999999996,MWh,16.0
2024,Michigan,Efficiency Programs - RY Electricity Savings - Industrial Sector,136165.08,MWh,4.0
2024,Minnesota,Efficiency Programs - RY Electricity Savings - Industrial Sector,131676.528,MWh,6.0
2024,Mississippi,Efficiency Programs - RY Electricity Savings - Industrial Sector,7068.0,MWh,29.0
2024,Missouri,Efficiency Programs - RY Electricity Savings - Industrial Sector,2459.588,MWh,35.0
2024,Montana,Efficiency Programs - RY Electricity Savings - Industrial Sector,448.539,MWh,41.0
2024,Nebraska,Efficiency Programs - RY Electricity Savings - Industrial Sector,7730.9439999999995,MWh,28.0
2024,Nevada,Efficiency Programs - RY Electricity Savings - Industrial Sector,0.0,MWh,50.0
2024,New Hampshire,Efficiency Programs - RY Electricity Savings - Industrial Sector,3775.491,MWh,32.0
2024,New Jersey,Efficiency Programs - RY Electricity Savings - Industrial Sector,4727.755,MWh,31.0
2024,New Mexico,Efficiency Programs - RY Electricity Savings - Industrial Sector,57812.998999999996,MWh,15.0
2024,New York,Efficiency Programs - RY Electricity Savings - Industrial Sector,116269.0,MWh,8.0
2024,North Carolina,Efficiency Programs - RY Electricity Savings - Industrial Sector,654.967,MWh,39.0
2024,North Dakota,Efficiency Programs - RY Electricity Savings - Industrial Sector,0.0,MWh,50.0
2024,Ohio,Efficiency Programs - RY Electricity Savings - Industrial Sector,27321.120000000003,MWh,18.0
2024,Oklahoma,Efficiency Programs - RY Electricity Savings - Industrial Sector,63829.196,MWh,12.0
2024,Oregon,Efficiency Programs - RY Electricity Savings - Industrial Sector,162461.274,MWh,3.0
2024,Pennsylvania,Efficiency Programs - RY Electricity Savings - Industrial Sector,258400.369,MWh,1.0
2024,Rhode Island,Efficiency Programs - RY Electricity Savings - Industrial Sector,11651.84,MWh,25.0
2024,South Carolina,Efficiency Programs - RY Electricity Savings - Industrial Sector,3669.322,MWh,33.0
2024,South Dakota,Efficiency Programs - RY Electricity Savings - Industrial Sector,1760.112,MWh,37.0
2024,Tennessee,Efficiency Programs - RY Electricity Savings - Industrial Sector,25124.0,MWh,19.0
2024,Texas,Efficiency Programs - RY Electricity Savings - Industrial Sector,11235.938,MWh,26.0
2024,Utah,Efficiency Programs - RY Electricity Savings - Industrial Sector,60331.526,MWh,14.0
2024,Vermont,Efficiency Programs - RY Electricity Savings - Industrial Sector,0.0,MWh,50.0
2024,Virginia,Efficiency Programs - RY Electricity Savings - Industrial Sector,509.346,MWh,40.0
2024,Washington,Efficiency Programs - RY Electricity Savings - Industrial Sector,132451.706,MWh,5.0
2024,West Virginia,Efficiency Programs - RY Electricity Savings - Industrial Sector,0.0,MWh,50.0
2024,Wisconsin,Efficiency Programs - RY Electricity Savings - Industrial Sector,240446.049,MWh,2.0
2024,Wyoming,Efficiency Programs - RY Electricity Savings - Industrial Sector,21946.417,MWh,21.0
2024,Alabama,Efficiency Programs - RY Electricity Savings - Transportation Sector,0.0,$/kWh,1.0
2024,Arizona,Efficiency Programs - RY Electricity Savings - Transportation Sector,0.0,$/kWh,1.0
2024,Arkansas,Efficiency Programs - RY Electricity Savings - Transportation Sector,0.0,$/kWh,1.0
2024,California,Efficiency Programs - RY Electricity Savings - Transportation Sector,0.0,$/kWh,1.0
2024,Colorado,Efficiency Programs - RY Electricity Savings - Transportation Sector,0.0,$/kWh,1.0
2024,Connecticut,Efficiency Programs - RY Electricity Savings - Transportation Sector,0.0,$/kWh,1.0
2024,Delaware,Efficiency Programs - RY Electricity Savings - Transportation Sector,0.0,$/kWh,1.0
2024,District of Columbia,Efficiency Programs - RY Electricity Savings - Transportation Sector,0.0,$/kWh,1.0
2024,Florida,Efficiency Programs - RY Electricity Savings - Transportation Sector,0.0,$/kWh,1.0
2024,Georgia,Efficiency Programs - RY Electricity Savings - Transportation Sector,0.0,$/kWh,1.0
2024,Hawaii,Efficiency Programs - RY Electricity Savings - Transportation Sector,0.0,$/kWh,1.0
2024,Idaho,Efficiency Programs - RY Electricity Savings - Transportation Sector,0.0,$/kWh,1.0
2024,Illinois,Efficiency Programs - RY Electricity Savings - Transportation Sector,0.0,$/kWh,1.0
2024,Indiana,Efficiency Programs - RY Electricity Savings - Transportation Sector,0.0,$/kWh,1.0
2024,Iowa,Efficiency Programs - RY Electricity Savings - Transportation Sector,0.0,$/kWh,1.0
2024,Kansas,Efficiency Programs - RY Electricity Savings - Transportation Sector,0.0,$/kWh,1.0
2024,Kentucky,Efficiency Programs - RY Electricity Savings - Transportation Sector,0.0,$/kWh,1.0
2024,Louisiana,Efficiency Programs - RY Electricity Savings - Transportation Sector,0.0,$/kWh,1.0
2024,Maine,Efficiency Programs - RY Electricity Savings - Transportation Sector,0.0,$/kWh,1.0
2024,Maryland,Efficiency Programs - RY Electricity Savings - Transportation Sector,0.0,$/kWh,1.0
2024,Massachusetts,Efficiency Programs - RY Electricity Savings - Transportation Sector,0.0,$/kWh,1.0
2024,Michigan,Efficiency Programs - RY Electricity Savings - Transportation Sector,0.0,$/kWh,1.0
2024,Minnesota,Efficiency Programs - RY Electricity Savings - Transportation Sector,0.0,$/kWh,1.0
2024,Mississippi,Efficiency Programs - RY Electricity Savings - Transportation Sector,0.0,$/kWh,1.0
2024,Missouri,Efficiency Programs - RY Electricity Savings - Transportation Sector,0.0,$/kWh,1.0
2024,Montana,Efficiency Programs - RY Electricity Savings - Transportation Sector,0.0,$/kWh,1.0
2024,Nebraska,Efficiency Programs - RY Electricity Savings - Transportation Sector,0.0,$/kWh,1.0
2024,Nevada,Efficiency Programs - RY Electricity Savings - Transportation Sector,0.0,$/kWh,1.0
2024,New Hampshire,Efficiency Programs - RY Electricity Savings - Transportation Sector,0.0,$/kWh,1.0
2024,New Jersey,Efficiency Programs - RY Electricity Savings - Transportation Sector,0.0,$/kWh,1.0
2024,New Mexico,Efficiency Programs - RY Electricity Savings - Transportation Sector,0.0,$/kWh,1.0
2024,New York,Efficiency Programs - RY Electricity Savings - Transportation Sector,9.959,$/kWh,50.0
2024,North Carolina,Efficiency Programs - RY Electricity Savings - Transportation Sector,0.0,$/kWh,1.0
2024,North Dakota,Efficiency Programs - RY Electricity Savings - Transportation Sector,0.0,$/kWh,1.0
2024,Ohio,Efficiency Programs - RY Electricity Savings - Transportation Sector,0.0,$/kWh,1.0
2024,Oklahoma,Efficiency Programs - RY Electricity Savings - Transportation Sector,0.0,$/kWh,1.0
2024,Oregon,Efficiency Programs - RY Electricity Savings - Transportation Sector,0.0,$/kWh,1.0
2024,Pennsylvania,Efficiency Programs - RY Electricity Savings - Transportation Sector,0.0,$/kWh,1.0
2024,Rhode Island,Efficiency Programs - RY Electricity Savings - Transportation Sector,0.0,$/kWh,1.0
2024,South Carolina,Efficiency Programs - RY Electricity Savings - Transportation Sector,0.0,$/kWh,1.0
2024,South Dakota,Efficiency Programs - RY Electricity Savings - Transportation Sector,0.0,$/kWh,1.0
2024,Tennessee,Efficiency Programs - RY Electricity Savings - Transportation Sector,0.0,$/kWh,1.0
2024,Texas,Efficiency Programs - RY Electricity Savings - Transportation Sector,0.0,$/kWh,1.0
2024,Utah,Efficiency Programs - RY Electricity Savings - Transportation Sector,0.0,$/kWh,1.0
2024,Vermont,Efficiency Programs - RY Electricity Savings - Transportation Sector,0.0,$/kWh,1.0
2024,Virginia,Efficiency Programs - RY Electricity Savings - Transportation Sector,0.0,$/kWh,1.0
2024,Washington,Efficiency Programs - RY Electricity Savings - Transportation Sector,0.0,$/kWh,1.0
2024,West Virginia,Efficiency Programs - RY Electricity Savings - Transportation Sector,0.0,$/kWh,1.0
2024,Wisconsin,Efficiency Programs - RY Electricity Savings - Transportation Sector,0.0,$/kWh,1.0
2024,Wyoming,Efficiency Programs - RY Electricity Savings - Transportation Sector,0.0,$/kWh,1.0
2024,Alabama,Efficiency Programs - RY Electricity Savings - All Sectors,52976.057,MWh,44.0
2024,Arizona,Efficiency Programs - RY Electricity Savings - All Sectors,1148466.116,MWh,5.0
2024,Arkansas,Efficiency Programs - RY Electricity Savings - All Sectors,321771.824,MWh,21.0
2024,California,Efficiency Programs - RY Electricity Savings - All Sectors,2325508.448,MWh,2.0
2024,Colorado,Efficiency Programs - RY Electricity Savings - All Sectors,527768.214,MWh,14.0
2024,Connecticut,Efficiency Programs - RY Electricity Savings - All Sectors,169692.802,MWh,32.0
2024,Delaware,Efficiency Programs - RY Electricity Savings - All Sectors,19233.105,MWh,48.0
2024,District of Columbia,Efficiency Programs - RY Electricity Savings - All Sectors,94043.167,MWh,36.0
2024,Florida,Efficiency Programs - RY Electricity Savings - All Sectors,345123.993,MWh,20.0
2024,Georgia,Efficiency Programs - RY Electricity Savings - All Sectors,455443.296,MWh,15.0
2024,Hawaii,Efficiency Programs - RY Electricity Savings - All Sectors,62033.509999999995,MWh,40.0
2024,Idaho,Efficiency Programs - RY Electricity Savings - All Sectors,193585.99800000002,MWh,29.0
2024,Illinois,Efficiency Programs - RY Electricity Savings - All Sectors,3569751.098,MWh,1.0
2024,Indiana,Efficiency Programs - RY Electricity Savings - All Sectors,609689.282,MWh,13.0
2024,Iowa,Efficiency Programs - RY Electricity Savings - All Sectors,293194.559,MWh,25.0
2024,Kansas,Efficiency Programs - RY Electricity Savings - All Sectors,19724.547,MWh,47.0
2024,Kentucky,Efficiency Programs - RY Electricity Savings - All Sectors,71883.597,MWh,39.0
2024,Louisiana,Efficiency Programs - RY Electricity Savings - All Sectors,194462.627,MWh,28.0
2024,Maine,Efficiency Programs - RY Electricity Savings - All Sectors,53134.342,MWh,43.0
2024,Maryland,Efficiency Programs - RY Electricity Savings - All Sectors,904711.2139999999,MWh,8.0
2024,Massachusetts,Efficiency Programs - RY Electricity Savings - All Sectors,435314.553,MWh,17.0
2024,Michigan,Efficiency Programs - RY Electricity Savings - All Sectors,1674904.044,MWh,3.0
2024,Minnesota,Efficiency Programs - RY Electricity Savings - All Sectors,697063.469,MWh,11.0
2024,Mississippi,Efficiency Programs - RY Electricity Savings - All Sectors,114369.45,MWh,33.0
2024,Missouri,Efficiency Programs - RY Electricity Savings - All Sectors,272083.16000000003,MWh,26.0
2024,Montana,Efficiency Programs - RY Electricity Savings - All Sectors,61596.132,MWh,41.0
2024,Nebraska,Efficiency Programs - RY Electricity Savings - All Sectors,32389.028000000002,MWh,45.0
2024,Nevada,Efficiency Programs - RY Electricity Savings - All Sectors,230071.997,MWh,27.0
2024,New Hampshire,Efficiency Programs - RY Electricity Savings - All Sectors,87237.306,MWh,37.0
2024,New Jersey,Efficiency Programs - RY Electricity Savings - All Sectors,942053.984,MWh,7.0
2024,New Mexico,Efficiency Programs - RY Electricity Savings - All Sectors,184832.485,MWh,30.0
2024,New York,Efficiency Programs - RY Electricity Savings - All Sectors,1462830.99,MWh,4.0
2024,North Carolina,Efficiency Programs - RY Electricity Savings - All Sectors,879970.1029999999,MWh,10.0
2024,North Dakota,Efficiency Programs - RY Electricity Savings - All Sectors,263.21000000000004,MWh,50.0
2024,Ohio,Efficiency Programs - RY Electricity Savings - All Sectors,96823.671,MWh,35.0
2024,Oklahoma,Efficiency Programs - RY Electricity Savings - All Sectors,314406.738,MWh,23.0
2024,Oregon,Efficiency Programs - RY Electricity Savings - All Sectors,356509.047,MWh,19.0
2024,Pennsylvania,Efficiency Programs - RY Electricity Savings - All Sectors,1134994.2719999999,MWh,6.0
2024,Rhode Island,Efficiency Programs - RY Electricity Savings - All Sectors,73937.767,MWh,38.0
2024,South Carolina,Efficiency Programs - RY Electricity Savings - All Sectors,319702.844,MWh,22.0
2024,South Dakota,Efficiency Programs - RY Electricity Savings - All Sectors,25269.637,MWh,46.0
2024,Tennessee,Efficiency Programs - RY Electricity Savings - All Sectors,181269.0,MWh,31.0
2024,Texas,Efficiency Programs - RY Electricity Savings - All Sectors,891427.709,MWh,9.0
2024,Utah,Efficiency Programs - RY Electricity Savings - All Sectors,380730.041,MWh,18.0
2024,Vermont,Efficiency Programs - RY Electricity Savings - All Sectors,60170.902,MWh,42.0
2024,Virginia,Efficiency Programs - RY Electricity Savings - All Sectors,299771.832,MWh,24.0
2024,Washington,Efficiency Programs - RY Electricity Savings - All Sectors,646845.305,MWh,12.0
2024,West Virginia,Efficiency Programs - RY Electricity Savings - All Sectors,1647.3,MWh,49.0
2024,Wisconsin,Efficiency Programs - RY Electricity Savings - All Sectors,449867.367,MWh,16.0
2024,Wyoming,Efficiency Programs - RY Electricity Savings - All Sectors,98413.61,MWh,34.0
2024,Alabama,Efficiency Programs - IL Electricity Savings - Residential Sector,345035.87,MWh,32.0
2024,Arizona,Efficiency Programs - IL Electricity Savings - Residential Sector,5949908.46,MWh,4.0
2024,Arkansas,Efficiency Programs - IL Electricity Savings - Residential Sector,1969006.304,MWh,11.0
2024,California,Efficiency Programs - IL Electricity Savings - Residential Sector,10883411.775,MWh,2.0
2024,Colorado,Efficiency Programs - IL Electricity Savings - Residential Sector,1650935.812,MWh,14.0
2024,Connecticut,Efficiency Programs - IL Electricity Savings - Residential Sector,370841.253,MWh,31.0
2024,Delaware,Efficiency Programs - IL Electricity Savings - Residential Sector,77439.064,MWh,46.0
2024,District of Columbia,Efficiency Programs - IL Electricity Savings - Residential Sector,58288.561,MWh,47.0
2024,Florida,Efficiency Programs - IL Electricity Savings - Residential Sector,2237011.475,MWh,10.0
2024,Georgia,Efficiency Programs - IL Electricity Savings - Residential Sector,1083435.644,MWh,23.0
2024,Hawaii,Efficiency Programs - IL Electricity Savings - Residential Sector,278232.304,MWh,36.0
2024,Idaho,Efficiency Programs - IL Electricity Savings - Residential Sector,266433.08900000004,MWh,37.0
2024,Illinois,Efficiency Programs - IL Electricity Savings - Residential Sector,36599172.034,MWh,1.0
2024,Indiana,Efficiency Programs - IL Electricity Savings - Residential Sector,1269453.967,MWh,21.0
2024,Iowa,Efficiency Programs - IL Electricity Savings - Residential Sector,341814.386,MWh,33.0
2024,Kansas,Efficiency Programs - IL Electricity Savings - Residential Sector,165102.03399999999,MWh,42.0
2024,Kentucky,Efficiency Programs - IL Electricity Savings - Residential Sector,212707.166,MWh,39.0
2024,Louisiana,Efficiency Programs - IL Electricity Savings - Residential Sector,1364846.199,MWh,18.0
2024,Maine,Efficiency Programs - IL Electricity Savings - Residential Sector,167877.672,MWh,41.0
2024,Maryland,Efficiency Programs - IL Electricity Savings - Residential Sector,1535890.341,MWh,17.0
2024,Massachusetts,Efficiency Programs - IL Electricity Savings - Residential Sector,439781.454,MWh,30.0
2024,Michigan,Efficiency Programs - IL Electricity Savings - Residential Sector,2470561.543,MWh,9.0
2024,Minnesota,Efficiency Programs - IL Electricity Savings - Residential Sector,2536589.839,MWh,8.0
2024,Mississippi,Efficiency Programs - IL Electricity Savings - Residential Sector,467168.06,MWh,28.0
2024,Missouri,Efficiency Programs - IL Electricity Savings - Residential Sector,1185019.247,MWh,22.0
2024,Montana,Efficiency Programs - IL Electricity Savings - Residential Sector,147763.578,MWh,43.0
2024,Nebraska,Efficiency Programs - IL Electricity Savings - Residential Sector,128841.768,MWh,44.0
2024,Nevada,Efficiency Programs - IL Electricity Savings - Residential Sector,464979.0,MWh,29.0
2024,New Hampshire,Efficiency Programs - IL Electricity Savings - Residential Sector,227886.905,MWh,38.0
2024,New Jersey,Efficiency Programs - IL Electricity Savings - Residential Sector,1643045.803,MWh,15.0
2024,New Mexico,Efficiency Programs - IL Electricity Savings - Residential Sector,1032268.706,MWh,25.0
2024,New York,Efficiency Programs - IL Electricity Savings - Residential Sector,5959844.073,MWh,3.0
2024,North Carolina,Efficiency Programs - IL Electricity Savings - Residential Sector,2922788.519,MWh,6.0
2024,North Dakota,Efficiency Programs - IL Electricity Savings - Residential Sector,651.8,MWh,50.0
2024,Ohio,Efficiency Programs - IL Electricity Savings - Residential Sector,311097.36,MWh,34.0
2024,Oklahoma,Efficiency Programs - IL Electricity Savings - Residential Sector,1599680.366,MWh,16.0
2024,Oregon,Efficiency Programs - IL Electricity Savings - Residential Sector,953335.247,MWh,26.0
2024,Pennsylvania,Efficiency Programs - IL Electricity Savings - Residential Sector,2775335.677,MWh,7.0
2024,Rhode Island,Efficiency Programs - IL Electricity Savings - Residential Sector,172927.458,MWh,40.0
2024,South Carolina,Efficiency Programs - IL Electricity Savings - Residential Sector,1055442.045,MWh,24.0
2024,South Dakota,Efficiency Programs - IL Electricity Savings - Residential Sector,80743.052,MWh,45.0
2024,Tennessee,Efficiency Programs - IL Electricity Savings - Residential Sector,739468.0,MWh,27.0
2024,Texas,Efficiency Programs - IL Electricity Savings - Residential Sector,5849330.337,MWh,5.0
2024,Utah,Efficiency Programs - IL Electricity Savings - Residential Sector,1733092.2719999999,MWh,13.0
2024,Vermont,Efficiency Programs - IL Electricity Savings - Residential Sector,293777.018,MWh,35.0
2024,Virginia,Efficiency Programs - IL Electricity Savings - Residential Sector,1331977.617,MWh,19.0
2024,Washington,Efficiency Programs - IL Electricity Savings - Residential Sector,1928030.004,MWh,12.0
2024,West Virginia,Efficiency Programs - IL Electricity Savings - Residential Sector,33364.5,MWh,49.0
2024,Wisconsin,Efficiency Programs - IL Electricity Savings - Residential Sector,1317579.39,MWh,20.0
2024,Wyoming,Efficiency Programs - IL Electricity Savings - Residential Sector,37739.473,MWh,48.0
2024,Alabama,Efficiency Programs - IL Electricity Savings - Commercial Sector,79506.9,MWh,48.0
2024,Arizona,Efficiency Programs - IL Electricity Savings - Commercial Sector,6667518.516,MWh,7.0
2024,Arkansas,Efficiency Programs - IL Electricity Savings - Commercial Sector,1192393.887,MWh,28.0
2024,California,Efficiency Programs - IL Electricity Savings - Commercial Sector,12645489.483,MWh,3.0
2024,Colorado,Efficiency Programs - IL Electricity Savings - Commercial Sector,4712818.793,MWh,11.0
2024,Connecticut,Efficiency Programs - IL Electricity Savings - Commercial Sector,880664.6329999999,MWh,31.0
2024,Delaware,Efficiency Programs - IL Electricity Savings - Commercial Sector,246327.798,MWh,44.0
2024,District of Columbia,Efficiency Programs - IL Electricity Savings - Commercial Sector,1520051.995,MWh,24.0
2024,Florida,Efficiency Programs - IL Electricity Savings - Commercial Sector,1545558.67,MWh,23.0
2024,Georgia,Efficiency Programs - IL Electricity Savings - Commercial Sector,4519981.539999999,MWh,12.0
2024,Hawaii,Efficiency Programs - IL Electricity Savings - Commercial Sector,559946.1209999999,MWh,39.0
2024,Idaho,Efficiency Programs - IL Electricity Savings - Commercial Sector,718741.99,MWh,36.0
2024,Illinois,Efficiency Programs - IL Electricity Savings - Commercial Sector,15925229.215,MWh,1.0
2024,Indiana,Efficiency Programs - IL Electricity Savings - Commercial Sector,4480531.082,MWh,13.0
2024,Iowa,Efficiency Programs - IL Electricity Savings - Commercial Sector,2684282.9979999997,MWh,16.0
2024,Kansas,Efficiency Programs - IL Electricity Savings - Commercial Sector,89617.751,MWh,47.0
2024,Kentucky,Efficiency Programs - IL Electricity Savings - Commercial Sector,842505.818,MWh,32.0
2024,Louisiana,Efficiency Programs - IL Electricity Savings - Commercial Sector,1110335.594,MWh,29.0
2024,Maine,Efficiency Programs - IL Electricity Savings - Commercial Sector,596592.202,MWh,38.0
2024,Maryland,Efficiency Programs - IL Electricity Savings - Commercial Sector,4991525.041,MWh,10.0
2024,Massachusetts,Efficiency Programs - IL Electricity Savings - Commercial Sector,2653971.3049999997,MWh,17.0
2024,Michigan,Efficiency Programs - IL Electricity Savings - Commercial Sector,13112191.319,MWh,2.0
2024,Minnesota,Efficiency Programs - IL Electricity Savings - Commercial Sector,5134869.057,MWh,9.0
2024,Mississippi,Efficiency Programs - IL Electricity Savings - Commercial Sector,729444.25,MWh,35.0
2024,Missouri,Efficiency Programs - IL Electricity Savings - Commercial Sector,2480163.671,MWh,19.0
2024,Montana,Efficiency Programs - IL Electricity Savings - Commercial Sector,731385.887,MWh,34.0
2024,Nebraska,Efficiency Programs - IL Electricity Savings - Commercial Sector,183211.807,MWh,46.0
2024,Nevada,Efficiency Programs - IL Electricity Savings - Commercial Sector,1825119.0,MWh,21.0
2024,New Hampshire,Efficiency Programs - IL Electricity Savings - Commercial Sector,601488.576,MWh,37.0
2024,New Jersey,Efficiency Programs - IL Electricity Savings - Commercial Sector,10666547.031,MWh,4.0
2024,New Mexico,Efficiency Programs - IL Electricity Savings - Commercial Sector,424815.132,MWh,42.0
2024,New York,Efficiency Programs - IL Electricity Savings - Commercial Sector,10402903.936999999,MWh,5.0
2024,North Carolina,Efficiency Programs - IL Electricity Savings - Commercial Sector,3686371.865,MWh,14.0
2024,North Dakota,Efficiency Programs - IL Electricity Savings - Commercial Sector,2053.9,MWh,49.0
2024,Ohio,Efficiency Programs - IL Electricity Savings - Commercial Sector,459237.214,MWh,41.0
2024,Oklahoma,Efficiency Programs - IL Electricity Savings - Commercial Sector,1598067.355,MWh,22.0
2024,Oregon,Efficiency Programs - IL Electricity Savings - Commercial Sector,2015920.901,MWh,20.0
2024,Pennsylvania,Efficiency Programs - IL Electricity Savings - Commercial Sector,6330389.937,MWh,8.0
2024,Rhode Island,Efficiency Programs - IL Electricity Savings - Commercial Sector,205198.332,MWh,45.0
2024,South Carolina,Efficiency Programs - IL Electricity Savings - Commercial Sector,1503229.107,MWh,25.0
2024,South Dakota,Efficiency Programs - IL Electricity Savings - Commercial Sector,296416.022,MWh,43.0
2024,Tennessee,Efficiency Programs - IL Electricity Savings - Commercial Sector,1427187.0,MWh,26.0
2024,Texas,Efficiency Programs - IL Electricity Savings - Commercial Sector,6727577.259,MWh,6.0
2024,Utah,Efficiency Programs - IL Electricity Savings - Commercial Sector,1301988.883,MWh,27.0
2024,Vermont,Efficiency Programs - IL Electricity Savings - Commercial Sector,527541.861,MWh,40.0
2024,Virginia,Efficiency Programs - IL Electricity Savings - Commercial Sector,1107335.741,MWh,30.0
2024,Washington,Efficiency Programs - IL Electricity Savings - Commercial Sector,3615895.827,MWh,15.0
2024,West Virginia,Efficiency Programs - IL Electricity Savings - Commercial Sector,0.0,MWh,50.0
2024,Wisconsin,Efficiency Programs - IL Electricity Savings - Commercial Sector,2603165.685,MWh,18.0
2024,Wyoming,Efficiency Programs - IL Electricity Savings - Commercial Sector,786930.608,MWh,33.0
2024,Alabama,Efficiency Programs - IL Electricity Savings - Industrial Sector,142412.0,MWh,25.0
2024,Arizona,Efficiency Programs - IL Electricity Savings - Industrial Sector,184418.0,MWh,22.0
2024,Arkansas,Efficiency Programs - IL Electricity Savings - Industrial Sector,731597.0,MWh,12.0
2024,California,Efficiency Programs - IL Electricity Savings - Industrial Sector,951676.187,MWh,10.0
2024,Colorado,Efficiency Programs - IL Electricity Savings - Industrial Sector,1337800.68,MWh,8.0
2024,Connecticut,Efficiency Programs - IL Electricity Savings - Industrial Sector,230104.47,MWh,19.0
2024,Delaware,Efficiency Programs - IL Electricity Savings - Industrial Sector,2783.0,MWh,43.0
2024,District of Columbia,Efficiency Programs - IL Electricity Savings - Industrial Sector,0.0,MWh,50.0
2024,Florida,Efficiency Programs - IL Electricity Savings - Industrial Sector,37616.0,MWh,31.0
2024,Georgia,Efficiency Programs - IL Electricity Savings - Industrial Sector,37470.47,MWh,32.0
2024,Hawaii,Efficiency Programs - IL Electricity Savings - Industrial Sector,7353.28,MWh,40.0
2024,Idaho,Efficiency Programs - IL Electricity Savings - Industrial Sector,1234578.885,MWh,9.0
2024,Illinois,Efficiency Programs - IL Electricity Savings - Industrial Sector,29313.659999999996,MWh,36.0
2024,Indiana,Efficiency Programs - IL Electricity Savings - Industrial Sector,188499.313,MWh,21.0
2024,Iowa,Efficiency Programs - IL Electricity Savings - Industrial Sector,641664.1,MWh,13.0
2024,Kansas,Efficiency Programs - IL Electricity Savings - Industrial Sector,0.0,MWh,50.0
2024,Kentucky,Efficiency Programs - IL Electricity Savings - Industrial Sector,29475.0,MWh,35.0
2024,Louisiana,Efficiency Programs - IL Electricity Savings - Industrial Sector,18497.52,MWh,38.0
2024,Maine,Efficiency Programs - IL Electricity Savings - Industrial Sector,0.0,MWh,50.0
2024,Maryland,Efficiency Programs - IL Electricity Savings - Industrial Sector,173097.99,MWh,24.0
2024,Massachusetts,Efficiency Programs - IL Electricity Savings - Industrial Sector,479516.08,MWh,15.0
2024,Michigan,Efficiency Programs - IL Electricity Savings - Industrial Sector,1521076.629,MWh,5.0
2024,Minnesota,Efficiency Programs - IL Electricity Savings - Industrial Sector,2120968.268,MWh,3.0
2024,Mississippi,Efficiency Programs - IL Electricity Savings - Industrial Sector,93740.0,MWh,26.0
2024,Missouri,Efficiency Programs - IL Electricity Savings - Industrial Sector,34974.996,MWh,33.0
2024,Montana,Efficiency Programs - IL Electricity Savings - Industrial Sector,4152.194,MWh,42.0
2024,Nebraska,Efficiency Programs - IL Electricity Savings - Industrial Sector,80670.241,MWh,28.0
2024,Nevada,Efficiency Programs - IL Electricity Savings - Industrial Sector,0.0,MWh,50.0
2024,New Hampshire,Efficiency Programs - IL Electricity Savings - Industrial Sector,31957.703999999998,MWh,34.0
2024,New Jersey,Efficiency Programs - IL Electricity Savings - Industrial Sector,64321.633,MWh,29.0
2024,New Mexico,Efficiency Programs - IL Electricity Savings - Industrial Sector,738002.169,MWh,11.0
2024,New York,Efficiency Programs - IL Electricity Savings - Industrial Sector,1484094.0,MWh,6.0
2024,North Carolina,Efficiency Programs - IL Electricity Savings - Industrial Sector,9104.505,MWh,39.0
2024,North Dakota,Efficiency Programs - IL Electricity Savings - Industrial Sector,0.0,MWh,50.0
2024,Ohio,Efficiency Programs - IL Electricity Savings - Industrial Sector,244929.054,MWh,18.0
2024,Oklahoma,Efficiency Programs - IL Electricity Savings - Industrial Sector,563127.355,MWh,14.0
2024,Oregon,Efficiency Programs - IL Electricity Savings - Industrial Sector,1949783.266,MWh,4.0
2024,Pennsylvania,Efficiency Programs - IL Electricity Savings - Industrial Sector,3599689.662,MWh,2.0
2024,Rhode Island,Efficiency Programs - IL Electricity Savings - Industrial Sector,93007.067,MWh,27.0
2024,South Carolina,Efficiency Programs - IL Electricity Savings - Industrial Sector,47322.0,MWh,30.0
2024,South Dakota,Efficiency Programs - IL Electricity Savings - Industrial Sector,23052.864,MWh,37.0
2024,Tennessee,Efficiency Programs - IL Electricity Savings - Industrial Sector,347292.0,MWh,17.0
2024,Texas,Efficiency Programs - IL Electricity Savings - Industrial Sector,179775.01,MWh,23.0
2024,Utah,Efficiency Programs - IL Electricity Savings - Industrial Sector,475833.241,MWh,16.0
2024,Vermont,Efficiency Programs - IL Electricity Savings - Industrial Sector,0.0,MWh,50.0
2024,Virginia,Efficiency Programs - IL Electricity Savings - Industrial Sector,4750.196,MWh,41.0
2024,Washington,Efficiency Programs - IL Electricity Savings - Industrial Sector,1340684.274,MWh,7.0
2024,West Virginia,Efficiency Programs - IL Electricity Savings - Industrial Sector,0.0,MWh,50.0
2024,Wisconsin,Efficiency Programs - IL Electricity Savings - Industrial Sector,3830748.735,MWh,1.0
2024,Wyoming,Efficiency Programs - IL Electricity Savings - Industrial Sector,228454.705,MWh,20.0
2024,Alabama,Efficiency Programs - IL Electricity Savings - Transportation Sector,0.0,$/kWh,1.0
2024,Arizona,Efficiency Programs - IL Electricity Savings - Transportation Sector,0.0,$/kWh,1.0
2024,Arkansas,Efficiency Programs - IL Electricity Savings - Transportation Sector,0.0,$/kWh,1.0
2024,California,Efficiency Programs - IL Electricity Savings - Transportation Sector,0.0,$/kWh,1.0
2024,Colorado,Efficiency Programs - IL Electricity Savings - Transportation Sector,0.0,$/kWh,1.0
2024,Connecticut,Efficiency Programs - IL Electricity Savings - Transportation Sector,0.0,$/kWh,1.0
2024,Delaware,Efficiency Programs - IL Electricity Savings - Transportation Sector,0.0,$/kWh,1.0
2024,District of Columbia,Efficiency Programs - IL Electricity Savings - Transportation Sector,0.0,$/kWh,1.0
2024,Florida,Efficiency Programs - IL Electricity Savings - Transportation Sector,0.0,$/kWh,1.0
2024,Georgia,Efficiency Programs - IL Electricity Savings - Transportation Sector,0.0,$/kWh,1.0
2024,Hawaii,Efficiency Programs - IL Electricity Savings - Transportation Sector,0.0,$/kWh,1.0
2024,Idaho,Efficiency Programs - IL Electricity Savings - Transportation Sector,0.0,$/kWh,1.0
2024,Illinois,Efficiency Programs - IL Electricity Savings - Transportation Sector,0.0,$/kWh,1.0
2024,Indiana,Efficiency Programs - IL Electricity Savings - Transportation Sector,0.0,$/kWh,1.0
2024,Iowa,Efficiency Programs - IL Electricity Savings - Transportation Sector,0.0,$/kWh,1.0
2024,Kansas,Efficiency Programs - IL Electricity Savings - Transportation Sector,0.0,$/kWh,1.0
2024,Kentucky,Efficiency Programs - IL Electricity Savings - Transportation Sector,0.0,$/kWh,1.0
2024,Louisiana,Efficiency Programs - IL Electricity Savings - Transportation Sector,0.0,$/kWh,1.0
2024,Maine,Efficiency Programs - IL Electricity Savings - Transportation Sector,0.0,$/kWh,1.0
2024,Maryland,Efficiency Programs - IL Electricity Savings - Transportation Sector,0.0,$/kWh,1.0
2024,Massachusetts,Efficiency Programs - IL Electricity Savings - Transportation Sector,0.0,$/kWh,1.0
2024,Michigan,Efficiency Programs - IL Electricity Savings - Transportation Sector,0.0,$/kWh,1.0
2024,Minnesota,Efficiency Programs - IL Electricity Savings - Transportation Sector,0.0,$/kWh,1.0
2024,Mississippi,Efficiency Programs - IL Electricity Savings - Transportation Sector,0.0,$/kWh,1.0
2024,Missouri,Efficiency Programs - IL Electricity Savings - Transportation Sector,0.0,$/kWh,1.0
2024,Montana,Efficiency Programs - IL Electricity Savings - Transportation Sector,0.0,$/kWh,1.0
2024,Nebraska,Efficiency Programs - IL Electricity Savings - Transportation Sector,0.0,$/kWh,1.0
2024,Nevada,Efficiency Programs - IL Electricity Savings - Transportation Sector,0.0,$/kWh,1.0
2024,New Hampshire,Efficiency Programs - IL Electricity Savings - Transportation Sector,0.0,$/kWh,1.0
2024,New Jersey,Efficiency Programs - IL Electricity Savings - Transportation Sector,0.0,$/kWh,1.0
2024,New Mexico,Efficiency Programs - IL Electricity Savings - Transportation Sector,0.0,$/kWh,1.0
2024,New York,Efficiency Programs - IL Electricity Savings - Transportation Sector,149.392,$/kWh,50.0
2024,North Carolina,Efficiency Programs - IL Electricity Savings - Transportation Sector,0.0,$/kWh,1.0
2024,North Dakota,Efficiency Programs - IL Electricity Savings - Transportation Sector,0.0,$/kWh,1.0
2024,Ohio,Efficiency Programs - IL Electricity Savings - Transportation Sector,0.0,$/kWh,1.0
2024,Oklahoma,Efficiency Programs - IL Electricity Savings - Transportation Sector,0.0,$/kWh,1.0
2024,Oregon,Efficiency Programs - IL Electricity Savings - Transportation Sector,0.0,$/kWh,1.0
2024,Pennsylvania,Efficiency Programs - IL Electricity Savings - Transportation Sector,0.0,$/kWh,1.0
2024,Rhode Island,Efficiency Programs - IL Electricity Savings - Transportation Sector,0.0,$/kWh,1.0
2024,South Carolina,Efficiency Programs - IL Electricity Savings - Transportation Sector,0.0,$/kWh,1.0
2024,South Dakota,Efficiency Programs - IL Electricity Savings - Transportation Sector,0.0,$/kWh,1.0
2024,Tennessee,Efficiency Programs - IL Electricity Savings - Transportation Sector,0.0,$/kWh,1.0
2024,Texas,Efficiency Programs - IL Electricity Savings - Transportation Sector,0.0,$/kWh,1.0
2024,Utah,Efficiency Programs - IL Electricity Savings - Transportation Sector,0.0,$/kWh,1.0
2024,Vermont,Efficiency Programs - IL Electricity Savings - Transportation Sector,0.0,$/kWh,1.0
2024,Virginia,Efficiency Programs - IL Electricity Savings - Transportation Sector,0.0,$/kWh,1.0
2024,Washington,Efficiency Programs - IL Electricity Savings - Transportation Sector,0.0,$/kWh,1.0
2024,West Virginia,Efficiency Programs - IL Electricity Savings - Transportation Sector,0.0,$/kWh,1.0
2024,Wisconsin,Efficiency Programs - IL Electricity Savings - Transportation Sector,0.0,$/kWh,1.0
2024,Wyoming,Efficiency Programs - IL Electricity Savings - Transportation Sector,0.0,$/kWh,1.0
2024,Alabama,Efficiency Programs - IL Electricity Savings - All Sectors,566954.77,MWh,43.0
2024,Arizona,Efficiency Programs - IL Electricity Savings - All Sectors,12801844.976,MWh,5.0
2024,Arkansas,Efficiency Programs - IL Electricity Savings - All Sectors,3892997.191,MWh,18.0
2024,California,Efficiency Programs - IL Electricity Savings - All Sectors,24480577.445,MWh,2.0
2024,Colorado,Efficiency Programs - IL Electricity Savings - All Sectors,7701555.285,MWh,11.0
2024,Connecticut,Efficiency Programs - IL Electricity Savings - All Sectors,1481610.356,MWh,33.0
2024,Delaware,Efficiency Programs - IL Electricity Savings - All Sectors,326549.86199999996,MWh,47.0
2024,District of Columbia,Efficiency Programs - IL Electricity Savings - All Sectors,1578340.556,MWh,32.0
2024,Florida,Efficiency Programs - IL Electricity Savings - All Sectors,3820186.145,MWh,19.0
2024,Georgia,Efficiency Programs - IL Electricity Savings - All Sectors,5640887.654000001,MWh,16.0
2024,Hawaii,Efficiency Programs - IL Electricity Savings - All Sectors,845531.705,MWh,40.0
2024,Idaho,Efficiency Programs - IL Electricity Savings - All Sectors,2219753.964,MWh,30.0
2024,Illinois,Efficiency Programs - IL Electricity Savings - All Sectors,52553714.909,MWh,1.0
2024,Indiana,Efficiency Programs - IL Electricity Savings - All Sectors,5938484.362,MWh,15.0
2024,Iowa,Efficiency Programs - IL Electricity Savings - All Sectors,3667761.484,MWh,22.0
2024,Kansas,Efficiency Programs - IL Electricity Savings - All Sectors,254719.785,MWh,48.0
2024,Kentucky,Efficiency Programs - IL Electricity Savings - All Sectors,1084687.984,MWh,35.0
2024,Louisiana,Efficiency Programs - IL Electricity Savings - All Sectors,2493679.313,MWh,27.0
2024,Maine,Efficiency Programs - IL Electricity Savings - All Sectors,764469.874,MWh,42.0
2024,Maryland,Efficiency Programs - IL Electricity Savings - All Sectors,6700513.3719999995,MWh,13.0
2024,Massachusetts,Efficiency Programs - IL Electricity Savings - All Sectors,3573268.8389999997,MWh,23.0
2024,Michigan,Efficiency Programs - IL Electricity Savings - All Sectors,17103829.491,MWh,4.0
2024,Minnesota,Efficiency Programs - IL Electricity Savings - All Sectors,9792427.163999999,MWh,9.0
2024,Mississippi,Efficiency Programs - IL Electricity Savings - All Sectors,1290352.31,MWh,34.0
2024,Missouri,Efficiency Programs - IL Electricity Savings - All Sectors,3700157.914,MWh,21.0
2024,Montana,Efficiency Programs - IL Electricity Savings - All Sectors,883301.659,MWh,38.0
2024,Nebraska,Efficiency Programs - IL Electricity Savings - All Sectors,392723.816,MWh,46.0
2024,Nevada,Efficiency Programs - IL Electricity Savings - All Sectors,2290098.0,MWh,29.0
2024,New Hampshire,Efficiency Programs - IL Electricity Savings - All Sectors,861333.185,MWh,39.0
2024,New Jersey,Efficiency Programs - IL Electricity Savings - All Sectors,12373914.467,MWh,8.0
2024,New Mexico,Efficiency Programs - IL Electricity Savings - All Sectors,2195086.007,MWh,31.0
2024,New York,Efficiency Programs - IL Electricity Savings - All Sectors,17846991.402000003,MWh,3.0
2024,North Carolina,Efficiency Programs - IL Electricity Savings - All Sectors,6618264.8889999995,MWh,14.0
2024,North Dakota,Efficiency Programs - IL Electricity Savings - All Sectors,2705.7,MWh,50.0
2024,Ohio,Efficiency Programs - IL Electricity Savings - All Sectors,1015263.628,MWh,37.0
2024,Oklahoma,Efficiency Programs - IL Electricity Savings - All Sectors,3760875.0760000004,MWh,20.0
2024,Oregon,Efficiency Programs - IL Electricity Savings - All Sectors,4919039.414,MWh,17.0
2024,Pennsylvania,Efficiency Programs - IL Electricity Savings - All Sectors,12705415.276,MWh,7.0
2024,Rhode Island,Efficiency Programs - IL Electricity Savings - All Sectors,471132.857,MWh,44.0
2024,South Carolina,Efficiency Programs - IL Electricity Savings - All Sectors,2605993.1520000002,MWh,25.0
2024,South Dakota,Efficiency Programs - IL Electricity Savings - All Sectors,400211.938,MWh,45.0
2024,Tennessee,Efficiency Programs - IL Electricity Savings - All Sectors,2513947.0,MWh,26.0
2024,Texas,Efficiency Programs - IL Electricity Savings - All Sectors,12756682.606,MWh,6.0
2024,Utah,Efficiency Programs - IL Electricity Savings - All Sectors,3510914.396,MWh,24.0
2024,Vermont,Efficiency Programs - IL Electricity Savings - All Sectors,821318.879,MWh,41.0
2024,Virginia,Efficiency Programs - IL Electricity Savings - All Sectors,2444063.554,MWh,28.0
2024,Washington,Efficiency Programs - IL Electricity Savings - All Sectors,6884610.105,MWh,12.0
2024,West Virginia,Efficiency Programs - IL Electricity Savings - All Sectors,33364.5,MWh,49.0
2024,Wisconsin,Efficiency Programs - IL Electricity Savings - All Sectors,7751493.81,MWh,10.0
2024,Wyoming,Efficiency Programs - IL Electricity Savings - All Sectors,1053124.786,MWh,36.0
2024,Alabama,Efficiency Programs - RY Peak Demand Savings - Residential Sector,12.805,MW,31.0
2024,Arizona,Efficiency Programs - RY Peak Demand Savings - Residential Sector,206.103,MW,2.0
2024,Arkansas,Efficiency Programs - RY Peak Demand Savings - Residential Sector,27.293,MW,23.0
2024,California,Efficiency Programs - RY Peak Demand Savings - Residential Sector,264.143,MW,1.0
2024,Colorado,Efficiency Programs - RY Peak Demand Savings - Residential Sector,20.067,MW,27.0
2024,Connecticut,Efficiency Programs - RY Peak Demand Savings - Residential Sector,3.081,MW,43.0
2024,Delaware,Efficiency Programs - RY Peak Demand Savings - Residential Sector,5.612,MW,38.0
2024,District of Columbia,Efficiency Programs - RY Peak Demand Savings - Residential Sector,0.865,MW,48.0
2024,Florida,Efficiency Programs - RY Peak Demand Savings - Residential Sector,60.894,MW,11.0
2024,Georgia,Efficiency Programs - RY Peak Demand Savings - Residential Sector,32.301,MW,21.0
2024,Hawaii,Efficiency Programs - RY Peak Demand Savings - Residential Sector,3.1020000000000003,MW,42.0
2024,Idaho,Efficiency Programs - RY Peak Demand Savings - Residential Sector,79.404,MW,10.0
2024,Illinois,Efficiency Programs - RY Peak Demand Savings - Residential Sector,115.96199999999999,MW,6.0
2024,Indiana,Efficiency Programs - RY Peak Demand Savings - Residential Sector,115.551,MW,7.0
2024,Iowa,Efficiency Programs - RY Peak Demand Savings - Residential Sector,14.345,MW,30.0
2024,Kansas,Efficiency Programs - RY Peak Demand Savings - Residential Sector,8.623000000000001,MW,35.0
2024,Kentucky,Efficiency Programs - RY Peak Demand Savings - Residential Sector,11.385,MW,33.0
2024,Louisiana,Efficiency Programs - RY Peak Demand Savings - Residential Sector,21.218,MW,26.0
2024,Maine,Efficiency Programs - RY Peak Demand Savings - Residential Sector,1.511,MW,46.0
2024,Maryland,Efficiency Programs - RY Peak Demand Savings - Residential Sector,104.13300000000001,MW,8.0
2024,Massachusetts,Efficiency Programs - RY Peak Demand Savings - Residential Sector,19.904,MW,28.0
2024,Michigan,Efficiency Programs - RY Peak Demand Savings - Residential Sector,50.916,MW,15.0
2024,Minnesota,Efficiency Programs - RY Peak Demand Savings - Residential Sector,54.284,MW,14.0
2024,Mississippi,Efficiency Programs - RY Peak Demand Savings - Residential Sector,10.87,MW,34.0
2024,Missouri,Efficiency Programs - RY Peak Demand Savings - Residential Sector,38.202999999999996,MW,18.0
2024,Montana,Efficiency Programs - RY Peak Demand Savings - Residential Sector,1.193,MW,47.0
2024,Nebraska,Efficiency Programs - RY Peak Demand Savings - Residential Sector,4.205,MW,40.0
2024,Nevada,Efficiency Programs - RY Peak Demand Savings - Residential Sector,7.8,MW,36.0
2024,New Hampshire,Efficiency Programs - RY Peak Demand Savings - Residential Sector,2.9690000000000003,MW,44.0
2024,New Jersey,Efficiency Programs - RY Peak Demand Savings - Residential Sector,26.381999999999998,MW,24.0
2024,New Mexico,Efficiency Programs - RY Peak Demand Savings - Residential Sector,33.206,MW,19.0
2024,New York,Efficiency Programs - RY Peak Demand Savings - Residential Sector,96.33800000000001,MW,9.0
2024,North Carolina,Efficiency Programs - RY Peak Demand Savings - Residential Sector,126.1,MW,5.0
2024,North Dakota,Efficiency Programs - RY Peak Demand Savings - Residential Sector,0.428,MW,50.0
2024,Ohio,Efficiency Programs - RY Peak Demand Savings - Residential Sector,2.264,MW,45.0
2024,Oklahoma,Efficiency Programs - RY Peak Demand Savings - Residential Sector,55.885999999999996,MW,13.0
2024,Oregon,Efficiency Programs - RY Peak Demand Savings - Residential Sector,17.305999999999997,MW,29.0
2024,Pennsylvania,Efficiency Programs - RY Peak Demand Savings - Residential Sector,43.872,MW,16.0
2024,Rhode Island,Efficiency Programs - RY Peak Demand Savings - Residential Sector,4.765000000000001,MW,39.0
2024,South Carolina,Efficiency Programs - RY Peak Demand Savings - Residential Sector,38.671,MW,17.0
2024,South Dakota,Efficiency Programs - RY Peak Demand Savings - Residential Sector,56.108000000000004,MW,12.0
2024,Tennessee,Efficiency Programs - RY Peak Demand Savings - Residential Sector,6.5,MW,37.0
2024,Texas,Efficiency Programs - RY Peak Demand Savings - Residential Sector,154.114,MW,3.0
2024,Utah,Efficiency Programs - RY Peak Demand Savings - Residential Sector,29.114,MW,22.0
2024,Vermont,Efficiency Programs - RY Peak Demand Savings - Residential Sector,3.715,MW,41.0
2024,Virginia,Efficiency Programs - RY Peak Demand Savings - Residential Sector,32.653000000000006,MW,20.0
2024,Washington,Efficiency Programs - RY Peak Demand Savings - Residential Sector,137.529,MW,4.0
2024,West Virginia,Efficiency Programs - RY Peak Demand Savings - Residential Sector,0.733,MW,49.0
2024,Wisconsin,Efficiency Programs - RY Peak Demand Savings - Residential Sector,12.07,MW,32.0
2024,Wyoming,Efficiency Programs - RY Peak Demand Savings - Residential Sector,21.357999999999997,MW,25.0
2024,Alabama,Efficiency Programs - RY Peak Demand Savings - Commercial Sector,1.0,MW,46.0
2024,Arizona,Efficiency Programs - RY Peak Demand Savings - Commercial Sector,87.851,MW,14.0
2024,Arkansas,Efficiency Programs - RY Peak Demand Savings - Commercial Sector,25.546,MW,26.0
2024,California,Efficiency Programs - RY Peak Demand Savings - Commercial Sector,183.496,MW,5.0
2024,Colorado,Efficiency Programs - RY Peak Demand Savings - Commercial Sector,47.579,MW,19.0
2024,Connecticut,Efficiency Programs - RY Peak Demand Savings - Commercial Sector,19.033,MW,28.0
2024,Delaware,Efficiency Programs - RY Peak Demand Savings - Commercial Sector,0.401,MW,48.0
2024,District of Columbia,Efficiency Programs - RY Peak Demand Savings - Commercial Sector,8.461,MW,36.0
2024,Florida,Efficiency Programs - RY Peak Demand Savings - Commercial Sector,30.247999999999998,MW,23.0
2024,Georgia,Efficiency Programs - RY Peak Demand Savings - Commercial Sector,50.147000000000006,MW,17.0
2024,Hawaii,Efficiency Programs - RY Peak Demand Savings - Commercial Sector,5.522,MW,40.0
2024,Idaho,Efficiency Programs - RY Peak Demand Savings - Commercial Sector,309.29,MW,2.0
2024,Illinois,Efficiency Programs - RY Peak Demand Savings - Commercial Sector,169.281,MW,7.0
2024,Indiana,Efficiency Programs - RY Peak Demand Savings - Commercial Sector,91.488,MW,13.0
2024,Iowa,Efficiency Programs - RY Peak Demand Savings - Commercial Sector,38.466,MW,20.0
2024,Kansas,Efficiency Programs - RY Peak Demand Savings - Commercial Sector,3.067,MW,45.0
2024,Kentucky,Efficiency Programs - RY Peak Demand Savings - Commercial Sector,13.051,MW,31.0
2024,Louisiana,Efficiency Programs - RY Peak Demand Savings - Commercial Sector,13.015,MW,32.0
2024,Maine,Efficiency Programs - RY Peak Demand Savings - Commercial Sector,5.33,MW,42.0
2024,Maryland,Efficiency Programs - RY Peak Demand Savings - Commercial Sector,154.501,MW,9.0
2024,Massachusetts,Efficiency Programs - RY Peak Demand Savings - Commercial Sector,37.251,MW,21.0
2024,Michigan,Efficiency Programs - RY Peak Demand Savings - Commercial Sector,200.24,MW,4.0
2024,Minnesota,Efficiency Programs - RY Peak Demand Savings - Commercial Sector,54.96399999999999,MW,16.0
2024,Mississippi,Efficiency Programs - RY Peak Demand Savings - Commercial Sector,12.71,MW,33.0
2024,Missouri,Efficiency Programs - RY Peak Demand Savings - Commercial Sector,48.024,MW,18.0
2024,Montana,Efficiency Programs - RY Peak Demand Savings - Commercial Sector,0.111,MW,49.0
2024,Nebraska,Efficiency Programs - RY Peak Demand Savings - Commercial Sector,4.165,MW,43.0
2024,Nevada,Efficiency Programs - RY Peak Demand Savings - Commercial Sector,28.7,MW,24.0
2024,New Hampshire,Efficiency Programs - RY Peak Demand Savings - Commercial Sector,9.292,MW,34.0
2024,New Jersey,Efficiency Programs - RY Peak Demand Savings - Commercial Sector,157.156,MW,8.0
2024,New Mexico,Efficiency Programs - RY Peak Demand Savings - Commercial Sector,7.101,MW,38.0
2024,New York,Efficiency Programs - RY Peak Demand Savings - Commercial Sector,116.097,MW,12.0
2024,North Carolina,Efficiency Programs - RY Peak Demand Savings - Commercial Sector,62.607,MW,15.0
2024,North Dakota,Efficiency Programs - RY Peak Demand Savings - Commercial Sector,0.561,MW,47.0
2024,Ohio,Efficiency Programs - RY Peak Demand Savings - Commercial Sector,8.356,MW,37.0
2024,Oklahoma,Efficiency Programs - RY Peak Demand Savings - Commercial Sector,139.289,MW,10.0
2024,Oregon,Efficiency Programs - RY Peak Demand Savings - Commercial Sector,30.297,MW,22.0
2024,Pennsylvania,Efficiency Programs - RY Peak Demand Savings - Commercial Sector,117.259,MW,11.0
2024,Rhode Island,Efficiency Programs - RY Peak Demand Savings - Commercial Sector,3.637,MW,44.0
2024,South Carolina,Efficiency Programs - RY Peak Demand Savings - Commercial Sector,18.695,MW,29.0
2024,South Dakota,Efficiency Programs - RY Peak Demand Savings - Commercial Sector,6.832,MW,39.0
2024,Tennessee,Efficiency Programs - RY Peak Demand Savings - Commercial Sector,9.2,MW,35.0
2024,Texas,Efficiency Programs - RY Peak Demand Savings - Commercial Sector,175.441,MW,6.0
2024,Utah,Efficiency Programs - RY Peak Demand Savings - Commercial Sector,17.906,MW,30.0
2024,Vermont,Efficiency Programs - RY Peak Demand Savings - Commercial Sector,5.34,MW,41.0
2024,Virginia,Efficiency Programs - RY Peak Demand Savings - Commercial Sector,27.782,MW,25.0
2024,Washington,Efficiency Programs - RY Peak Demand Savings - Commercial Sector,406.90299999999996,MW,1.0
2024,West Virginia,Efficiency Programs - RY Peak Demand Savings - Commercial Sector,0.0,MW,50.0
2024,Wisconsin,Efficiency Programs - RY Peak Demand Savings - Commercial Sector,24.174,MW,27.0
2024,Wyoming,Efficiency Programs - RY Peak Demand Savings - Commercial Sector,219.357,MW,3.0
2024,Alabama,Efficiency Programs - RY Peak Demand Savings - Industrial Sector,0.5,MW,36.0
2024,Arizona,Efficiency Programs - RY Peak Demand Savings - Industrial Sector,3.87,MW,21.0
2024,Arkansas,Efficiency Programs - RY Peak Demand Savings - Industrial Sector,14.5,MW,10.0
2024,California,Efficiency Programs - RY Peak Demand Savings - Industrial Sector,17.125999999999998,MW,9.0
2024,Colorado,Efficiency Programs - RY Peak Demand Savings - Industrial Sector,11.419,MW,11.0
2024,Connecticut,Efficiency Programs - RY Peak Demand Savings - Industrial Sector,5.2090000000000005,MW,18.0
2024,Delaware,Efficiency Programs - RY Peak Demand Savings - Industrial Sector,0.026,MW,42.0
2024,District of Columbia,Efficiency Programs - RY Peak Demand Savings - Industrial Sector,0.0,MW,50.0
2024,Florida,Efficiency Programs - RY Peak Demand Savings - Industrial Sector,0.869,MW,28.0
2024,Georgia,Efficiency Programs - RY Peak Demand Savings - Industrial Sector,0.643,MW,32.0
2024,Hawaii,Efficiency Programs - RY Peak Demand Savings - Industrial Sector,0.089,MW,40.0
2024,Idaho,Efficiency Programs - RY Peak Demand Savings - Industrial Sector,213.944,MW,2.0
2024,Illinois,Efficiency Programs - RY Peak Demand Savings - Industrial Sector,0.85,MW,29.0
2024,Indiana,Efficiency Programs - RY Peak Demand Savings - Industrial Sector,2.969,MW,23.0
2024,Iowa,Efficiency Programs - RY Peak Demand Savings - Industrial Sector,11.03,MW,13.0
2024,Kansas,Efficiency Programs - RY Peak Demand Savings - Industrial Sector,0.0,MW,50.0
2024,Kentucky,Efficiency Programs - RY Peak Demand Savings - Industrial Sector,0.2,MW,39.0
2024,Louisiana,Efficiency Programs - RY Peak Demand Savings - Industrial Sector,0.464,MW,37.0
2024,Maine,Efficiency Programs - RY Peak Demand Savings - Industrial Sector,0.0,MW,50.0
2024,Maryland,Efficiency Programs - RY Peak Demand Savings - Industrial Sector,3.067,MW,22.0
2024,Massachusetts,Efficiency Programs - RY Peak Demand Savings - Industrial Sector,7.1450000000000005,MW,17.0
2024,Michigan,Efficiency Programs - RY Peak Demand Savings - Industrial Sector,27.747,MW,5.0
2024,Minnesota,Efficiency Programs - RY Peak Demand Savings - Industrial Sector,26.768,MW,6.0
2024,Mississippi,Efficiency Programs - RY Peak Demand Savings - Industrial Sector,0.7,MW,31.0
2024,Missouri,Efficiency Programs - RY Peak Demand Savings - Industrial Sector,1.026,MW,27.0
2024,Montana,Efficiency Programs - RY Peak Demand Savings - Industrial Sector,0.001,MW,43.0
2024,Nebraska,Efficiency Programs - RY Peak Demand Savings - Industrial Sector,0.553,MW,34.0
2024,Nevada,Efficiency Programs - RY Peak Demand Savings - Industrial Sector,0.0,MW,50.0
2024,New Hampshire,Efficiency Programs - RY Peak Demand Savings - Industrial Sector,0.45000000000000007,MW,38.0
2024,New Jersey,Efficiency Programs - RY Peak Demand Savings - Industrial Sector,0.824,MW,30.0
2024,New Mexico,Efficiency Programs - RY Peak Demand Savings - Industrial Sector,8.626,MW,16.0
2024,New York,Efficiency Programs - RY Peak Demand Savings - Industrial Sector,19.255000000000003,MW,8.0
2024,North Carolina,Efficiency Programs - RY Peak Demand Savings - Industrial Sector,0.597,MW,33.0
2024,North Dakota,Efficiency Programs - RY Peak Demand Savings - Industrial Sector,0.0,MW,50.0
2024,Ohio,Efficiency Programs - RY Peak Demand Savings - Industrial Sector,4.043,MW,20.0
2024,Oklahoma,Efficiency Programs - RY Peak Demand Savings - Industrial Sector,9.559,MW,14.0
2024,Oregon,Efficiency Programs - RY Peak Demand Savings - Industrial Sector,23.988,MW,7.0
2024,Pennsylvania,Efficiency Programs - RY Peak Demand Savings - Industrial Sector,43.457,MW,3.0
2024,Rhode Island,Efficiency Programs - RY Peak Demand Savings - Industrial Sector,1.689,MW,26.0
2024,South Carolina,Efficiency Programs - RY Peak Demand Savings - Industrial Sector,0.52,MW,35.0
2024,South Dakota,Efficiency Programs - RY Peak Demand Savings - Industrial Sector,11.234,MW,12.0
2024,Tennessee,Efficiency Programs - RY Peak Demand Savings - Industrial Sector,2.8,MW,25.0
2024,Texas,Efficiency Programs - RY Peak Demand Savings - Industrial Sector,4.513,MW,19.0
2024,Utah,Efficiency Programs - RY Peak Demand Savings - Industrial Sector,8.712,MW,15.0
2024,Vermont,Efficiency Programs - RY Peak Demand Savings - Industrial Sector,0.0,MW,50.0
2024,Virginia,Efficiency Programs - RY Peak Demand Savings - Industrial Sector,0.062,MW,41.0
2024,Washington,Efficiency Programs - RY Peak Demand Savings - Industrial Sector,337.023,MW,1.0
2024,West Virginia,Efficiency Programs - RY Peak Demand Savings - Industrial Sector,0.0,MW,50.0
2024,Wisconsin,Efficiency Programs - RY Peak Demand Savings - Industrial Sector,29.284,MW,4.0
2024,Wyoming,Efficiency Programs - RY Peak Demand Savings - Industrial Sector,2.828,MW,24.0
2024,Alabama,Efficiency Programs - RY Peak Demand Savings - Transportation Sector,0.0,$/kWh,1.0
2024,Arizona,Efficiency Programs - RY Peak Demand Savings - Transportation Sector,0.0,$/kWh,1.0
2024,Arkansas,Efficiency Programs - RY Peak Demand Savings - Transportation Sector,0.0,$/kWh,1.0
2024,California,Efficiency Programs - RY Peak Demand Savings - Transportation Sector,0.0,$/kWh,1.0
2024,Colorado,Efficiency Programs - RY Peak Demand Savings - Transportation Sector,0.0,$/kWh,1.0
2024,Connecticut,Efficiency Programs - RY Peak Demand Savings - Transportation Sector,0.0,$/kWh,1.0
2024,Delaware,Efficiency Programs - RY Peak Demand Savings - Transportation Sector,0.0,$/kWh,1.0
2024,District of Columbia,Efficiency Programs - RY Peak Demand Savings - Transportation Sector,0.0,$/kWh,1.0
2024,Florida,Efficiency Programs - RY Peak Demand Savings - Transportation Sector,0.0,$/kWh,1.0
2024,Georgia,Efficiency Programs - RY Peak Demand Savings - Transportation Sector,0.0,$/kWh,1.0
2024,Hawaii,Efficiency Programs - RY Peak Demand Savings - Transportation Sector,0.0,$/kWh,1.0
2024,Idaho,Efficiency Programs - RY Peak Demand Savings - Transportation Sector,0.0,$/kWh,1.0
2024,Illinois,Efficiency Programs - RY Peak Demand Savings - Transportation Sector,0.0,$/kWh,1.0
2024,Indiana,Efficiency Programs - RY Peak Demand Savings - Transportation Sector,0.0,$/kWh,1.0
2024,Iowa,Efficiency Programs - RY Peak Demand Savings - Transportation Sector,0.0,$/kWh,1.0
2024,Kansas,Efficiency Programs - RY Peak Demand Savings - Transportation Sector,0.0,$/kWh,1.0
2024,Kentucky,Efficiency Programs - RY Peak Demand Savings - Transportation Sector,0.0,$/kWh,1.0
2024,Louisiana,Efficiency Programs - RY Peak Demand Savings - Transportation Sector,0.0,$/kWh,1.0
2024,Maine,Efficiency Programs - RY Peak Demand Savings - Transportation Sector,0.0,$/kWh,1.0
2024,Maryland,Efficiency Programs - RY Peak Demand Savings - Transportation Sector,0.0,$/kWh,1.0
2024,Massachusetts,Efficiency Programs - RY Peak Demand Savings - Transportation Sector,0.0,$/kWh,1.0
2024,Michigan,Efficiency Programs - RY Peak Demand Savings - Transportation Sector,0.0,$/kWh,1.0
2024,Minnesota,Efficiency Programs - RY Peak Demand Savings - Transportation Sector,0.0,$/kWh,1.0
2024,Mississippi,Efficiency Programs - RY Peak Demand Savings - Transportation Sector,0.0,$/kWh,1.0
2024,Missouri,Efficiency Programs - RY Peak Demand Savings - Transportation Sector,0.0,$/kWh,1.0
2024,Montana,Efficiency Programs - RY Peak Demand Savings - Transportation Sector,0.0,$/kWh,1.0
2024,Nebraska,Efficiency Programs - RY Peak Demand Savings - Transportation Sector,0.0,$/kWh,1.0
2024,Nevada,Efficiency Programs - RY Peak Demand Savings - Transportation Sector,0.0,$/kWh,1.0
2024,New Hampshire,Efficiency Programs - RY Peak Demand Savings - Transportation Sector,0.0,$/kWh,1.0
2024,New Jersey,Efficiency Programs - RY Peak Demand Savings - Transportation Sector,0.0,$/kWh,1.0
2024,New Mexico,Efficiency Programs - RY Peak Demand Savings - Transportation Sector,0.0,$/kWh,1.0
2024,New York,Efficiency Programs - RY Peak Demand Savings - Transportation Sector,0.063,$/kWh,50.0
2024,North Carolina,Efficiency Programs - RY Peak Demand Savings - Transportation Sector,0.0,$/kWh,1.0
2024,North Dakota,Efficiency Programs - RY Peak Demand Savings - Transportation Sector,0.0,$/kWh,1.0
2024,Ohio,Efficiency Programs - RY Peak Demand Savings - Transportation Sector,0.0,$/kWh,1.0
2024,Oklahoma,Efficiency Programs - RY Peak Demand Savings - Transportation Sector,0.0,$/kWh,1.0
2024,Oregon,Efficiency Programs - RY Peak Demand Savings - Transportation Sector,0.0,$/kWh,1.0
2024,Pennsylvania,Efficiency Programs - RY Peak Demand Savings - Transportation Sector,0.0,$/kWh,1.0
2024,Rhode Island,Efficiency Programs - RY Peak Demand Savings - Transportation Sector,0.0,$/kWh,1.0
2024,South Carolina,Efficiency Programs - RY Peak Demand Savings - Transportation Sector,0.0,$/kWh,1.0
2024,South Dakota,Efficiency Programs - RY Peak Demand Savings - Transportation Sector,0.0,$/kWh,1.0
2024,Tennessee,Efficiency Programs - RY Peak Demand Savings - Transportation Sector,0.0,$/kWh,1.0
2024,Texas,Efficiency Programs - RY Peak Demand Savings - Transportation Sector,0.0,$/kWh,1.0
2024,Utah,Efficiency Programs - RY Peak Demand Savings - Transportation Sector,0.0,$/kWh,1.0
2024,Vermont,Efficiency Programs - RY Peak Demand Savings - Transportation Sector,0.0,$/kWh,1.0
2024,Virginia,Efficiency Programs - RY Peak Demand Savings - Transportation Sector,0.0,$/kWh,1.0
2024,Washington,Efficiency Programs - RY Peak Demand Savings - Transportation Sector,0.0,$/kWh,1.0
2024,West Virginia,Efficiency Programs - RY Peak Demand Savings - Transportation Sector,0.0,$/kWh,1.0
2024,Wisconsin,Efficiency Programs - RY Peak Demand Savings - Transportation Sector,0.0,$/kWh,1.0
2024,Wyoming,Efficiency Programs - RY Peak Demand Savings - Transportation Sector,0.0,$/kWh,1.0
2024,Alabama,Efficiency Programs - RY Peak Demand Savings - All Sectors,14.305,MW,38.0
2024,Arizona,Efficiency Programs - RY Peak Demand Savings - All Sectors,297.824,MW,5.0
2024,Arkansas,Efficiency Programs - RY Peak Demand Savings - All Sectors,67.339,MW,23.0
2024,California,Efficiency Programs - RY Peak Demand Savings - All Sectors,464.76500000000004,MW,3.0
2024,Colorado,Efficiency Programs - RY Peak Demand Savings - All Sectors,79.065,MW,20.0
2024,Connecticut,Efficiency Programs - RY Peak Demand Savings - All Sectors,27.323,MW,33.0
2024,Delaware,Efficiency Programs - RY Peak Demand Savings - All Sectors,6.039,MW,47.0
2024,District of Columbia,Efficiency Programs - RY Peak Demand Savings - All Sectors,9.326,MW,42.0
2024,Florida,Efficiency Programs - RY Peak Demand Savings - All Sectors,92.01100000000001,MW,17.0
2024,Georgia,Efficiency Programs - RY Peak Demand Savings - All Sectors,83.09100000000001,MW,19.0
2024,Hawaii,Efficiency Programs - RY Peak Demand Savings - All Sectors,8.713000000000001,MW,45.0
2024,Idaho,Efficiency Programs - RY Peak Demand Savings - All Sectors,602.638,MW,2.0
2024,Illinois,Efficiency Programs - RY Peak Demand Savings - All Sectors,286.093,MW,6.0
2024,Indiana,Efficiency Programs - RY Peak Demand Savings - All Sectors,210.008,MW,11.0
2024,Iowa,Efficiency Programs - RY Peak Demand Savings - All Sectors,63.840999999999994,MW,26.0
2024,Kansas,Efficiency Programs - RY Peak Demand Savings - All Sectors,11.690000000000001,MW,40.0
2024,Kentucky,Efficiency Programs - RY Peak Demand Savings - All Sectors,24.636,MW,34.0
2024,Louisiana,Efficiency Programs - RY Peak Demand Savings - All Sectors,34.697,MW,32.0
2024,Maine,Efficiency Programs - RY Peak Demand Savings - All Sectors,6.841,MW,46.0
2024,Maryland,Efficiency Programs - RY Peak Demand Savings - All Sectors,261.701,MW,8.0
2024,Massachusetts,Efficiency Programs - RY Peak Demand Savings - All Sectors,64.3,MW,25.0
2024,Michigan,Efficiency Programs - RY Peak Demand Savings - All Sectors,278.903,MW,7.0
2024,Minnesota,Efficiency Programs - RY Peak Demand Savings - All Sectors,136.016,MW,16.0
2024,Mississippi,Efficiency Programs - RY Peak Demand Savings - All Sectors,24.28,MW,35.0
2024,Missouri,Efficiency Programs - RY Peak Demand Savings - All Sectors,87.253,MW,18.0
2024,Montana,Efficiency Programs - RY Peak Demand Savings - All Sectors,1.305,MW,48.0
2024,Nebraska,Efficiency Programs - RY Peak Demand Savings - All Sectors,8.923,MW,44.0
2024,Nevada,Efficiency Programs - RY Peak Demand Savings - All Sectors,36.5,MW,31.0
2024,New Hampshire,Efficiency Programs - RY Peak Demand Savings - All Sectors,12.710999999999999,MW,39.0
2024,New Jersey,Efficiency Programs - RY Peak Demand Savings - All Sectors,184.36200000000002,MW,15.0
2024,New Mexico,Efficiency Programs - RY Peak Demand Savings - All Sectors,48.933,MW,30.0
2024,New York,Efficiency Programs - RY Peak Demand Savings - All Sectors,231.75300000000001,MW,10.0
2024,North Carolina,Efficiency Programs - RY Peak Demand Savings - All Sectors,189.304,MW,14.0
2024,North Dakota,Efficiency Programs - RY Peak Demand Savings - All Sectors,0.989,MW,49.0
2024,Ohio,Efficiency Programs - RY Peak Demand Savings - All Sectors,14.663,MW,37.0
2024,Oklahoma,Efficiency Programs - RY Peak Demand Savings - All Sectors,204.734,MW,12.0
2024,Oregon,Efficiency Programs - RY Peak Demand Savings - All Sectors,71.59100000000001,MW,22.0
2024,Pennsylvania,Efficiency Programs - RY Peak Demand Savings - All Sectors,204.588,MW,13.0
2024,Rhode Island,Efficiency Programs - RY Peak Demand Savings - All Sectors,10.091000000000001,MW,41.0
2024,South Carolina,Efficiency Programs - RY Peak Demand Savings - All Sectors,57.886,MW,28.0
2024,South Dakota,Efficiency Programs - RY Peak Demand Savings - All Sectors,74.17399999999999,MW,21.0
2024,Tennessee,Efficiency Programs - RY Peak Demand Savings - All Sectors,18.5,MW,36.0
2024,Texas,Efficiency Programs - RY Peak Demand Savings - All Sectors,334.068,MW,4.0
2024,Utah,Efficiency Programs - RY Peak Demand Savings - All Sectors,55.732,MW,29.0
2024,Vermont,Efficiency Programs - RY Peak Demand Savings - All Sectors,9.055,MW,43.0
2024,Virginia,Efficiency Programs - RY Peak Demand Savings - All Sectors,60.497,MW,27.0
2024,Washington,Efficiency Programs - RY Peak Demand Savings - All Sectors,881.455,MW,1.0
2024,West Virginia,Efficiency Programs - RY Peak Demand Savings - All Sectors,0.733,MW,50.0
2024,Wisconsin,Efficiency Programs - RY Peak Demand Savings - All Sectors,65.528,MW,24.0
2024,Wyoming,Efficiency Programs - RY Peak Demand Savings - All Sectors,243.543,MW,9.0
2024,Alabama,Efficiency Programs - IL Peak Demand Savings - Residential Sector,12.805,MW,30.0
2024,Arizona,Efficiency Programs - IL Peak Demand Savings - Residential Sector,200.606,MW,2.0
2024,Arkansas,Efficiency Programs - IL Peak Demand Savings - Residential Sector,26.915999999999997,MW,22.0
2024,California,Efficiency Programs - IL Peak Demand Savings - Residential Sector,273.826,MW,1.0
2024,Colorado,Efficiency Programs - IL Peak Demand Savings - Residential Sector,19.267,MW,26.0
2024,Connecticut,Efficiency Programs - IL Peak Demand Savings - Residential Sector,3.081,MW,42.0
2024,Delaware,Efficiency Programs - IL Peak Demand Savings - Residential Sector,2.919,MW,43.0
2024,District of Columbia,Efficiency Programs - IL Peak Demand Savings - Residential Sector,0.865,MW,48.0
2024,Florida,Efficiency Programs - IL Peak Demand Savings - Residential Sector,62.198,MW,12.0
2024,Georgia,Efficiency Programs - IL Peak Demand Savings - Residential Sector,19.252000000000002,MW,27.0
2024,Hawaii,Efficiency Programs - IL Peak Demand Savings - Residential Sector,3.273,MW,41.0
2024,Idaho,Efficiency Programs - IL Peak Demand Savings - Residential Sector,79.404,MW,10.0
2024,Illinois,Efficiency Programs - IL Peak Demand Savings - Residential Sector,114.923,MW,6.0
2024,Indiana,Efficiency Programs - IL Peak Demand Savings - Residential Sector,80.619,MW,9.0
2024,Iowa,Efficiency Programs - IL Peak Demand Savings - Residential Sector,9.827,MW,34.0
2024,Kansas,Efficiency Programs - IL Peak Demand Savings - Residential Sector,8.573,MW,35.0
2024,Kentucky,Efficiency Programs - IL Peak Demand Savings - Residential Sector,11.385,MW,32.0
2024,Louisiana,Efficiency Programs - IL Peak Demand Savings - Residential Sector,21.218,MW,24.0
2024,Maine,Efficiency Programs - IL Peak Demand Savings - Residential Sector,1.511,MW,46.0
2024,Maryland,Efficiency Programs - IL Peak Demand Savings - Residential Sector,104.13300000000001,MW,7.0
2024,Massachusetts,Efficiency Programs - IL Peak Demand Savings - Residential Sector,19.9,MW,25.0
2024,Michigan,Efficiency Programs - IL Peak Demand Savings - Residential Sector,49.38399999999999,MW,16.0
2024,Minnesota,Efficiency Programs - IL Peak Demand Savings - Residential Sector,53.796,MW,15.0
2024,Mississippi,Efficiency Programs - IL Peak Demand Savings - Residential Sector,10.87,MW,33.0
2024,Missouri,Efficiency Programs - IL Peak Demand Savings - Residential Sector,38.157,MW,18.0
2024,Montana,Efficiency Programs - IL Peak Demand Savings - Residential Sector,1.153,MW,47.0
2024,Nebraska,Efficiency Programs - IL Peak Demand Savings - Residential Sector,4.245,MW,39.0
2024,Nevada,Efficiency Programs - IL Peak Demand Savings - Residential Sector,7.8,MW,36.0
2024,New Hampshire,Efficiency Programs - IL Peak Demand Savings - Residential Sector,2.789,MW,44.0
2024,New Jersey,Efficiency Programs - IL Peak Demand Savings - Residential Sector,26.381999999999998,MW,23.0
2024,New Mexico,Efficiency Programs - IL Peak Demand Savings - Residential Sector,33.206,MW,19.0
2024,New York,Efficiency Programs - IL Peak Demand Savings - Residential Sector,97.468,MW,8.0
2024,North Carolina,Efficiency Programs - IL Peak Demand Savings - Residential Sector,129.174,MW,5.0
2024,North Dakota,Efficiency Programs - IL Peak Demand Savings - Residential Sector,0.428,MW,50.0
2024,Ohio,Efficiency Programs - IL Peak Demand Savings - Residential Sector,2.264,MW,45.0
2024,Oklahoma,Efficiency Programs - IL Peak Demand Savings - Residential Sector,53.827999999999996,MW,14.0
2024,Oregon,Efficiency Programs - IL Peak Demand Savings - Residential Sector,16.305999999999997,MW,29.0
2024,Pennsylvania,Efficiency Programs - IL Peak Demand Savings - Residential Sector,68.769,MW,11.0
2024,Rhode Island,Efficiency Programs - IL Peak Demand Savings - Residential Sector,4.765000000000001,MW,38.0
2024,South Carolina,Efficiency Programs - IL Peak Demand Savings - Residential Sector,38.671,MW,17.0
2024,South Dakota,Efficiency Programs - IL Peak Demand Savings - Residential Sector,56.108000000000004,MW,13.0
2024,Tennessee,Efficiency Programs - IL Peak Demand Savings - Residential Sector,6.5,MW,37.0
2024,Texas,Efficiency Programs - IL Peak Demand Savings - Residential Sector,131.086,MW,4.0
2024,Utah,Efficiency Programs - IL Peak Demand Savings - Residential Sector,29.125,MW,21.0
2024,Vermont,Efficiency Programs - IL Peak Demand Savings - Residential Sector,3.715,MW,40.0
2024,Virginia,Efficiency Programs - IL Peak Demand Savings - Residential Sector,32.653000000000006,MW,20.0
2024,Washington,Efficiency Programs - IL Peak Demand Savings - Residential Sector,135.653,MW,3.0
2024,West Virginia,Efficiency Programs - IL Peak Demand Savings - Residential Sector,0.733,MW,49.0
2024,Wisconsin,Efficiency Programs - IL Peak Demand Savings - Residential Sector,12.07,MW,31.0
2024,Wyoming,Efficiency Programs - IL Peak Demand Savings - Residential Sector,17.488,MW,28.0
2024,Alabama,Efficiency Programs - IL Peak Demand Savings - Commercial Sector,1.0,MW,46.0
2024,Arizona,Efficiency Programs - IL Peak Demand Savings - Commercial Sector,87.851,MW,15.0
2024,Arkansas,Efficiency Programs - IL Peak Demand Savings - Commercial Sector,24.562,MW,26.0
2024,California,Efficiency Programs - IL Peak Demand Savings - Commercial Sector,185.582,MW,4.0
2024,Colorado,Efficiency Programs - IL Peak Demand Savings - Commercial Sector,47.434,MW,19.0
2024,Connecticut,Efficiency Programs - IL Peak Demand Savings - Commercial Sector,19.033,MW,29.0
2024,Delaware,Efficiency Programs - IL Peak Demand Savings - Commercial Sector,0.401,MW,48.0
2024,District of Columbia,Efficiency Programs - IL Peak Demand Savings - Commercial Sector,8.461,MW,36.0
2024,Florida,Efficiency Programs - IL Peak Demand Savings - Commercial Sector,26.32,MW,24.0
2024,Georgia,Efficiency Programs - IL Peak Demand Savings - Commercial Sector,95.91599999999998,MW,13.0
2024,Hawaii,Efficiency Programs - IL Peak Demand Savings - Commercial Sector,5.522,MW,40.0
2024,Idaho,Efficiency Programs - IL Peak Demand Savings - Commercial Sector,309.29,MW,2.0
2024,Illinois,Efficiency Programs - IL Peak Demand Savings - Commercial Sector,169.147,MW,5.0
2024,Indiana,Efficiency Programs - IL Peak Demand Savings - Commercial Sector,88.67099999999999,MW,14.0
2024,Iowa,Efficiency Programs - IL Peak Demand Savings - Commercial Sector,40.741,MW,20.0
2024,Kansas,Efficiency Programs - IL Peak Demand Savings - Commercial Sector,3.067,MW,45.0
2024,Kentucky,Efficiency Programs - IL Peak Demand Savings - Commercial Sector,13.051,MW,31.0
2024,Louisiana,Efficiency Programs - IL Peak Demand Savings - Commercial Sector,13.015,MW,32.0
2024,Maine,Efficiency Programs - IL Peak Demand Savings - Commercial Sector,5.33,MW,42.0
2024,Maryland,Efficiency Programs - IL Peak Demand Savings - Commercial Sector,154.501,MW,8.0
2024,Massachusetts,Efficiency Programs - IL Peak Demand Savings - Commercial Sector,37.207,MW,21.0
2024,Michigan,Efficiency Programs - IL Peak Demand Savings - Commercial Sector,191.132,MW,3.0
2024,Minnesota,Efficiency Programs - IL Peak Demand Savings - Commercial Sector,53.651999999999994,MW,17.0
2024,Mississippi,Efficiency Programs - IL Peak Demand Savings - Commercial Sector,12.71,MW,33.0
2024,Missouri,Efficiency Programs - IL Peak Demand Savings - Commercial Sector,47.894,MW,18.0
2024,Montana,Efficiency Programs - IL Peak Demand Savings - Commercial Sector,0.053,MW,49.0
2024,Nebraska,Efficiency Programs - IL Peak Demand Savings - Commercial Sector,4.165,MW,43.0
2024,Nevada,Efficiency Programs - IL Peak Demand Savings - Commercial Sector,28.7,MW,22.0
2024,New Hampshire,Efficiency Programs - IL Peak Demand Savings - Commercial Sector,9.517,MW,34.0
2024,New Jersey,Efficiency Programs - IL Peak Demand Savings - Commercial Sector,157.156,MW,7.0
2024,New Mexico,Efficiency Programs - IL Peak Demand Savings - Commercial Sector,7.101,MW,38.0
2024,New York,Efficiency Programs - IL Peak Demand Savings - Commercial Sector,114.78699999999999,MW,12.0
2024,North Carolina,Efficiency Programs - IL Peak Demand Savings - Commercial Sector,62.461,MW,16.0
2024,North Dakota,Efficiency Programs - IL Peak Demand Savings - Commercial Sector,0.561,MW,47.0
2024,Ohio,Efficiency Programs - IL Peak Demand Savings - Commercial Sector,8.356,MW,37.0
2024,Oklahoma,Efficiency Programs - IL Peak Demand Savings - Commercial Sector,137.37699999999998,MW,11.0
2024,Oregon,Efficiency Programs - IL Peak Demand Savings - Commercial Sector,26.297,MW,25.0
2024,Pennsylvania,Efficiency Programs - IL Peak Demand Savings - Commercial Sector,141.975,MW,9.0
2024,Rhode Island,Efficiency Programs - IL Peak Demand Savings - Commercial Sector,3.637,MW,44.0
2024,South Carolina,Efficiency Programs - IL Peak Demand Savings - Commercial Sector,20.195,MW,28.0
2024,South Dakota,Efficiency Programs - IL Peak Demand Savings - Commercial Sector,6.812,MW,39.0
2024,Tennessee,Efficiency Programs - IL Peak Demand Savings - Commercial Sector,9.2,MW,35.0
2024,Texas,Efficiency Programs - IL Peak Demand Savings - Commercial Sector,165.61499999999998,MW,6.0
2024,Utah,Efficiency Programs - IL Peak Demand Savings - Commercial Sector,18.006,MW,30.0
2024,Vermont,Efficiency Programs - IL Peak Demand Savings - Commercial Sector,5.34,MW,41.0
2024,Virginia,Efficiency Programs - IL Peak Demand Savings - Commercial Sector,27.782,MW,23.0
2024,Washington,Efficiency Programs - IL Peak Demand Savings - Commercial Sector,403.313,MW,1.0
2024,West Virginia,Efficiency Programs - IL Peak Demand Savings - Commercial Sector,0.0,MW,50.0
2024,Wisconsin,Efficiency Programs - IL Peak Demand Savings - Commercial Sector,24.174,MW,27.0
2024,Wyoming,Efficiency Programs - IL Peak Demand Savings - Commercial Sector,140.59699999999998,MW,10.0
2024,Alabama,Efficiency Programs - IL Peak Demand Savings - Industrial Sector,0.5,MW,35.0
2024,Arizona,Efficiency Programs - IL Peak Demand Savings - Industrial Sector,3.87,MW,21.0
2024,Arkansas,Efficiency Programs - IL Peak Demand Savings - Industrial Sector,14.5,MW,10.0
2024,California,Efficiency Programs - IL Peak Demand Savings - Industrial Sector,14.857,MW,9.0
2024,Colorado,Efficiency Programs - IL Peak Demand Savings - Industrial Sector,11.408,MW,11.0
2024,Connecticut,Efficiency Programs - IL Peak Demand Savings - Industrial Sector,5.2090000000000005,MW,18.0
2024,Delaware,Efficiency Programs - IL Peak Demand Savings - Industrial Sector,0.026,MW,42.0
2024,District of Columbia,Efficiency Programs - IL Peak Demand Savings - Industrial Sector,0.0,MW,50.0
2024,Florida,Efficiency Programs - IL Peak Demand Savings - Industrial Sector,0.552,MW,34.0
2024,Georgia,Efficiency Programs - IL Peak Demand Savings - Industrial Sector,0.613,MW,32.0
2024,Hawaii,Efficiency Programs - IL Peak Demand Savings - Industrial Sector,0.089,MW,40.0
2024,Idaho,Efficiency Programs - IL Peak Demand Savings - Industrial Sector,213.944,MW,2.0
2024,Illinois,Efficiency Programs - IL Peak Demand Savings - Industrial Sector,0.85,MW,29.0
2024,Indiana,Efficiency Programs - IL Peak Demand Savings - Industrial Sector,2.969,MW,23.0
2024,Iowa,Efficiency Programs - IL Peak Demand Savings - Industrial Sector,10.879999999999999,MW,13.0
2024,Kansas,Efficiency Programs - IL Peak Demand Savings - Industrial Sector,0.0,MW,50.0
2024,Kentucky,Efficiency Programs - IL Peak Demand Savings - Industrial Sector,0.2,MW,39.0
2024,Louisiana,Efficiency Programs - IL Peak Demand Savings - Industrial Sector,0.464,MW,37.0
2024,Maine,Efficiency Programs - IL Peak Demand Savings - Industrial Sector,0.0,MW,50.0
2024,Maryland,Efficiency Programs - IL Peak Demand Savings - Industrial Sector,3.067,MW,22.0
2024,Massachusetts,Efficiency Programs - IL Peak Demand Savings - Industrial Sector,7.1450000000000005,MW,17.0
2024,Michigan,Efficiency Programs - IL Peak Demand Savings - Industrial Sector,29.739,MW,4.0
2024,Minnesota,Efficiency Programs - IL Peak Demand Savings - Industrial Sector,26.768,MW,6.0
2024,Mississippi,Efficiency Programs - IL Peak Demand Savings - Industrial Sector,0.7,MW,31.0
2024,Missouri,Efficiency Programs - IL Peak Demand Savings - Industrial Sector,1.026,MW,27.0
2024,Montana,Efficiency Programs - IL Peak Demand Savings - Industrial Sector,0.001,MW,43.0
2024,Nebraska,Efficiency Programs - IL Peak Demand Savings - Industrial Sector,0.553,MW,33.0
2024,Nevada,Efficiency Programs - IL Peak Demand Savings - Industrial Sector,0.0,MW,50.0
2024,New Hampshire,Efficiency Programs - IL Peak Demand Savings - Industrial Sector,0.45000000000000007,MW,38.0
2024,New Jersey,Efficiency Programs - IL Peak Demand Savings - Industrial Sector,0.824,MW,30.0
2024,New Mexico,Efficiency Programs - IL Peak Demand Savings - Industrial Sector,8.626,MW,15.0
2024,New York,Efficiency Programs - IL Peak Demand Savings - Industrial Sector,19.255000000000003,MW,8.0
2024,North Carolina,Efficiency Programs - IL Peak Demand Savings - Industrial Sector,0.477,MW,36.0
2024,North Dakota,Efficiency Programs - IL Peak Demand Savings - Industrial Sector,0.0,MW,50.0
2024,Ohio,Efficiency Programs - IL Peak Demand Savings - Industrial Sector,4.043,MW,20.0
2024,Oklahoma,Efficiency Programs - IL Peak Demand Savings - Industrial Sector,7.647,MW,16.0
2024,Oregon,Efficiency Programs - IL Peak Demand Savings - Industrial Sector,20.988,MW,7.0
2024,Pennsylvania,Efficiency Programs - IL Peak Demand Savings - Industrial Sector,36.516000000000005,MW,3.0
2024,Rhode Island,Efficiency Programs - IL Peak Demand Savings - Industrial Sector,1.689,MW,26.0
2024,South Carolina,Efficiency Programs - IL Peak Demand Savings - Industrial Sector,1.02,MW,28.0
2024,South Dakota,Efficiency Programs - IL Peak Demand Savings - Industrial Sector,11.234,MW,12.0
2024,Tennessee,Efficiency Programs - IL Peak Demand Savings - Industrial Sector,2.8,MW,25.0
2024,Texas,Efficiency Programs - IL Peak Demand Savings - Industrial Sector,4.513,MW,19.0
2024,Utah,Efficiency Programs - IL Peak Demand Savings - Industrial Sector,8.712,MW,14.0
2024,Vermont,Efficiency Programs - IL Peak Demand Savings - Industrial Sector,0.0,MW,50.0
2024,Virginia,Efficiency Programs - IL Peak Demand Savings - Industrial Sector,0.062,MW,41.0
2024,Washington,Efficiency Programs - IL Peak Demand Savings - Industrial Sector,335.159,MW,1.0
2024,West Virginia,Efficiency Programs - IL Peak Demand Savings - Industrial Sector,0.0,MW,50.0
2024,Wisconsin,Efficiency Programs - IL Peak Demand Savings - Industrial Sector,29.284,MW,5.0
2024,Wyoming,Efficiency Programs - IL Peak Demand Savings - Industrial Sector,2.828,MW,24.0
2024,Alabama,Efficiency Programs - IL Peak Demand Savings - Transportation Sector,0.0,$/kWh,1.0
2024,Arizona,Efficiency Programs - IL Peak Demand Savings - Transportation Sector,0.0,$/kWh,1.0
2024,Arkansas,Efficiency Programs - IL Peak Demand Savings - Transportation Sector,0.0,$/kWh,1.0
2024,California,Efficiency Programs - IL Peak Demand Savings - Transportation Sector,0.0,$/kWh,1.0
2024,Colorado,Efficiency Programs - IL Peak Demand Savings - Transportation Sector,0.0,$/kWh,1.0
2024,Connecticut,Efficiency Programs - IL Peak Demand Savings - Transportation Sector,0.0,$/kWh,1.0
2024,Delaware,Efficiency Programs - IL Peak Demand Savings - Transportation Sector,0.0,$/kWh,1.0
2024,District of Columbia,Efficiency Programs - IL Peak Demand Savings - Transportation Sector,0.0,$/kWh,1.0
2024,Florida,Efficiency Programs - IL Peak Demand Savings - Transportation Sector,0.0,$/kWh,1.0
2024,Georgia,Efficiency Programs - IL Peak Demand Savings - Transportation Sector,0.0,$/kWh,1.0
2024,Hawaii,Efficiency Programs - IL Peak Demand Savings - Transportation Sector,0.0,$/kWh,1.0
2024,Idaho,Efficiency Programs - IL Peak Demand Savings - Transportation Sector,0.0,$/kWh,1.0
2024,Illinois,Efficiency Programs - IL Peak Demand Savings - Transportation Sector,0.0,$/kWh,1.0
2024,Indiana,Efficiency Programs - IL Peak Demand Savings - Transportation Sector,0.0,$/kWh,1.0
2024,Iowa,Efficiency Programs - IL Peak Demand Savings - Transportation Sector,0.0,$/kWh,1.0
2024,Kansas,Efficiency Programs - IL Peak Demand Savings - Transportation Sector,0.0,$/kWh,1.0
2024,Kentucky,Efficiency Programs - IL Peak Demand Savings - Transportation Sector,0.0,$/kWh,1.0
2024,Louisiana,Efficiency Programs - IL Peak Demand Savings - Transportation Sector,0.0,$/kWh,1.0
2024,Maine,Efficiency Programs - IL Peak Demand Savings - Transportation Sector,0.0,$/kWh,1.0
2024,Maryland,Efficiency Programs - IL Peak Demand Savings - Transportation Sector,0.0,$/kWh,1.0
2024,Massachusetts,Efficiency Programs - IL Peak Demand Savings - Transportation Sector,0.0,$/kWh,1.0
2024,Michigan,Efficiency Programs - IL Peak Demand Savings - Transportation Sector,0.0,$/kWh,1.0
2024,Minnesota,Efficiency Programs - IL Peak Demand Savings - Transportation Sector,0.0,$/kWh,1.0
2024,Mississippi,Efficiency Programs - IL Peak Demand Savings - Transportation Sector,0.0,$/kWh,1.0
2024,Missouri,Efficiency Programs - IL Peak Demand Savings - Transportation Sector,0.0,$/kWh,1.0
2024,Montana,Efficiency Programs - IL Peak Demand Savings - Transportation Sector,0.0,$/kWh,1.0
2024,Nebraska,Efficiency Programs - IL Peak Demand Savings - Transportation Sector,0.0,$/kWh,1.0
2024,Nevada,Efficiency Programs - IL Peak Demand Savings - Transportation Sector,0.0,$/kWh,1.0
2024,New Hampshire,Efficiency Programs - IL Peak Demand Savings - Transportation Sector,0.0,$/kWh,1.0
2024,New Jersey,Efficiency Programs - IL Peak Demand Savings - Transportation Sector,0.0,$/kWh,1.0
2024,New Mexico,Efficiency Programs - IL Peak Demand Savings - Transportation Sector,0.0,$/kWh,1.0
2024,New York,Efficiency Programs - IL Peak Demand Savings - Transportation Sector,0.063,$/kWh,50.0
2024,North Carolina,Efficiency Programs - IL Peak Demand Savings - Transportation Sector,0.0,$/kWh,1.0
2024,North Dakota,Efficiency Programs - IL Peak Demand Savings - Transportation Sector,0.0,$/kWh,1.0
2024,Ohio,Efficiency Programs - IL Peak Demand Savings - Transportation Sector,0.0,$/kWh,1.0
2024,Oklahoma,Efficiency Programs - IL Peak Demand Savings - Transportation Sector,0.0,$/kWh,1.0
2024,Oregon,Efficiency Programs - IL Peak Demand Savings - Transportation Sector,0.0,$/kWh,1.0
2024,Pennsylvania,Efficiency Programs - IL Peak Demand Savings - Transportation Sector,0.0,$/kWh,1.0
2024,Rhode Island,Efficiency Programs - IL Peak Demand Savings - Transportation Sector,0.0,$/kWh,1.0
2024,South Carolina,Efficiency Programs - IL Peak Demand Savings - Transportation Sector,0.0,$/kWh,1.0
2024,South Dakota,Efficiency Programs - IL Peak Demand Savings - Transportation Sector,0.0,$/kWh,1.0
2024,Tennessee,Efficiency Programs - IL Peak Demand Savings - Transportation Sector,0.0,$/kWh,1.0
2024,Texas,Efficiency Programs - IL Peak Demand Savings - Transportation Sector,0.0,$/kWh,1.0
2024,Utah,Efficiency Programs - IL Peak Demand Savings - Transportation Sector,0.0,$/kWh,1.0
2024,Vermont,Efficiency Programs - IL Peak Demand Savings - Transportation Sector,0.0,$/kWh,1.0
2024,Virginia,Efficiency Programs - IL Peak Demand Savings - Transportation Sector,0.0,$/kWh,1.0
2024,Washington,Efficiency Programs - IL Peak Demand Savings - Transportation Sector,0.0,$/kWh,1.0
2024,West Virginia,Efficiency Programs - IL Peak Demand Savings - Transportation Sector,0.0,$/kWh,1.0
2024,Wisconsin,Efficiency Programs - IL Peak Demand Savings - Transportation Sector,0.0,$/kWh,1.0
2024,Wyoming,Efficiency Programs - IL Peak Demand Savings - Transportation Sector,0.0,$/kWh,1.0
2024,Alabama,Efficiency Programs - IL Peak Demand Savings - All Sectors,14.305,MW,38.0
2024,Arizona,Efficiency Programs - IL Peak Demand Savings - All Sectors,292.327,MW,5.0
2024,Arkansas,Efficiency Programs - IL Peak Demand Savings - All Sectors,65.978,MW,22.0
2024,California,Efficiency Programs - IL Peak Demand Savings - All Sectors,474.265,MW,3.0
2024,Colorado,Efficiency Programs - IL Peak Demand Savings - All Sectors,78.109,MW,20.0
2024,Connecticut,Efficiency Programs - IL Peak Demand Savings - All Sectors,27.323,MW,33.0
2024,Delaware,Efficiency Programs - IL Peak Demand Savings - All Sectors,3.346,MW,47.0
2024,District of Columbia,Efficiency Programs - IL Peak Demand Savings - All Sectors,9.326,MW,42.0
2024,Florida,Efficiency Programs - IL Peak Demand Savings - All Sectors,89.07000000000001,MW,18.0
2024,Georgia,Efficiency Programs - IL Peak Demand Savings - All Sectors,115.781,MW,17.0
2024,Hawaii,Efficiency Programs - IL Peak Demand Savings - All Sectors,8.884,MW,45.0
2024,Idaho,Efficiency Programs - IL Peak Demand Savings - All Sectors,602.638,MW,2.0
2024,Illinois,Efficiency Programs - IL Peak Demand Savings - All Sectors,284.92,MW,6.0
2024,Indiana,Efficiency Programs - IL Peak Demand Savings - All Sectors,172.259,MW,14.0
2024,Iowa,Efficiency Programs - IL Peak Demand Savings - All Sectors,61.44799999999999,MW,26.0
2024,Kansas,Efficiency Programs - IL Peak Demand Savings - All Sectors,11.64,MW,40.0
2024,Kentucky,Efficiency Programs - IL Peak Demand Savings - All Sectors,24.636,MW,34.0
2024,Louisiana,Efficiency Programs - IL Peak Demand Savings - All Sectors,34.697,MW,32.0
2024,Maine,Efficiency Programs - IL Peak Demand Savings - All Sectors,6.841,MW,46.0
2024,Maryland,Efficiency Programs - IL Peak Demand Savings - All Sectors,261.701,MW,8.0
2024,Massachusetts,Efficiency Programs - IL Peak Demand Savings - All Sectors,64.252,MW,24.0
2024,Michigan,Efficiency Programs - IL Peak Demand Savings - All Sectors,270.255,MW,7.0
2024,Minnesota,Efficiency Programs - IL Peak Demand Savings - All Sectors,134.216,MW,16.0
2024,Mississippi,Efficiency Programs - IL Peak Demand Savings - All Sectors,24.28,MW,35.0
2024,Missouri,Efficiency Programs - IL Peak Demand Savings - All Sectors,87.077,MW,19.0
2024,Montana,Efficiency Programs - IL Peak Demand Savings - All Sectors,1.207,MW,48.0
2024,Nebraska,Efficiency Programs - IL Peak Demand Savings - All Sectors,8.963,MW,44.0
2024,Nevada,Efficiency Programs - IL Peak Demand Savings - All Sectors,36.5,MW,31.0
2024,New Hampshire,Efficiency Programs - IL Peak Demand Savings - All Sectors,12.756,MW,39.0
2024,New Jersey,Efficiency Programs - IL Peak Demand Savings - All Sectors,184.36200000000002,MW,13.0
2024,New Mexico,Efficiency Programs - IL Peak Demand Savings - All Sectors,48.933,MW,30.0
2024,New York,Efficiency Programs - IL Peak Demand Savings - All Sectors,231.573,MW,10.0
2024,North Carolina,Efficiency Programs - IL Peak Demand Savings - All Sectors,192.112,MW,12.0
2024,North Dakota,Efficiency Programs - IL Peak Demand Savings - All Sectors,0.989,MW,49.0
2024,Ohio,Efficiency Programs - IL Peak Demand Savings - All Sectors,14.663,MW,37.0
2024,Oklahoma,Efficiency Programs - IL Peak Demand Savings - All Sectors,198.852,MW,11.0
2024,Oregon,Efficiency Programs - IL Peak Demand Savings - All Sectors,63.591,MW,25.0
2024,Pennsylvania,Efficiency Programs - IL Peak Demand Savings - All Sectors,247.26000000000002,MW,9.0
2024,Rhode Island,Efficiency Programs - IL Peak Demand Savings - All Sectors,10.091000000000001,MW,41.0
2024,South Carolina,Efficiency Programs - IL Peak Demand Savings - All Sectors,59.886,MW,28.0
2024,South Dakota,Efficiency Programs - IL Peak Demand Savings - All Sectors,74.154,MW,21.0
2024,Tennessee,Efficiency Programs - IL Peak Demand Savings - All Sectors,18.5,MW,36.0
2024,Texas,Efficiency Programs - IL Peak Demand Savings - All Sectors,301.214,MW,4.0
2024,Utah,Efficiency Programs - IL Peak Demand Savings - All Sectors,55.843,MW,29.0
2024,Vermont,Efficiency Programs - IL Peak Demand Savings - All Sectors,9.055,MW,43.0
2024,Virginia,Efficiency Programs - IL Peak Demand Savings - All Sectors,60.497,MW,27.0
2024,Washington,Efficiency Programs - IL Peak Demand Savings - All Sectors,874.125,MW,1.0
2024,West Virginia,Efficiency Programs - IL Peak Demand Savings - All Sectors,0.733,MW,50.0
2024,Wisconsin,Efficiency Programs - IL Peak Demand Savings - All Sectors,65.528,MW,23.0
2024,Wyoming,Efficiency Programs - IL Peak Demand Savings - All Sectors,160.91299999999998,MW,15.0
2024,Alabama,Efficiency Programs - Cost per kW of Peak Demand Savings - Residential Sector,812.5614994142913,$/kW,13.0
2024,Arizona,Efficiency Programs - Cost per kW of Peak Demand Savings - Residential Sector,341.00001993958307,$/kW,5.0
2024,Arkansas,Efficiency Programs - Cost per kW of Peak Demand Savings - Residential Sector,1682.7210581067027,$/kW,27.0
2024,California,Efficiency Programs - Cost per kW of Peak Demand Savings - Residential Sector,1051.4700065004783,$/kW,15.0
2024,Colorado,Efficiency Programs - Cost per kW of Peak Demand Savings - Residential Sector,2077.821819691701,$/kW,30.0
2024,Connecticut,Efficiency Programs - Cost per kW of Peak Demand Savings - Residential Sector,27961.28984096073,$/kW,49.0
2024,Delaware,Efficiency Programs - Cost per kW of Peak Demand Savings - Residential Sector,3229370.613223707,$/kW,50.0
2024,District of Columbia,Efficiency Programs - Cost per kW of Peak Demand Savings - Residential Sector,6107.790751445086,$/kW,42.0
2024,Florida,Efficiency Programs - Cost per kW of Peak Demand Savings - Residential Sector,796.4481494581819,$/kW,12.0
2024,Georgia,Efficiency Programs - Cost per kW of Peak Demand Savings - Residential Sector,18492.425358404318,$/kW,48.0
2024,Hawaii,Efficiency Programs - Cost per kW of Peak Demand Savings - Residential Sector,4487.5563703024745,$/kW,40.0
2024,Idaho,Efficiency Programs - Cost per kW of Peak Demand Savings - Residential Sector,111.22665105032493,$/kW,2.0
2024,Illinois,Efficiency Programs - Cost per kW of Peak Demand Savings - Residential Sector,2025.6819435622112,$/kW,28.0
2024,Indiana,Efficiency Programs - Cost per kW of Peak Demand Savings - Residential Sector,540.4169364541857,$/kW,6.0
2024,Iowa,Efficiency Programs - Cost per kW of Peak Demand Savings - Residential Sector,1581.5630406024218,$/kW,26.0
2024,Kansas,Efficiency Programs - Cost per kW of Peak Demand Savings - Residential Sector,550.7539951008981,$/kW,7.0
2024,Kentucky,Efficiency Programs - Cost per kW of Peak Demand Savings - Residential Sector,1325.7080368906456,$/kW,24.0
2024,Louisiana,Efficiency Programs - Cost per kW of Peak Demand Savings - Residential Sector,1155.8457913092657,$/kW,19.0
2024,Maine,Efficiency Programs - Cost per kW of Peak Demand Savings - Residential Sector,13735.329583057577,$/kW,46.0
2024,Maryland,Efficiency Programs - Cost per kW of Peak Demand Savings - Residential Sector,1304.0360884637914,$/kW,22.0
2024,Massachusetts,Efficiency Programs - Cost per kW of Peak Demand Savings - Residential Sector,15154.490351758795,$/kW,47.0
2024,Michigan,Efficiency Programs - Cost per kW of Peak Demand Savings - Residential Sector,3476.6444192451004,$/kW,35.0
2024,Minnesota,Efficiency Programs - Cost per kW of Peak Demand Savings - Residential Sector,1238.3578147074131,$/kW,21.0
2024,Mississippi,Efficiency Programs - Cost per kW of Peak Demand Savings - Residential Sector,1135.609935602576,$/kW,17.0
2024,Missouri,Efficiency Programs - Cost per kW of Peak Demand Savings - Residential Sector,1213.5152658752,$/kW,20.0
2024,Montana,Efficiency Programs - Cost per kW of Peak Demand Savings - Residential Sector,4249.341717259324,$/kW,38.0
2024,Nebraska,Efficiency Programs - Cost per kW of Peak Demand Savings - Residential Sector,1363.7641931684334,$/kW,25.0
2024,Nevada,Efficiency Programs - Cost per kW of Peak Demand Savings - Residential Sector,2528.0332051282057,$/kW,31.0
2024,New Hampshire,Efficiency Programs - Cost per kW of Peak Demand Savings - Residential Sector,11826.11437791323,$/kW,44.0
2024,New Jersey,Efficiency Programs - Cost per kW of Peak Demand Savings - Residential Sector,13136.413198392846,$/kW,45.0
2024,New Mexico,Efficiency Programs - Cost per kW of Peak Demand Savings - Residential Sector,736.869842799494,$/kW,11.0
2024,New York,Efficiency Programs - Cost per kW of Peak Demand Savings - Residential Sector,2568.852792711454,$/kW,32.0
2024,North Carolina,Efficiency Programs - Cost per kW of Peak Demand Savings - Residential Sector,691.1063371885983,$/kW,9.0
2024,North Dakota,Efficiency Programs - Cost per kW of Peak Demand Savings - Residential Sector,114.4626168224299,$/kW,3.0
2024,Ohio,Efficiency Programs - Cost per kW of Peak Demand Savings - Residential Sector,4085.6568021201415,$/kW,37.0
2024,Oklahoma,Efficiency Programs - Cost per kW of Peak Demand Savings - Residential Sector,676.8521958831836,$/kW,8.0
2024,Oregon,Efficiency Programs - Cost per kW of Peak Demand Savings - Residential Sector,2644.2692260517606,$/kW,33.0
2024,Pennsylvania,Efficiency Programs - Cost per kW of Peak Demand Savings - Residential Sector,1322.4734109846006,$/kW,23.0
2024,Rhode Island,Efficiency Programs - Cost per kW of Peak Demand Savings - Residential Sector,8637.63441762854,$/kW,43.0
2024,South Carolina,Efficiency Programs - Cost per kW of Peak Demand Savings - Residential Sector,1140.9731581805488,$/kW,18.0
2024,South Dakota,Efficiency Programs - Cost per kW of Peak Demand Savings - Residential Sector,275.9282455264846,$/kW,4.0
2024,Tennessee,Efficiency Programs - Cost per kW of Peak Demand Savings - Residential Sector,4397.2307692307695,$/kW,39.0
2024,Texas,Efficiency Programs - Cost per kW of Peak Demand Savings - Residential Sector,1096.6113238637229,$/kW,16.0
2024,Utah,Efficiency Programs - Cost per kW of Peak Demand Savings - Residential Sector,999.2717596566525,$/kW,14.0
2024,Vermont,Efficiency Programs - Cost per kW of Peak Demand Savings - Residential Sector,5586.5391655450885,$/kW,41.0
2024,Virginia,Efficiency Programs - Cost per kW of Peak Demand Savings - Residential Sector,2031.3185005971882,$/kW,29.0
2024,Washington,Efficiency Programs - Cost per kW of Peak Demand Savings - Residential Sector,706.9581137166152,$/kW,10.0
2024,West Virginia,Efficiency Programs - Cost per kW of Peak Demand Savings - Residential Sector,3657.8444747612557,$/kW,36.0
2024,Wisconsin,Efficiency Programs - Cost per kW of Peak Demand Savings - Residential Sector,3238.27091963546,$/kW,34.0
2024,Wyoming,Efficiency Programs - Cost per kW of Peak Demand Savings - Residential Sector,95.29734675205857,$/kW,1.0
2024,Alabama,Efficiency Programs - Cost per kW of Peak Demand Savings - Commercial Sector,848.2,$/kW,17.0
2024,Arizona,Efficiency Programs - Cost per kW of Peak Demand Savings - Commercial Sector,609.4223173327566,$/kW,10.0
2024,Arkansas,Efficiency Programs - Cost per kW of Peak Demand Savings - Commercial Sector,834.1659066851233,$/kW,15.0
2024,California,Efficiency Programs - Cost per kW of Peak Demand Savings - Commercial Sector,1651.8191634964599,$/kW,33.0
2024,Colorado,Efficiency Programs - Cost per kW of Peak Demand Savings - Commercial Sector,1373.780558249357,$/kW,31.0
2024,Connecticut,Efficiency Programs - Cost per kW of Peak Demand Savings - Commercial Sector,3561.9005937056686,$/kW,44.0
2024,Delaware,Efficiency Programs - Cost per kW of Peak Demand Savings - Commercial Sector,9064500.872817954,$/kW,49.0
2024,District of Columbia,Efficiency Programs - Cost per kW of Peak Demand Savings - Commercial Sector,634.4065713272663,$/kW,11.0
2024,Florida,Efficiency Programs - Cost per kW of Peak Demand Savings - Commercial Sector,1654.7809270516718,$/kW,34.0
2024,Georgia,Efficiency Programs - Cost per kW of Peak Demand Savings - Commercial Sector,5229.626068643398,$/kW,46.0
2024,Hawaii,Efficiency Programs - Cost per kW of Peak Demand Savings - Commercial Sector,2531.0300615718943,$/kW,38.0
2024,Idaho,Efficiency Programs - Cost per kW of Peak Demand Savings - Commercial Sector,83.97197128908144,$/kW,2.0
2024,Illinois,Efficiency Programs - Cost per kW of Peak Demand Savings - Commercial Sector,1719.8565271627638,$/kW,36.0
2024,Indiana,Efficiency Programs - Cost per kW of Peak Demand Savings - Commercial Sector,705.9030235364438,$/kW,14.0
2024,Iowa,Efficiency Programs - Cost per kW of Peak Demand Savings - Commercial Sector,855.9403058344172,$/kW,18.0
2024,Kansas,Efficiency Programs - Cost per kW of Peak Demand Savings - Commercial Sector,1362.2138897945874,$/kW,29.0
2024,Kentucky,Efficiency Programs - Cost per kW of Peak Demand Savings - Commercial Sector,499.48195540571606,$/kW,9.0
2024,Louisiana,Efficiency Programs - Cost per kW of Peak Demand Savings - Commercial Sector,1672.098271225509,$/kW,35.0
2024,Maine,Efficiency Programs - Cost per kW of Peak Demand Savings - Commercial Sector,3314.160600375235,$/kW,41.0
2024,Maryland,Efficiency Programs - Cost per kW of Peak Demand Savings - Commercial Sector,1218.6797625905333,$/kW,24.0
2024,Massachusetts,Efficiency Programs - Cost per kW of Peak Demand Savings - Commercial Sector,3444.6116053430806,$/kW,42.0
2024,Michigan,Efficiency Programs - Cost per kW of Peak Demand Savings - Commercial Sector,968.0758690329196,$/kW,21.0
2024,Minnesota,Efficiency Programs - Cost per kW of Peak Demand Savings - Commercial Sector,1315.3429508685606,$/kW,26.0
2024,Mississippi,Efficiency Programs - Cost per kW of Peak Demand Savings - Commercial Sector,994.7199055861525,$/kW,22.0
2024,Missouri,Efficiency Programs - Cost per kW of Peak Demand Savings - Commercial Sector,843.0206497682383,$/kW,16.0
2024,Montana,Efficiency Programs - Cost per kW of Peak Demand Savings - Commercial Sector,181134.24528301886,$/kW,48.0
2024,Nebraska,Efficiency Programs - Cost per kW of Peak Demand Savings - Commercial Sector,391.3587034813926,$/kW,6.0
2024,Nevada,Efficiency Programs - Cost per kW of Peak Demand Savings - Commercial Sector,660.9076655052264,$/kW,12.0
2024,New Hampshire,Efficiency Programs - Cost per kW of Peak Demand Savings - Commercial Sector,2803.968477461385,$/kW,39.0
2024,New Jersey,Efficiency Programs - Cost per kW of Peak Demand Savings - Commercial Sector,2965.6593766703145,$/kW,40.0
2024,New Mexico,Efficiency Programs - Cost per kW of Peak Demand Savings - Commercial Sector,1212.8091818053795,$/kW,23.0
2024,New York,Efficiency Programs - Cost per kW of Peak Demand Savings - Commercial Sector,3501.938808401648,$/kW,43.0
2024,North Carolina,Efficiency Programs - Cost per kW of Peak Demand Savings - Commercial Sector,906.4410592209539,$/kW,20.0
2024,North Dakota,Efficiency Programs - Cost per kW of Peak Demand Savings - Commercial Sector,86.98752228163991,$/kW,3.0
2024,Ohio,Efficiency Programs - Cost per kW of Peak Demand Savings - Commercial Sector,696.8648875059837,$/kW,13.0
2024,Oklahoma,Efficiency Programs - Cost per kW of Peak Demand Savings - Commercial Sector,189.88148671174946,$/kW,4.0
2024,Oregon,Efficiency Programs - Cost per kW of Peak Demand Savings - Commercial Sector,2310.1475833745294,$/kW,37.0
2024,Pennsylvania,Efficiency Programs - Cost per kW of Peak Demand Savings - Commercial Sector,905.5295228033106,$/kW,19.0
2024,Rhode Island,Efficiency Programs - Cost per kW of Peak Demand Savings - Commercial Sector,7669.80945834479,$/kW,47.0
2024,South Carolina,Efficiency Programs - Cost per kW of Peak Demand Savings - Commercial Sector,1366.866254023273,$/kW,30.0
2024,South Dakota,Efficiency Programs - Cost per kW of Peak Demand Savings - Commercial Sector,424.6845273047563,$/kW,7.0
2024,Tennessee,Efficiency Programs - Cost per kW of Peak Demand Savings - Commercial Sector,1332.3913043478262,$/kW,27.0
2024,Texas,Efficiency Programs - Cost per kW of Peak Demand Savings - Commercial Sector,438.0599160704043,$/kW,8.0
2024,Utah,Efficiency Programs - Cost per kW of Peak Demand Savings - Commercial Sector,1611.1131289570142,$/kW,32.0
2024,Vermont,Efficiency Programs - Cost per kW of Peak Demand Savings - Commercial Sector,3604.979775280899,$/kW,45.0
2024,Virginia,Efficiency Programs - Cost per kW of Peak Demand Savings - Commercial Sector,1235.4359297386798,$/kW,25.0
2024,Washington,Efficiency Programs - Cost per kW of Peak Demand Savings - Commercial Sector,339.2647199569565,$/kW,5.0
2024,West Virginia,Efficiency Programs - Cost per kW of Peak Demand Savings - Commercial Sector,,$/kW,
2024,Wisconsin,Efficiency Programs - Cost per kW of Peak Demand Savings - Commercial Sector,1343.4839496980228,$/kW,28.0
2024,Wyoming,Efficiency Programs - Cost per kW of Peak Demand Savings - Commercial Sector,31.72020028876861,$/kW,1.0
2024,Alabama,Efficiency Programs - Cost per kW of Peak Demand Savings - Industrial Sector,2568.0,$/kW,37.0
2024,Arizona,Efficiency Programs - Cost per kW of Peak Demand Savings - Industrial Sector,553.7467700258397,$/kW,9.0
2024,Arkansas,Efficiency Programs - Cost per kW of Peak Demand Savings - Industrial Sector,843.1034482758621,$/kW,14.0
2024,California,Efficiency Programs - Cost per kW of Peak Demand Savings - Industrial Sector,2559.1332705122163,$/kW,36.0
2024,Colorado,Efficiency Programs - Cost per kW of Peak Demand Savings - Industrial Sector,1239.3960378681627,$/kW,25.0
2024,Connecticut,Efficiency Programs - Cost per kW of Peak Demand Savings - Industrial Sector,3266.966020349395,$/kW,39.0
2024,Delaware,Efficiency Programs - Cost per kW of Peak Demand Savings - Industrial Sector,1153.8461538461538,$/kW,21.0
2024,District of Columbia,Efficiency Programs - Cost per kW of Peak Demand Savings - Industrial Sector,,$/kW,
2024,Florida,Efficiency Programs - Cost per kW of Peak Demand Savings - Industrial Sector,6226.451086956522,$/kW,41.0
2024,Georgia,Efficiency Programs - Cost per kW of Peak Demand Savings - Industrial Sector,314.40456769983683,$/kW,6.0
2024,Hawaii,Efficiency Programs - Cost per kW of Peak Demand Savings - Industrial Sector,1403.7865168539329,$/kW,28.0
2024,Idaho,Efficiency Programs - Cost per kW of Peak Demand Savings - Industrial Sector,90.06482537486447,$/kW,2.0
2024,Illinois,Efficiency Programs - Cost per kW of Peak Demand Savings - Industrial Sector,1686.5141176470588,$/kW,30.0
2024,Indiana,Efficiency Programs - Cost per kW of Peak Demand Savings - Industrial Sector,816.2303805995284,$/kW,13.0
2024,Iowa,Efficiency Programs - Cost per kW of Peak Demand Savings - Industrial Sector,1280.5194852941177,$/kW,26.0
2024,Kansas,Efficiency Programs - Cost per kW of Peak Demand Savings - Industrial Sector,,$/kW,
2024,Kentucky,Efficiency Programs - Cost per kW of Peak Demand Savings - Industrial Sector,1035.0,$/kW,20.0
2024,Louisiana,Efficiency Programs - Cost per kW of Peak Demand Savings - Industrial Sector,508.70689655172407,$/kW,8.0
2024,Maine,Efficiency Programs - Cost per kW of Peak Demand Savings - Industrial Sector,,$/kW,
2024,Maryland,Efficiency Programs - Cost per kW of Peak Demand Savings - Industrial Sector,2060.4013694163677,$/kW,33.0
2024,Massachusetts,Efficiency Programs - Cost per kW of Peak Demand Savings - Industrial Sector,222.97298810356892,$/kW,5.0
2024,Michigan,Efficiency Programs - Cost per kW of Peak Demand Savings - Industrial Sector,2037.9353374356906,$/kW,32.0
2024,Minnesota,Efficiency Programs - Cost per kW of Peak Demand Savings - Industrial Sector,739.6175657501493,$/kW,11.0
2024,Mississippi,Efficiency Programs - Cost per kW of Peak Demand Savings - Industrial Sector,965.7142857142858,$/kW,19.0
2024,Missouri,Efficiency Programs - Cost per kW of Peak Demand Savings - Industrial Sector,647.4171539961013,$/kW,10.0
2024,Montana,Efficiency Programs - Cost per kW of Peak Demand Savings - Industrial Sector,149704.99999999997,$/kW,43.0
2024,Nebraska,Efficiency Programs - Cost per kW of Peak Demand Savings - Industrial Sector,1536.907775768535,$/kW,29.0
2024,Nevada,Efficiency Programs - Cost per kW of Peak Demand Savings - Industrial Sector,,$/kW,
2024,New Hampshire,Efficiency Programs - Cost per kW of Peak Demand Savings - Industrial Sector,2497.511111111111,$/kW,35.0
2024,New Jersey,Efficiency Programs - Cost per kW of Peak Demand Savings - Industrial Sector,5270.330097087378,$/kW,40.0
2024,New Mexico,Efficiency Programs - Cost per kW of Peak Demand Savings - Industrial Sector,1217.4351959193136,$/kW,24.0
2024,New York,Efficiency Programs - Cost per kW of Peak Demand Savings - Industrial Sector,1719.613606855362,$/kW,31.0
2024,North Carolina,Efficiency Programs - Cost per kW of Peak Demand Savings - Industrial Sector,116.9182389937107,$/kW,4.0
2024,North Dakota,Efficiency Programs - Cost per kW of Peak Demand Savings - Industrial Sector,,$/kW,
2024,Ohio,Efficiency Programs - Cost per kW of Peak Demand Savings - Industrial Sector,886.6242888943852,$/kW,16.0
2024,Oklahoma,Efficiency Programs - Cost per kW of Peak Demand Savings - Industrial Sector,1202.8702759251994,$/kW,23.0
2024,Oregon,Efficiency Programs - Cost per kW of Peak Demand Savings - Industrial Sector,2062.296359824662,$/kW,34.0
2024,Pennsylvania,Efficiency Programs - Cost per kW of Peak Demand Savings - Industrial Sector,870.9761200569611,$/kW,15.0
2024,Rhode Island,Efficiency Programs - Cost per kW of Peak Demand Savings - Industrial Sector,7293.506808762581,$/kW,42.0
2024,South Carolina,Efficiency Programs - Cost per kW of Peak Demand Savings - Industrial Sector,1306.1764705882351,$/kW,27.0
2024,South Dakota,Efficiency Programs - Cost per kW of Peak Demand Savings - Industrial Sector,23.86879116966352,$/kW,1.0
2024,Tennessee,Efficiency Programs - Cost per kW of Peak Demand Savings - Industrial Sector,958.5714285714287,$/kW,18.0
2024,Texas,Efficiency Programs - Cost per kW of Peak Demand Savings - Industrial Sector,334.43053401285175,$/kW,7.0
2024,Utah,Efficiency Programs - Cost per kW of Peak Demand Savings - Industrial Sector,1191.8601928374658,$/kW,22.0
2024,Vermont,Efficiency Programs - Cost per kW of Peak Demand Savings - Industrial Sector,,$/kW,
2024,Virginia,Efficiency Programs - Cost per kW of Peak Demand Savings - Industrial Sector,2925.3387096774195,$/kW,38.0
2024,Washington,Efficiency Programs - Cost per kW of Peak Demand Savings - Industrial Sector,104.84234348473413,$/kW,3.0
2024,West Virginia,Efficiency Programs - Cost per kW of Peak Demand Savings - Industrial Sector,,$/kW,
2024,Wisconsin,Efficiency Programs - Cost per kW of Peak Demand Savings - Industrial Sector,787.3811637754404,$/kW,12.0
2024,Wyoming,Efficiency Programs - Cost per kW of Peak Demand Savings - Industrial Sector,957.1025459688825,$/kW,17.0
2024,Alabama,Efficiency Programs - Cost per kW of Peak Demand Savings - Transportation Sector,,$/kWh,
2024,Arizona,Efficiency Programs - Cost per kW of Peak Demand Savings - Transportation Sector,,$/kWh,
2024,Arkansas,Efficiency Programs - Cost per kW of Peak Demand Savings - Transportation Sector,,$/kWh,
2024,California,Efficiency Programs - Cost per kW of Peak Demand Savings - Transportation Sector,,$/kWh,
2024,Colorado,Efficiency Programs - Cost per kW of Peak Demand Savings - Transportation Sector,,$/kWh,
2024,Connecticut,Efficiency Programs - Cost per kW of Peak Demand Savings - Transportation Sector,,$/kWh,
2024,Delaware,Efficiency Programs - Cost per kW of Peak Demand Savings - Transportation Sector,,$/kWh,
2024,District of Columbia,Efficiency Programs - Cost per kW of Peak Demand Savings - Transportation Sector,,$/kWh,
2024,Florida,Efficiency Programs - Cost per kW of Peak Demand Savings - Transportation Sector,,$/kWh,
2024,Georgia,Efficiency Programs - Cost per kW of Peak Demand Savings - Transportation Sector,,$/kWh,
2024,Hawaii,Efficiency Programs - Cost per kW of Peak Demand Savings - Transportation Sector,,$/kWh,
2024,Idaho,Efficiency Programs - Cost per kW of Peak Demand Savings - Transportation Sector,,$/kWh,
2024,Illinois,Efficiency Programs - Cost per kW of Peak Demand Savings - Transportation Sector,,$/kWh,
2024,Indiana,Efficiency Programs - Cost per kW of Peak Demand Savings - Transportation Sector,,$/kWh,
2024,Iowa,Efficiency Programs - Cost per kW of Peak Demand Savings - Transportation Sector,inf,$/kWh,2.0
2024,Kansas,Efficiency Programs - Cost per kW of Peak Demand Savings - Transportation Sector,,$/kWh,
2024,Kentucky,Efficiency Programs - Cost per kW of Peak Demand Savings - Transportation Sector,,$/kWh,
2024,Louisiana,Efficiency Programs - Cost per kW of Peak Demand Savings - Transportation Sector,,$/kWh,
2024,Maine,Efficiency Programs - Cost per kW of Peak Demand Savings - Transportation Sector,,$/kWh,
2024,Maryland,Efficiency Programs - Cost per kW of Peak Demand Savings - Transportation Sector,,$/kWh,
2024,Massachusetts,Efficiency Programs - Cost per kW of Peak Demand Savings - Transportation Sector,,$/kWh,
2024,Michigan,Efficiency Programs - Cost per kW of Peak Demand Savings - Transportation Sector,,$/kWh,
2024,Minnesota,Efficiency Programs - Cost per kW of Peak Demand Savings - Transportation Sector,,$/kWh,
2024,Mississippi,Efficiency Programs - Cost per kW of Peak Demand Savings - Transportation Sector,,$/kWh,
2024,Missouri,Efficiency Programs - Cost per kW of Peak Demand Savings - Transportation Sector,,$/kWh,
2024,Montana,Efficiency Programs - Cost per kW of Peak Demand Savings - Transportation Sector,,$/kWh,
2024,Nebraska,Efficiency Programs - Cost per kW of Peak Demand Savings - Transportation Sector,,$/kWh,
2024,Nevada,Efficiency Programs - Cost per kW of Peak Demand Savings - Transportation Sector,,$/kWh,
2024,New Hampshire,Efficiency Programs - Cost per kW of Peak Demand Savings - Transportation Sector,,$/kWh,
2024,New Jersey,Efficiency Programs - Cost per kW of Peak Demand Savings - Transportation Sector,,$/kWh,
2024,New Mexico,Efficiency Programs - Cost per kW of Peak Demand Savings - Transportation Sector,,$/kWh,
2024,New York,Efficiency Programs - Cost per kW of Peak Demand Savings - Transportation Sector,57.22222222222222,$/kWh,1.0
2024,North Carolina,Efficiency Programs - Cost per kW of Peak Demand Savings - Transportation Sector,,$/kWh,
2024,North Dakota,Efficiency Programs - Cost per kW of Peak Demand Savings - Transportation Sector,,$/kWh,
2024,Ohio,Efficiency Programs - Cost per kW of Peak Demand Savings - Transportation Sector,,$/kWh,
2024,Oklahoma,Efficiency Programs - Cost per kW of Peak Demand Savings - Transportation Sector,,$/kWh,
2024,Oregon,Efficiency Programs - Cost per kW of Peak Demand Savings - Transportation Sector,,$/kWh,
2024,Pennsylvania,Efficiency Programs - Cost per kW of Peak Demand Savings - Transportation Sector,,$/kWh,
2024,Rhode Island,Efficiency Programs - Cost per kW of Peak Demand Savings - Transportation Sector,,$/kWh,
2024,South Carolina,Efficiency Programs - Cost per kW of Peak Demand Savings - Transportation Sector,,$/kWh,
2024,South Dakota,Efficiency Programs - Cost per kW of Peak Demand Savings - Transportation Sector,,$/kWh,
2024,Tennessee,Efficiency Programs - Cost per kW of Peak Demand Savings - Transportation Sector,,$/kWh,
2024,Texas,Efficiency Programs - Cost per kW of Peak Demand Savings - Transportation Sector,,$/kWh,
2024,Utah,Efficiency Programs - Cost per kW of Peak Demand Savings - Transportation Sector,,$/kWh,
2024,Vermont,Efficiency Programs - Cost per kW of Peak Demand Savings - Transportation Sector,,$/kWh,
2024,Virginia,Efficiency Programs - Cost per kW of Peak Demand Savings - Transportation Sector,,$/kWh,
2024,Washington,Efficiency Programs - Cost per kW of Peak Demand Savings - Transportation Sector,,$/kWh,
2024,West Virginia,Efficiency Programs - Cost per kW of Peak Demand Savings - Transportation Sector,,$/kWh,
2024,Wisconsin,Efficiency Programs - Cost per kW of Peak Demand Savings - Transportation Sector,,$/kWh,
2024,Wyoming,Efficiency Programs - Cost per kW of Peak Demand Savings - Transportation Sector,,$/kWh,
2024,Alabama,Efficiency Programs - Cost per kW of Peak Demand Savings - All Sectors,876.4103460328556,$/kW,12.0
2024,Arizona,Efficiency Programs - Cost per kW of Peak Demand Savings - All Sectors,424.48357490071055,$/kW,7.0
2024,Arkansas,Efficiency Programs - Cost per kW of Peak Demand Savings - All Sectors,1182.3017217860502,$/kW,24.0
2024,California,Efficiency Programs - Cost per kW of Peak Demand Savings - All Sectors,1333.618911368117,$/kW,29.0
2024,Colorado,Efficiency Programs - Cost per kW of Peak Demand Savings - All Sectors,1527.8179211102436,$/kW,32.0
2024,Connecticut,Efficiency Programs - Cost per kW of Peak Demand Savings - All Sectors,6257.000109797606,$/kW,45.0
2024,Delaware,Efficiency Programs - Cost per kW of Peak Demand Savings - All Sectors,3903594.641362821,$/kW,50.0
2024,District of Columbia,Efficiency Programs - Cost per kW of Peak Demand Savings - All Sectors,1142.0708771177353,$/kW,22.0
2024,Florida,Efficiency Programs - Cost per kW of Peak Demand Savings - All Sectors,1083.735455259908,$/kW,21.0
2024,Georgia,Efficiency Programs - Cost per kW of Peak Demand Savings - All Sectors,7408.933391489105,$/kW,47.0
2024,Hawaii,Efficiency Programs - Cost per kW of Peak Demand Savings - All Sectors,3240.551215668618,$/kW,39.0
2024,Idaho,Efficiency Programs - Cost per kW of Peak Demand Savings - All Sectors,89.72610588778005,$/kW,2.0
2024,Illinois,Efficiency Programs - Cost per kW of Peak Demand Savings - All Sectors,1843.112294679208,$/kW,35.0
2024,Indiana,Efficiency Programs - Cost per kW of Peak Demand Savings - All Sectors,630.3553834632734,$/kW,8.0
2024,Iowa,Efficiency Programs - Cost per kW of Peak Demand Savings - All Sectors,1047.1609328212476,$/kW,18.0
2024,Kansas,Efficiency Programs - Cost per kW of Peak Demand Savings - All Sectors,764.5639175257731,$/kW,11.0
2024,Kentucky,Efficiency Programs - Cost per kW of Peak Demand Savings - All Sectors,885.6520944958597,$/kW,13.0
2024,Louisiana,Efficiency Programs - Cost per kW of Peak Demand Savings - All Sectors,1340.8402743753059,$/kW,30.0
2024,Maine,Efficiency Programs - Cost per kW of Peak Demand Savings - All Sectors,5615.9273498026605,$/kW,44.0
2024,Maryland,Efficiency Programs - Cost per kW of Peak Demand Savings - All Sectors,1262.5082938162254,$/kW,27.0
2024,Massachusetts,Efficiency Programs - Cost per kW of Peak Demand Savings - All Sectors,6713.116541119343,$/kW,46.0
2024,Michigan,Efficiency Programs - Cost per kW of Peak Demand Savings - All Sectors,1544.1973099480122,$/kW,33.0
2024,Minnesota,Efficiency Programs - Cost per kW of Peak Demand Savings - All Sectors,1169.6635274482921,$/kW,23.0
2024,Mississippi,Efficiency Programs - Cost per kW of Peak Demand Savings - All Sectors,1056.9592257001648,$/kW,19.0
2024,Missouri,Efficiency Programs - Cost per kW of Peak Demand Savings - All Sectors,1003.0660564787488,$/kW,16.0
2024,Montana,Efficiency Programs - Cost per kW of Peak Demand Savings - All Sectors,12136.960231980114,$/kW,49.0
2024,Nebraska,Efficiency Programs - Cost per kW of Peak Demand Savings - All Sectors,922.5815017293318,$/kW,15.0
2024,Nevada,Efficiency Programs - Cost per kW of Peak Demand Savings - All Sectors,1059.9098356164382,$/kW,20.0
2024,New Hampshire,Efficiency Programs - Cost per kW of Peak Demand Savings - All Sectors,4765.7793195359045,$/kW,43.0
2024,New Jersey,Efficiency Programs - Cost per kW of Peak Demand Savings - All Sectors,4431.383745023378,$/kW,42.0
2024,New Mexico,Efficiency Programs - Cost per kW of Peak Demand Savings - All Sectors,890.6515848200601,$/kW,14.0
2024,New York,Efficiency Programs - Cost per kW of Peak Demand Savings - All Sectors,2960.0720248042735,$/kW,38.0
2024,North Carolina,Efficiency Programs - Cost per kW of Peak Demand Savings - All Sectors,759.692028608312,$/kW,10.0
2024,North Dakota,Efficiency Programs - Cost per kW of Peak Demand Savings - All Sectors,98.87765419615775,$/kW,3.0
2024,Ohio,Efficiency Programs - Cost per kW of Peak Demand Savings - All Sectors,1272.4239241628588,$/kW,28.0
2024,Oklahoma,Efficiency Programs - Cost per kW of Peak Demand Savings - All Sectors,360.65665922394544,$/kW,6.0
2024,Oregon,Efficiency Programs - Cost per kW of Peak Demand Savings - All Sectors,2314.02055322294,$/kW,36.0
2024,Pennsylvania,Efficiency Programs - Cost per kW of Peak Demand Savings - All Sectors,1016.3887891288522,$/kW,17.0
2024,Rhode Island,Efficiency Programs - Cost per kW of Peak Demand Savings - All Sectors,8063.834902388266,$/kW,48.0
2024,South Carolina,Efficiency Programs - Cost per kW of Peak Demand Savings - All Sectors,1219.9635474067395,$/kW,25.0
2024,South Dakota,Efficiency Programs - Cost per kW of Peak Demand Savings - All Sectors,251.40754376028266,$/kW,4.0
2024,Tennessee,Efficiency Programs - Cost per kW of Peak Demand Savings - All Sectors,2352.6486486486488,$/kW,37.0
2024,Texas,Efficiency Programs - Cost per kW of Peak Demand Savings - All Sectors,723.1037401979987,$/kW,9.0
2024,Utah,Efficiency Programs - Cost per kW of Peak Demand Savings - All Sectors,1226.599197750837,$/kW,26.0
2024,Vermont,Efficiency Programs - Cost per kW of Peak Demand Savings - All Sectors,4417.955273329653,$/kW,41.0
2024,Virginia,Efficiency Programs - Cost per kW of Peak Demand Savings - All Sectors,1666.742069854704,$/kW,34.0
2024,Washington,Efficiency Programs - Cost per kW of Peak Demand Savings - All Sectors,306.44326154726156,$/kW,5.0
2024,West Virginia,Efficiency Programs - Cost per kW of Peak Demand Savings - All Sectors,3657.8444747612557,$/kW,40.0
2024,Wisconsin,Efficiency Programs - Cost per kW of Peak Demand Savings - All Sectors,1443.9778415333901,$/kW,31.0
2024,Wyoming,Efficiency Programs - Cost per kW of Peak Demand Savings - All Sectors,54.89308508324374,$/kW,1.0
2024,Alabama,Efficiency Programs - Cost per kWh of Electricity Savings - Residential Sector,0.03015585017291101,$/kWh,17.0
2024,Arizona,Efficiency Programs - Cost per kWh of Electricity Savings - Residential Sector,0.011497092847710803,$/kWh,2.0
2024,Arkansas,Efficiency Programs - Cost per kWh of Electricity Savings - Residential Sector,0.023002526659254414,$/kWh,7.0
2024,California,Efficiency Programs - Cost per kWh of Electricity Savings - Residential Sector,0.026454923506741983,$/kWh,13.0
2024,Colorado,Efficiency Programs - Cost per kWh of Electricity Savings - Residential Sector,0.024248909442155832,$/kWh,9.0
2024,Connecticut,Efficiency Programs - Cost per kWh of Electricity Savings - Residential Sector,0.2323062315831405,$/kWh,46.0
2024,Delaware,Efficiency Programs - Cost per kWh of Electricity Savings - Residential Sector,121.72839304979203,$/kWh,50.0
2024,District of Columbia,Efficiency Programs - Cost per kWh of Electricity Savings - Residential Sector,0.09063937948305156,$/kWh,41.0
2024,Florida,Efficiency Programs - Cost per kWh of Electricity Savings - Residential Sector,0.022144491681697787,$/kWh,5.0
2024,Georgia,Efficiency Programs - Cost per kWh of Electricity Savings - Residential Sector,0.32859928042020364,$/kWh,48.0
2024,Hawaii,Efficiency Programs - Cost per kWh of Electricity Savings - Residential Sector,0.052789599873349,$/kWh,34.0
2024,Idaho,Efficiency Programs - Cost per kWh of Electricity Savings - Residential Sector,0.03314843900638782,$/kWh,20.0
2024,Illinois,Efficiency Programs - Cost per kWh of Electricity Savings - Residential Sector,0.006360729848853826,$/kWh,1.0
2024,Indiana,Efficiency Programs - Cost per kWh of Electricity Savings - Residential Sector,0.034320167672531286,$/kWh,22.0
2024,Iowa,Efficiency Programs - Cost per kWh of Electricity Savings - Residential Sector,0.04546918045748958,$/kWh,31.0
2024,Kansas,Efficiency Programs - Cost per kWh of Electricity Savings - Residential Sector,0.02859815767018352,$/kWh,14.0
2024,Kentucky,Efficiency Programs - Cost per kWh of Electricity Savings - Residential Sector,0.07095758118464142,$/kWh,37.0
2024,Louisiana,Efficiency Programs - Cost per kWh of Electricity Savings - Residential Sector,0.017968864197276488,$/kWh,4.0
2024,Maine,Efficiency Programs - Cost per kWh of Electricity Savings - Residential Sector,0.12362622588666825,$/kWh,42.0
2024,Maryland,Efficiency Programs - Cost per kWh of Electricity Savings - Residential Sector,0.08841333679563781,$/kWh,40.0
2024,Massachusetts,Efficiency Programs - Cost per kWh of Electricity Savings - Residential Sector,0.6857368705684437,$/kWh,49.0
2024,Michigan,Efficiency Programs - Cost per kWh of Electricity Savings - Residential Sector,0.06949456834478056,$/kWh,35.0
2024,Minnesota,Efficiency Programs - Cost per kWh of Electricity Savings - Residential Sector,0.02626309384975818,$/kWh,11.0
2024,Mississippi,Efficiency Programs - Cost per kWh of Electricity Savings - Residential Sector,0.026423210525137356,$/kWh,12.0
2024,Missouri,Efficiency Programs - Cost per kWh of Electricity Savings - Residential Sector,0.0390745569046441,$/kWh,24.0
2024,Montana,Efficiency Programs - Cost per kWh of Electricity Savings - Residential Sector,0.03315763645084447,$/kWh,21.0
2024,Nebraska,Efficiency Programs - Cost per kWh of Electricity Savings - Residential Sector,0.04493247096702368,$/kWh,29.0
2024,Nevada,Efficiency Programs - Cost per kWh of Electricity Savings - Residential Sector,0.04240763346301662,$/kWh,27.0
2024,New Hampshire,Efficiency Programs - Cost per kWh of Electricity Savings - Residential Sector,0.1447342180543459,$/kWh,43.0
2024,New Jersey,Efficiency Programs - Cost per kWh of Electricity Savings - Residential Sector,0.21092829692709425,$/kWh,45.0
2024,New Mexico,Efficiency Programs - Cost per kWh of Electricity Savings - Residential Sector,0.023703615015914278,$/kWh,8.0
2024,New York,Efficiency Programs - Cost per kWh of Electricity Savings - Residential Sector,0.0420113246140626,$/kWh,26.0
2024,North Carolina,Efficiency Programs - Cost per kWh of Electricity Savings - Residential Sector,0.030543766481792453,$/kWh,18.0
2024,North Dakota,Efficiency Programs - Cost per kWh of Electricity Savings - Residential Sector,0.07516109235961951,$/kWh,38.0
2024,Ohio,Efficiency Programs - Cost per kWh of Electricity Savings - Residential Sector,0.0297332224227168,$/kWh,16.0
2024,Oklahoma,Efficiency Programs - Cost per kWh of Electricity Savings - Residential Sector,0.02277554990007298,$/kWh,6.0
2024,Oregon,Efficiency Programs - Cost per kWh of Electricity Savings - Residential Sector,0.04522800781328921,$/kWh,30.0
2024,Pennsylvania,Efficiency Programs - Cost per kWh of Electricity Savings - Residential Sector,0.03276907177524097,$/kWh,19.0
2024,Rhode Island,Efficiency Programs - Cost per kWh of Electricity Savings - Residential Sector,0.23800921193209235,$/kWh,47.0
2024,South Carolina,Efficiency Programs - Cost per kWh of Electricity Savings - Residential Sector,0.041804827852959,$/kWh,25.0
2024,South Dakota,Efficiency Programs - Cost per kWh of Electricity Savings - Residential Sector,0.19174135255625463,$/kWh,44.0
2024,Tennessee,Efficiency Programs - Cost per kWh of Electricity Savings - Residential Sector,0.03865211205893967,$/kWh,23.0
2024,Texas,Efficiency Programs - Cost per kWh of Electricity Savings - Residential Sector,0.02457552979880541,$/kWh,10.0
2024,Utah,Efficiency Programs - Cost per kWh of Electricity Savings - Residential Sector,0.01679298354173263,$/kWh,3.0
2024,Vermont,Efficiency Programs - Cost per kWh of Electricity Savings - Residential Sector,0.07064539337110436,$/kWh,36.0
2024,Virginia,Efficiency Programs - Cost per kWh of Electricity Savings - Residential Sector,0.049797115321946125,$/kWh,33.0
2024,Washington,Efficiency Programs - Cost per kWh of Electricity Savings - Residential Sector,0.049740402795100905,$/kWh,32.0
2024,West Virginia,Efficiency Programs - Cost per kWh of Electricity Savings - Residential Sector,0.08036086259347511,$/kWh,39.0
2024,Wisconsin,Efficiency Programs - Cost per kWh of Electricity Savings - Residential Sector,0.029664952485329937,$/kWh,15.0
2024,Wyoming,Efficiency Programs - Cost per kWh of Electricity Savings - Residential Sector,0.04415959915497496,$/kWh,28.0
2024,Alabama,Efficiency Programs - Cost per kWh of Electricity Savings - Commercial Sector,0.010668256465791021,$/kWh,9.0
2024,Arizona,Efficiency Programs - Cost per kWh of Electricity Savings - Commercial Sector,0.008029727982235724,$/kWh,4.0
2024,Arkansas,Efficiency Programs - Cost per kWh of Electricity Savings - Commercial Sector,0.01718289838901195,$/kWh,22.0
2024,California,Efficiency Programs - Cost per kWh of Electricity Savings - Commercial Sector,0.024241679565833223,$/kWh,31.0
2024,Colorado,Efficiency Programs - Cost per kWh of Electricity Savings - Commercial Sector,0.013826949403781161,$/kWh,16.0
2024,Connecticut,Efficiency Programs - Cost per kWh of Electricity Savings - Commercial Sector,0.07698010282195583,$/kWh,46.0
2024,Delaware,Efficiency Programs - Cost per kWh of Electricity Savings - Commercial Sector,14.756210543480764,$/kWh,49.0
2024,District of Columbia,Efficiency Programs - Cost per kWh of Electricity Savings - Commercial Sector,0.0035312699944846293,$/kWh,1.0
2024,Florida,Efficiency Programs - Cost per kWh of Electricity Savings - Commercial Sector,0.02817999396942984,$/kWh,33.0
2024,Georgia,Efficiency Programs - Cost per kWh of Electricity Savings - Commercial Sector,0.11097496960131394,$/kWh,47.0
2024,Hawaii,Efficiency Programs - Cost per kWh of Electricity Savings - Commercial Sector,0.02496016576566302,$/kWh,32.0
2024,Idaho,Efficiency Programs - Cost per kWh of Electricity Savings - Commercial Sector,0.03613492930891654,$/kWh,37.0
2024,Illinois,Efficiency Programs - Cost per kWh of Electricity Savings - Commercial Sector,0.018267151327780746,$/kWh,24.0
2024,Indiana,Efficiency Programs - Cost per kWh of Electricity Savings - Commercial Sector,0.013970024056179507,$/kWh,17.0
2024,Iowa,Efficiency Programs - Cost per kWh of Electricity Savings - Commercial Sector,0.012991127994321856,$/kWh,13.0
2024,Kansas,Efficiency Programs - Cost per kWh of Electricity Savings - Commercial Sector,0.04661922390799563,$/kWh,44.0
2024,Kentucky,Efficiency Programs - Cost per kWh of Electricity Savings - Commercial Sector,0.0077373222365094705,$/kWh,3.0
2024,Louisiana,Efficiency Programs - Cost per kWh of Electricity Savings - Commercial Sector,0.019599803084399722,$/kWh,26.0
2024,Maine,Efficiency Programs - Cost per kWh of Electricity Savings - Commercial Sector,0.02960896227068017,$/kWh,34.0
2024,Maryland,Efficiency Programs - Cost per kWh of Electricity Savings - Commercial Sector,0.037721385839682896,$/kWh,39.0
2024,Massachusetts,Efficiency Programs - Cost per kWh of Electricity Savings - Commercial Sector,0.04829127721107746,$/kWh,45.0
2024,Michigan,Efficiency Programs - Cost per kWh of Electricity Savings - Commercial Sector,0.01411131614071898,$/kWh,18.0
2024,Minnesota,Efficiency Programs - Cost per kWh of Electricity Savings - Commercial Sector,0.013743442961568007,$/kWh,15.0
2024,Mississippi,Efficiency Programs - Cost per kWh of Electricity Savings - Commercial Sector,0.017332222441948097,$/kWh,23.0
2024,Missouri,Efficiency Programs - Cost per kWh of Electricity Savings - Commercial Sector,0.01627942198819507,$/kWh,20.0
2024,Montana,Efficiency Programs - Cost per kWh of Electricity Savings - Commercial Sector,0.013125923224165248,$/kWh,14.0
2024,Nebraska,Efficiency Programs - Cost per kWh of Electricity Savings - Commercial Sector,0.008896855648610027,$/kWh,6.0
2024,Nevada,Efficiency Programs - Cost per kWh of Electricity Savings - Commercial Sector,0.010392774388957651,$/kWh,8.0
2024,New Hampshire,Efficiency Programs - Cost per kWh of Electricity Savings - Commercial Sector,0.04436554419281274,$/kWh,43.0
2024,New Jersey,Efficiency Programs - Cost per kWh of Electricity Savings - Commercial Sector,0.04369466179124936,$/kWh,42.0
2024,New Mexico,Efficiency Programs - Cost per kWh of Electricity Savings - Commercial Sector,0.020272719475538832,$/kWh,27.0
2024,New York,Efficiency Programs - Cost per kWh of Electricity Savings - Commercial Sector,0.03864084994289802,$/kWh,41.0
2024,North Carolina,Efficiency Programs - Cost per kWh of Electricity Savings - Commercial Sector,0.015358519724379458,$/kWh,19.0
2024,North Dakota,Efficiency Programs - Cost per kWh of Electricity Savings - Commercial Sector,0.02375967671259555,$/kWh,30.0
2024,Ohio,Efficiency Programs - Cost per kWh of Electricity Savings - Commercial Sector,0.01267972808492824,$/kWh,12.0
2024,Oklahoma,Efficiency Programs - Cost per kWh of Electricity Savings - Commercial Sector,0.016323059799941912,$/kWh,21.0
2024,Oregon,Efficiency Programs - Cost per kWh of Electricity Savings - Commercial Sector,0.03013508663453259,$/kWh,35.0
2024,Pennsylvania,Efficiency Programs - Cost per kWh of Electricity Savings - Commercial Sector,0.020308789076100165,$/kWh,28.0
2024,Rhode Island,Efficiency Programs - Cost per kWh of Electricity Savings - Commercial Sector,0.13594212354513682,$/kWh,48.0
2024,South Carolina,Efficiency Programs - Cost per kWh of Electricity Savings - Commercial Sector,0.01836304517485637,$/kWh,25.0
2024,South Dakota,Efficiency Programs - Cost per kWh of Electricity Savings - Commercial Sector,0.009759765954891602,$/kWh,7.0
2024,Tennessee,Efficiency Programs - Cost per kWh of Electricity Savings - Commercial Sector,0.008588923525788841,$/kWh,5.0
2024,Texas,Efficiency Programs - Cost per kWh of Electricity Savings - Commercial Sector,0.010783866198332425,$/kWh,10.0
2024,Utah,Efficiency Programs - Cost per kWh of Electricity Savings - Commercial Sector,0.02228106812491117,$/kWh,29.0
2024,Vermont,Efficiency Programs - Cost per kWh of Electricity Savings - Commercial Sector,0.036491117431911246,$/kWh,38.0
2024,Virginia,Efficiency Programs - Cost per kWh of Electricity Savings - Commercial Sector,0.03099591183519832,$/kWh,36.0
2024,Washington,Efficiency Programs - Cost per kWh of Electricity Savings - Commercial Sector,0.037841209632834924,$/kWh,40.0
2024,West Virginia,Efficiency Programs - Cost per kWh of Electricity Savings - Commercial Sector,,$/kWh,
2024,Wisconsin,Efficiency Programs - Cost per kWh of Electricity Savings - Commercial Sector,0.012476109833170301,$/kWh,11.0
2024,Wyoming,Efficiency Programs - Cost per kWh of Electricity Savings - Commercial Sector,0.005667291314712719,$/kWh,2.0
2024,Alabama,Efficiency Programs - Cost per kWh of Electricity Savings - Industrial Sector,0.009016094149369436,$/kWh,10.0
2024,Arizona,Efficiency Programs - Cost per kWh of Electricity Savings - Industrial Sector,0.011620340747649362,$/kWh,15.0
2024,Arkansas,Efficiency Programs - Cost per kWh of Electricity Savings - Industrial Sector,0.016710019313911893,$/kWh,24.0
2024,California,Efficiency Programs - Cost per kWh of Electricity Savings - Industrial Sector,0.03995165952387122,$/kWh,38.0
2024,Colorado,Efficiency Programs - Cost per kWh of Electricity Savings - Industrial Sector,0.010568861424109906,$/kWh,13.0
2024,Connecticut,Efficiency Programs - Cost per kWh of Electricity Savings - Industrial Sector,0.07395608612036089,$/kWh,41.0
2024,Delaware,Efficiency Programs - Cost per kWh of Electricity Savings - Industrial Sector,0.010779734099892203,$/kWh,14.0
2024,District of Columbia,Efficiency Programs - Cost per kWh of Electricity Savings - Industrial Sector,,$/kWh,
2024,Florida,Efficiency Programs - Cost per kWh of Electricity Savings - Industrial Sector,0.0913707199064228,$/kWh,42.0
2024,Georgia,Efficiency Programs - Cost per kWh of Electricity Savings - Industrial Sector,0.005143517014865305,$/kWh,2.0
2024,Hawaii,Efficiency Programs - Cost per kWh of Electricity Savings - Industrial Sector,0.016990649070890814,$/kWh,25.0
2024,Idaho,Efficiency Programs - Cost per kWh of Electricity Savings - Industrial Sector,0.015607612631411562,$/kWh,22.0
2024,Illinois,Efficiency Programs - Cost per kWh of Electricity Savings - Industrial Sector,0.04890337815202879,$/kWh,39.0
2024,Indiana,Efficiency Programs - Cost per kWh of Electricity Savings - Industrial Sector,0.012856216616556051,$/kWh,19.0
2024,Iowa,Efficiency Programs - Cost per kWh of Electricity Savings - Industrial Sector,0.021712375680671553,$/kWh,27.0
2024,Kansas,Efficiency Programs - Cost per kWh of Electricity Savings - Industrial Sector,,$/kWh,
2024,Kentucky,Efficiency Programs - Cost per kWh of Electricity Savings - Industrial Sector,0.007022900763358778,$/kWh,5.0
2024,Louisiana,Efficiency Programs - Cost per kWh of Electricity Savings - Industrial Sector,0.012760629533040104,$/kWh,18.0
2024,Maine,Efficiency Programs - Cost per kWh of Electricity Savings - Industrial Sector,,$/kWh,
2024,Maryland,Efficiency Programs - Cost per kWh of Electricity Savings - Industrial Sector,0.03650678439420354,$/kWh,35.0
2024,Massachusetts,Efficiency Programs - Cost per kWh of Electricity Savings - Industrial Sector,0.0033223953615903767,$/kWh,1.0
2024,Michigan,Efficiency Programs - Cost per kWh of Electricity Savings - Industrial Sector,0.039844251002557486,$/kWh,37.0
2024,Minnesota,Efficiency Programs - Cost per kWh of Electricity Savings - Industrial Sector,0.009334455068801623,$/kWh,11.0
2024,Mississippi,Efficiency Programs - Cost per kWh of Electricity Savings - Industrial Sector,0.00721143588649456,$/kWh,6.0
2024,Missouri,Efficiency Programs - Cost per kWh of Electricity Savings - Industrial Sector,0.018992139412968054,$/kWh,26.0
2024,Montana,Efficiency Programs - Cost per kWh of Electricity Savings - Industrial Sector,0.036054432909444975,$/kWh,34.0
2024,Nebraska,Efficiency Programs - Cost per kWh of Electricity Savings - Industrial Sector,0.010535607548265538,$/kWh,12.0
2024,Nevada,Efficiency Programs - Cost per kWh of Electricity Savings - Industrial Sector,,$/kWh,
2024,New Hampshire,Efficiency Programs - Cost per kWh of Electricity Savings - Industrial Sector,0.03516773295102803,$/kWh,33.0
2024,New Jersey,Efficiency Programs - Cost per kWh of Electricity Savings - Industrial Sector,0.067516196300551,$/kWh,40.0
2024,New Mexico,Efficiency Programs - Cost per kWh of Electricity Savings - Industrial Sector,0.014229763056428089,$/kWh,20.0
2024,New York,Efficiency Programs - Cost per kWh of Electricity Savings - Industrial Sector,0.022310689215103624,$/kWh,30.0
2024,North Carolina,Efficiency Programs - Cost per kWh of Electricity Savings - Industrial Sector,0.006125538950222995,$/kWh,4.0
2024,North Dakota,Efficiency Programs - Cost per kWh of Electricity Savings - Industrial Sector,,$/kWh,
2024,Ohio,Efficiency Programs - Cost per kWh of Electricity Savings - Industrial Sector,0.014635348242515972,$/kWh,21.0
2024,Oklahoma,Efficiency Programs - Cost per kWh of Electricity Savings - Industrial Sector,0.016334402721387954,$/kWh,23.0
2024,Oregon,Efficiency Programs - Cost per kWh of Electricity Savings - Industrial Sector,0.02219912169458531,$/kWh,29.0
2024,Pennsylvania,Efficiency Programs - Cost per kWh of Electricity Savings - Industrial Sector,0.008835362763558143,$/kWh,9.0
2024,Rhode Island,Efficiency Programs - Cost per kWh of Electricity Savings - Industrial Sector,0.13244942989117162,$/kWh,43.0
2024,South Carolina,Efficiency Programs - Cost per kWh of Electricity Savings - Industrial Sector,0.02815392417902878,$/kWh,32.0
2024,South Dakota,Efficiency Programs - Cost per kWh of Electricity Savings - Industrial Sector,0.011631613321451078,$/kWh,16.0
2024,Tennessee,Efficiency Programs - Cost per kWh of Electricity Savings - Industrial Sector,0.0077283669073862915,$/kWh,7.0
2024,Texas,Efficiency Programs - Cost per kWh of Electricity Savings - Industrial Sector,0.008395410463334141,$/kWh,8.0
2024,Utah,Efficiency Programs - Cost per kWh of Electricity Savings - Industrial Sector,0.02182169109955057,$/kWh,28.0
2024,Vermont,Efficiency Programs - Cost per kWh of Electricity Savings - Industrial Sector,,$/kWh,
2024,Virginia,Efficiency Programs - Cost per kWh of Electricity Savings - Industrial Sector,0.03818179291970268,$/kWh,36.0
2024,Washington,Efficiency Programs - Cost per kWh of Electricity Savings - Industrial Sector,0.026209642106982754,$/kWh,31.0
2024,West Virginia,Efficiency Programs - Cost per kWh of Electricity Savings - Industrial Sector,,$/kWh,
2024,Wisconsin,Efficiency Programs - Cost per kWh of Electricity Savings - Industrial Sector,0.006019102685940063,$/kWh,3.0
2024,Wyoming,Efficiency Programs - Cost per kWh of Electricity Savings - Industrial Sector,0.011847801514965514,$/kWh,17.0
2024,Alabama,Efficiency Programs - Cost per kWh of Electricity Savings - Transportation Sector,,$/kWh,
2024,Arizona,Efficiency Programs - Cost per kWh of Electricity Savings - Transportation Sector,,$/kWh,
2024,Arkansas,Efficiency Programs - Cost per kWh of Electricity Savings - Transportation Sector,,$/kWh,
2024,California,Efficiency Programs - Cost per kWh of Electricity Savings - Transportation Sector,,$/kWh,
2024,Colorado,Efficiency Programs - Cost per kWh of Electricity Savings - Transportation Sector,,$/kWh,
2024,Connecticut,Efficiency Programs - Cost per kWh of Electricity Savings - Transportation Sector,,$/kWh,
2024,Delaware,Efficiency Programs - Cost per kWh of Electricity Savings - Transportation Sector,,$/kWh,
2024,District of Columbia,Efficiency Programs - Cost per kWh of Electricity Savings - Transportation Sector,,$/kWh,
2024,Florida,Efficiency Programs - Cost per kWh of Electricity Savings - Transportation Sector,,$/kWh,
2024,Georgia,Efficiency Programs - Cost per kWh of Electricity Savings - Transportation Sector,,$/kWh,
2024,Hawaii,Efficiency Programs - Cost per kWh of Electricity Savings - Transportation Sector,,$/kWh,
2024,Idaho,Efficiency Programs - Cost per kWh of Electricity Savings - Transportation Sector,,$/kWh,
2024,Illinois,Efficiency Programs - Cost per kWh of Electricity Savings - Transportation Sector,,$/kWh,
2024,Indiana,Efficiency Programs - Cost per kWh of Electricity Savings - Transportation Sector,,$/kWh,
2024,Iowa,Efficiency Programs - Cost per kWh of Electricity Savings - Transportation Sector,inf,$/kWh,2.0
2024,Kansas,Efficiency Programs - Cost per kWh of Electricity Savings - Transportation Sector,,$/kWh,
2024,Kentucky,Efficiency Programs - Cost per kWh of Electricity Savings - Transportation Sector,,$/kWh,
2024,Louisiana,Efficiency Programs - Cost per kWh of Electricity Savings - Transportation Sector,,$/kWh,
2024,Maine,Efficiency Programs - Cost per kWh of Electricity Savings - Transportation Sector,,$/kWh,
2024,Maryland,Efficiency Programs - Cost per kWh of Electricity Savings - Transportation Sector,,$/kWh,
2024,Massachusetts,Efficiency Programs - Cost per kWh of Electricity Savings - Transportation Sector,,$/kWh,
2024,Michigan,Efficiency Programs - Cost per kWh of Electricity Savings - Transportation Sector,,$/kWh,
2024,Minnesota,Efficiency Programs - Cost per kWh of Electricity Savings - Transportation Sector,,$/kWh,
2024,Mississippi,Efficiency Programs - Cost per kWh of Electricity Savings - Transportation Sector,,$/kWh,
2024,Missouri,Efficiency Programs - Cost per kWh of Electricity Savings - Transportation Sector,,$/kWh,
2024,Montana,Efficiency Programs - Cost per kWh of Electricity Savings - Transportation Sector,,$/kWh,
2024,Nebraska,Efficiency Programs - Cost per kWh of Electricity Savings - Transportation Sector,,$/kWh,
2024,Nevada,Efficiency Programs - Cost per kWh of Electricity Savings - Transportation Sector,,$/kWh,
2024,New Hampshire,Efficiency Programs - Cost per kWh of Electricity Savings - Transportation Sector,,$/kWh,
2024,New Jersey,Efficiency Programs - Cost per kWh of Electricity Savings - Transportation Sector,,$/kWh,
2024,New Mexico,Efficiency Programs - Cost per kWh of Electricity Savings - Transportation Sector,,$/kWh,
2024,New York,Efficiency Programs - Cost per kWh of Electricity Savings - Transportation Sector,0.024131144907357824,$/kWh,1.0
2024,North Carolina,Efficiency Programs - Cost per kWh of Electricity Savings - Transportation Sector,,$/kWh,
2024,North Dakota,Efficiency Programs - Cost per kWh of Electricity Savings - Transportation Sector,,$/kWh,
2024,Ohio,Efficiency Programs - Cost per kWh of Electricity Savings - Transportation Sector,,$/kWh,
2024,Oklahoma,Efficiency Programs - Cost per kWh of Electricity Savings - Transportation Sector,,$/kWh,
2024,Oregon,Efficiency Programs - Cost per kWh of Electricity Savings - Transportation Sector,,$/kWh,
2024,Pennsylvania,Efficiency Programs - Cost per kWh of Electricity Savings - Transportation Sector,,$/kWh,
2024,Rhode Island,Efficiency Programs - Cost per kWh of Electricity Savings - Transportation Sector,,$/kWh,
2024,South Carolina,Efficiency Programs - Cost per kWh of Electricity Savings - Transportation Sector,,$/kWh,
2024,South Dakota,Efficiency Programs - Cost per kWh of Electricity Savings - Transportation Sector,,$/kWh,
2024,Tennessee,Efficiency Programs - Cost per kWh of Electricity Savings - Transportation Sector,,$/kWh,
2024,Texas,Efficiency Programs - Cost per kWh of Electricity Savings - Transportation Sector,,$/kWh,
2024,Utah,Efficiency Programs - Cost per kWh of Electricity Savings - Transportation Sector,,$/kWh,
2024,Vermont,Efficiency Programs - Cost per kWh of Electricity Savings - Transportation Sector,,$/kWh,
2024,Virginia,Efficiency Programs - Cost per kWh of Electricity Savings - Transportation Sector,,$/kWh,
2024,Washington,Efficiency Programs - Cost per kWh of Electricity Savings - Transportation Sector,,$/kWh,
2024,West Virginia,Efficiency Programs - Cost per kWh of Electricity Savings - Transportation Sector,,$/kWh,
2024,Wisconsin,Efficiency Programs - Cost per kWh of Electricity Savings - Transportation Sector,,$/kWh,
2024,Wyoming,Efficiency Programs - Cost per kWh of Electricity Savings - Transportation Sector,,$/kWh,
2024,Alabama,Efficiency Programs - Cost per kWh of Electricity Savings - All Sectors,0.022112963261601976,$/kWh,25.0
2024,Arizona,Efficiency Programs - Cost per kWh of Electricity Savings - All Sectors,0.009692978647423984,$/kWh,3.0
2024,Arkansas,Efficiency Programs - Cost per kWh of Electricity Savings - All Sectors,0.020037492752457524,$/kWh,21.0
2024,California,Efficiency Programs - Cost per kWh of Electricity Savings - All Sectors,0.025836350242186865,$/kWh,30.0
2024,Colorado,Efficiency Programs - Cost per kWh of Electricity Savings - All Sectors,0.015495094897575614,$/kWh,6.0
2024,Connecticut,Efficiency Programs - Cost per kWh of Electricity Savings - All Sectors,0.11538797181571535,$/kWh,46.0
2024,Delaware,Efficiency Programs - Cost per kWh of Electricity Savings - All Sectors,39.99826424670179,$/kWh,50.0
2024,District of Columbia,Efficiency Programs - Cost per kWh of Electricity Savings - All Sectors,0.00674819699684635,$/kWh,1.0
2024,Florida,Efficiency Programs - Cost per kWh of Electricity Savings - All Sectors,0.025267961647978805,$/kWh,29.0
2024,Georgia,Efficiency Programs - Cost per kWh of Electricity Savings - All Sectors,0.15207069695701475,$/kWh,48.0
2024,Hawaii,Efficiency Programs - Cost per kWh of Electricity Savings - All Sectors,0.034048465397285135,$/kWh,33.0
2024,Idaho,Efficiency Programs - Cost per kWh of Electricity Savings - All Sectors,0.024359619073530795,$/kWh,27.0
2024,Illinois,Efficiency Programs - Cost per kWh of Electricity Savings - All Sectors,0.009992434519792016,$/kWh,4.0
2024,Indiana,Efficiency Programs - Cost per kWh of Electricity Savings - All Sectors,0.01828486552811773,$/kWh,13.0
2024,Iowa,Efficiency Programs - Cost per kWh of Electricity Savings - All Sectors,0.017543655791331714,$/kWh,12.0
2024,Kansas,Efficiency Programs - Cost per kWh of Electricity Savings - All Sectors,0.034938487404894754,$/kWh,34.0
2024,Kentucky,Efficiency Programs - Cost per kWh of Electricity Savings - All Sectors,0.020115392925750344,$/kWh,22.0
2024,Louisiana,Efficiency Programs - Cost per kWh of Electricity Savings - All Sectors,0.018656422563024244,$/kWh,15.0
2024,Maine,Efficiency Programs - Cost per kWh of Electricity Savings - All Sectors,0.050255164142674905,$/kWh,42.0
2024,Maryland,Efficiency Programs - Cost per kWh of Electricity Savings - All Sectors,0.049309607287804105,$/kWh,41.0
2024,Massachusetts,Efficiency Programs - Cost per kWh of Electricity Savings - All Sectors,0.1207105268129533,$/kWh,47.0
2024,Michigan,Efficiency Programs - Cost per kWh of Electricity Savings - All Sectors,0.02439962607319002,$/kWh,28.0
2024,Minnesota,Efficiency Programs - Cost per kWh of Electricity Savings - All Sectors,0.016031526951472766,$/kWh,7.0
2024,Mississippi,Efficiency Programs - Cost per kWh of Electricity Savings - All Sectors,0.01988834351759327,$/kWh,20.0
2024,Missouri,Efficiency Programs - Cost per kWh of Electricity Savings - All Sectors,0.023605474423003238,$/kWh,26.0
2024,Montana,Efficiency Programs - Cost per kWh of Electricity Savings - All Sectors,0.01658472035089883,$/kWh,8.0
2024,Nebraska,Efficiency Programs - Cost per kWh of Electricity Savings - All Sectors,0.021055758940781936,$/kWh,23.0
2024,Nevada,Efficiency Programs - Cost per kWh of Electricity Savings - All Sectors,0.016893036455208465,$/kWh,9.0
2024,New Hampshire,Efficiency Programs - Cost per kWh of Electricity Savings - All Sectors,0.0705792857615256,$/kWh,44.0
2024,New Jersey,Efficiency Programs - Cost per kWh of Electricity Savings - All Sectors,0.06602427810365112,$/kWh,43.0
2024,New Mexico,Efficiency Programs - Cost per kWh of Electricity Savings - All Sectors,0.019854463042003254,$/kWh,19.0
2024,New York,Efficiency Programs - Cost per kWh of Electricity Savings - All Sectors,0.038408308916604475,$/kWh,36.0
2024,North Carolina,Efficiency Programs - Cost per kWh of Electricity Savings - All Sectors,0.022051996625667248,$/kWh,24.0
2024,North Dakota,Efficiency Programs - Cost per kWh of Electricity Savings - All Sectors,0.036142218279927564,$/kWh,35.0
2024,Ohio,Efficiency Programs - Cost per kWh of Electricity Savings - All Sectors,0.018377051521833894,$/kWh,14.0
2024,Oklahoma,Efficiency Programs - Cost per kWh of Electricity Savings - All Sectors,0.01906931141043835,$/kWh,16.0
2024,Oregon,Efficiency Programs - Cost per kWh of Electricity Savings - All Sectors,0.029914556199975996,$/kWh,32.0
2024,Pennsylvania,Efficiency Programs - Cost per kWh of Electricity Savings - All Sectors,0.01977993529064087,$/kWh,18.0
2024,Rhode Island,Efficiency Programs - Cost per kWh of Electricity Savings - All Sectors,0.1727159479348306,$/kWh,49.0
2024,South Carolina,Efficiency Programs - Cost per kWh of Electricity Savings - All Sectors,0.028034892165365137,$/kWh,31.0
2024,South Dakota,Efficiency Programs - Cost per kWh of Electricity Savings - All Sectors,0.046582505992112604,$/kWh,39.0
2024,Tennessee,Efficiency Programs - Cost per kWh of Electricity Savings - All Sectors,0.017313014156623032,$/kWh,11.0
2024,Texas,Efficiency Programs - Cost per kWh of Electricity Savings - All Sectors,0.017074107487596763,$/kWh,10.0
2024,Utah,Efficiency Programs - Cost per kWh of Electricity Savings - All Sectors,0.019509726320310998,$/kWh,17.0
2024,Vermont,Efficiency Programs - Cost per kWh of Electricity Savings - All Sectors,0.048707738276645665,$/kWh,40.0
2024,Virginia,Efficiency Programs - Cost per kWh of Electricity Savings - All Sectors,0.04125624918180831,$/kWh,38.0
2024,Washington,Efficiency Programs - Cost per kWh of Electricity Savings - All Sectors,0.03890848020651999,$/kWh,37.0
2024,West Virginia,Efficiency Programs - Cost per kWh of Electricity Savings - All Sectors,0.08036086259347511,$/kWh,45.0
2024,Wisconsin,Efficiency Programs - Cost per kWh of Electricity Savings - All Sectors,0.012206805851787166,$/kWh,5.0
2024,Wyoming,Efficiency Programs - Cost per kWh of Electricity Savings - All Sectors,0.008387430547095677,$/kWh,2.0
2024,Alabama,Efficiency Programs - Electricity Savings as % of Sales - All Sectors,0.06052820191170012,%,47.0
2024,Arizona,Efficiency Programs - Electricity Savings as % of Sales - All Sectors,1.2642278161486185,%,5.0
2024,Arkansas,Efficiency Programs - Electricity Savings as % of Sales - All Sectors,0.6448874386491596,%,21.0
2024,California,Efficiency Programs - Electricity Savings as % of Sales - All Sectors,0.9464168436435317,%,11.0
2024,Colorado,Efficiency Programs - Electricity Savings as % of Sales - All Sectors,0.9284680705264461,%,12.0
2024,Connecticut,Efficiency Programs - Electricity Savings as % of Sales - All Sectors,0.6204182644698956,%,23.0
2024,Delaware,Efficiency Programs - Electricity Savings as % of Sales - All Sectors,0.1690983562741276,%,42.0
2024,District of Columbia,Efficiency Programs - Electricity Savings as % of Sales - All Sectors,0.9271808646725326,%,13.0
2024,Florida,Efficiency Programs - Electricity Savings as % of Sales - All Sectors,0.13529209641984297,%,43.0
2024,Georgia,Efficiency Programs - Electricity Savings as % of Sales - All Sectors,0.3036208382891746,%,35.0
2024,Hawaii,Efficiency Programs - Electricity Savings as % of Sales - All Sectors,0.6929466203253883,%,19.0
2024,Idaho,Efficiency Programs - Electricity Savings as % of Sales - All Sectors,0.7341269050615379,%,17.0
2024,Illinois,Efficiency Programs - Electricity Savings as % of Sales - All Sectors,2.679452055432016,%,1.0
2024,Indiana,Efficiency Programs - Electricity Savings as % of Sales - All Sectors,0.614484677408569,%,24.0
2024,Iowa,Efficiency Programs - Electricity Savings as % of Sales - All Sectors,0.5337562471302333,%,29.0
2024,Kansas,Efficiency Programs - Electricity Savings as % of Sales - All Sectors,0.047807568481521616,%,48.0
2024,Kentucky,Efficiency Programs - Electricity Savings as % of Sales - All Sectors,0.0966101142744502,%,44.0
2024,Louisiana,Efficiency Programs - Electricity Savings as % of Sales - All Sectors,0.20393151601129691,%,38.0
2024,Maine,Efficiency Programs - Electricity Savings as % of Sales - All Sectors,0.46849107854444755,%,30.0
2024,Maryland,Efficiency Programs - Electricity Savings as % of Sales - All Sectors,1.5329232903313605,%,3.0
2024,Massachusetts,Efficiency Programs - Electricity Savings as % of Sales - All Sectors,0.8808723298881039,%,14.0
2024,Michigan,Efficiency Programs - Electricity Savings as % of Sales - All Sectors,1.6919758433831176,%,2.0
2024,Minnesota,Efficiency Programs - Electricity Savings as % of Sales - All Sectors,1.0796789178568953,%,8.0
2024,Mississippi,Efficiency Programs - Electricity Savings as % of Sales - All Sectors,0.23491909517528864,%,36.0
2024,Missouri,Efficiency Programs - Electricity Savings as % of Sales - All Sectors,0.3498290488815617,%,34.0
2024,Montana,Efficiency Programs - Electricity Savings as % of Sales - All Sectors,0.3956836934612954,%,32.0
2024,Nebraska,Efficiency Programs - Electricity Savings as % of Sales - All Sectors,0.0920376987952475,%,45.0
2024,Nevada,Efficiency Programs - Electricity Savings as % of Sales - All Sectors,0.5657790224081418,%,28.0
2024,New Hampshire,Efficiency Programs - Electricity Savings as % of Sales - All Sectors,0.7993184692523639,%,15.0
2024,New Jersey,Efficiency Programs - Electricity Savings as % of Sales - All Sectors,1.281158357547924,%,4.0
2024,New Mexico,Efficiency Programs - Electricity Savings as % of Sales - All Sectors,0.610081612460694,%,25.0
2024,New York,Efficiency Programs - Electricity Savings as % of Sales - All Sectors,1.0411793658877961,%,9.0
2024,North Carolina,Efficiency Programs - Electricity Savings as % of Sales - All Sectors,0.6427618784495115,%,22.0
2024,North Dakota,Efficiency Programs - Electricity Savings as % of Sales - All Sectors,0.000884154081778055,%,50.0
2024,Ohio,Efficiency Programs - Electricity Savings as % of Sales - All Sectors,0.06299220864976578,%,46.0
2024,Oklahoma,Efficiency Programs - Electricity Savings as % of Sales - All Sectors,0.4361685368494793,%,31.0
2024,Oregon,Efficiency Programs - Electricity Savings as % of Sales - All Sectors,0.5973606895133488,%,26.0
2024,Pennsylvania,Efficiency Programs - Electricity Savings as % of Sales - All Sectors,0.798467890672296,%,16.0
2024,Rhode Island,Efficiency Programs - Electricity Savings as % of Sales - All Sectors,0.9972390588012513,%,10.0
2024,South Carolina,Efficiency Programs - Electricity Savings as % of Sales - All Sectors,0.38077347136115886,%,33.0
2024,South Dakota,Efficiency Programs - Electricity Savings as % of Sales - All Sectors,0.18529925195809932,%,39.0
2024,Tennessee,Efficiency Programs - Electricity Savings as % of Sales - All Sectors,0.17605352864857945,%,41.0
2024,Texas,Efficiency Programs - Electricity Savings as % of Sales - All Sectors,0.17636970227549237,%,40.0
2024,Utah,Efficiency Programs - Electricity Savings as % of Sales - All Sectors,1.0975816709156283,%,7.0
2024,Vermont,Efficiency Programs - Electricity Savings as % of Sales - All Sectors,1.1022437477410936,%,6.0
2024,Virginia,Efficiency Programs - Electricity Savings as % of Sales - All Sectors,0.21715551241592834,%,37.0
2024,Washington,Efficiency Programs - Electricity Savings as % of Sales - All Sectors,0.7188637416199701,%,18.0
2024,West Virginia,Efficiency Programs - Electricity Savings as % of Sales - All Sectors,0.004993245039415809,%,49.0
2024,Wisconsin,Efficiency Programs - Electricity Savings as % of Sales - All Sectors,0.6587465023426661,%,20.0
2024,Wyoming,Efficiency Programs - Electricity Savings as % of Sales - All Sectors,0.5716104774024082,%,27.0
2024,Alabama,Efficiency Programs - Electricity Savings as % of Sales - Residential Sector,0.07741269350736378,%,46.0
2024,Arizona,Efficiency Programs - Electricity Savings as % of Sales - Residential Sector,1.674144278866211,%,2.0
2024,Arkansas,Efficiency Programs - Electricity Savings as % of Sales - Residential Sector,0.7499609539780066,%,14.0
2024,California,Efficiency Programs - Electricity Savings as % of Sales - Residential Sector,1.4114704476284121,%,5.0
2024,Colorado,Efficiency Programs - Electricity Savings as % of Sales - Residential Sector,0.5198582369794851,%,21.0
2024,Connecticut,Efficiency Programs - Electricity Savings as % of Sales - Residential Sector,0.23233062402028515,%,37.0
2024,Delaware,Efficiency Programs - Electricity Savings as % of Sales - Residential Sector,0.08753882973357498,%,45.0
2024,District of Columbia,Efficiency Programs - Electricity Savings as % of Sales - Residential Sector,0.23628359578952535,%,36.0
2024,Florida,Efficiency Programs - Electricity Savings as % of Sales - Residential Sector,0.1453699149646688,%,40.0
2024,Georgia,Efficiency Programs - Electricity Savings as % of Sales - Residential Sector,0.2267071081841691,%,38.0
2024,Hawaii,Efficiency Programs - Electricity Savings as % of Sales - Residential Sector,0.8761057311187157,%,13.0
2024,Idaho,Efficiency Programs - Electricity Savings as % of Sales - Residential Sector,0.47836236986599945,%,22.0
2024,Illinois,Efficiency Programs - Electricity Savings as % of Sales - Residential Sector,5.338456462648904,%,1.0
2024,Indiana,Efficiency Programs - Electricity Savings as % of Sales - Residential Sector,0.704390628346866,%,16.0
2024,Iowa,Efficiency Programs - Electricity Savings as % of Sales - Residential Sector,0.4572032815323954,%,23.0
2024,Kansas,Efficiency Programs - Electricity Savings as % of Sales - Residential Sector,0.08854814841254571,%,44.0
2024,Kentucky,Efficiency Programs - Electricity Savings as % of Sales - Residential Sector,0.09713867083313703,%,42.0
2024,Louisiana,Efficiency Programs - Electricity Savings as % of Sales - Residential Sector,0.3252164401817733,%,29.0
2024,Maine,Efficiency Programs - Electricity Savings as % of Sales - Residential Sector,0.2414990374359481,%,35.0
2024,Maryland,Efficiency Programs - Electricity Savings as % of Sales - Residential Sector,1.6346810756225374,%,4.0
2024,Massachusetts,Efficiency Programs - Electricity Savings as % of Sales - Residential Sector,0.42947570442815564,%,25.0
2024,Michigan,Efficiency Programs - Electricity Savings as % of Sales - Residential Sector,1.113306440974123,%,9.0
2024,Minnesota,Efficiency Programs - Electricity Savings as % of Sales - Residential Sector,0.9469637794150667,%,11.0
2024,Mississippi,Efficiency Programs - Electricity Savings as % of Sales - Residential Sector,0.27045386106459024,%,32.0
2024,Missouri,Efficiency Programs - Electricity Savings as % of Sales - Residential Sector,0.24383805044412796,%,33.0
2024,Montana,Efficiency Programs - Electricity Savings as % of Sales - Residential Sector,0.16685952400959891,%,39.0
2024,Nebraska,Efficiency Programs - Electricity Savings as % of Sales - Residential Sector,0.09249609325904093,%,43.0
2024,Nevada,Efficiency Programs - Electricity Savings as % of Sales - Residential Sector,0.4433381952204058,%,24.0
2024,New Hampshire,Efficiency Programs - Electricity Savings as % of Sales - Residential Sector,0.3999841359661166,%,26.0
2024,New Jersey,Efficiency Programs - Electricity Savings as % of Sales - Residential Sector,0.7353200398128015,%,15.0
2024,New Mexico,Efficiency Programs - Electricity Savings as % of Sales - Residential Sector,1.2513993646922406,%,6.0
2024,New York,Efficiency Programs - Electricity Savings as % of Sales - Residential Sector,1.1291203381661101,%,8.0
2024,North Carolina,Efficiency Programs - Electricity Savings as % of Sales - Residential Sector,1.001561412107246,%,10.0
2024,North Dakota,Efficiency Programs - Electricity Savings as % of Sales - Residential Sector,0.0011772120580236644,%,50.0
2024,Ohio,Efficiency Programs - Electricity Savings as % of Sales - Residential Sector,0.03287347332087817,%,48.0
2024,Oklahoma,Efficiency Programs - Electricity Savings as % of Sales - Residential Sector,0.588534626719794,%,18.0
2024,Oregon,Efficiency Programs - Electricity Savings as % of Sales - Residential Sector,0.27349143769307016,%,31.0
2024,Pennsylvania,Efficiency Programs - Electricity Savings as % of Sales - Residential Sector,0.566320843030837,%,19.0
2024,Rhode Island,Efficiency Programs - Electricity Savings as % of Sales - Residential Sector,1.1845771200244781,%,7.0
2024,South Carolina,Efficiency Programs - Electricity Savings as % of Sales - Residential Sector,0.6323534291913036,%,17.0
2024,South Dakota,Efficiency Programs - Electricity Savings as % of Sales - Residential Sector,0.07404884694917879,%,47.0
2024,Tennessee,Efficiency Programs - Electricity Savings as % of Sales - Residential Sector,0.12421424054206327,%,41.0
2024,Texas,Efficiency Programs - Electricity Savings as % of Sales - Residential Sector,0.24274503056898952,%,34.0
2024,Utah,Efficiency Programs - Electricity Savings as % of Sales - Residential Sector,1.664853126124712,%,3.0
2024,Vermont,Efficiency Programs - Electricity Savings as % of Sales - Residential Sector,0.9069851647082825,%,12.0
2024,Virginia,Efficiency Programs - Electricity Savings as % of Sales - Residential Sector,0.36088184026510384,%,28.0
2024,Washington,Efficiency Programs - Electricity Savings as % of Sales - Residential Sector,0.5402619598026922,%,20.0
2024,West Virginia,Efficiency Programs - Electricity Savings as % of Sales - Residential Sector,0.015432100211129268,%,49.0
2024,Wisconsin,Efficiency Programs - Electricity Savings as % of Sales - Residential Sector,0.27467207296108354,%,30.0
2024,Wyoming,Efficiency Programs - Electricity Savings as % of Sales - Residential Sector,0.3828571005013054,%,27.0
2024,Alabama,Efficiency Programs - Electricity Savings as % of Sales - Commercial Sector,0.026791627190024158,%,48.0
2024,Arizona,Efficiency Programs - Electricity Savings as % of Sales - Commercial Sector,1.239717723103468,%,14.0
2024,Arkansas,Efficiency Programs - Electricity Savings as % of Sales - Commercial Sector,0.775298015879647,%,26.0
2024,California,Efficiency Programs - Electricity Savings as % of Sales - Commercial Sector,0.8564368887735173,%,24.0
2024,Colorado,Efficiency Programs - Electricity Savings as % of Sales - Commercial Sector,1.526647285077929,%,9.0
2024,Connecticut,Efficiency Programs - Electricity Savings as % of Sales - Commercial Sector,0.9457301979720488,%,21.0
2024,Delaware,Efficiency Programs - Electricity Savings as % of Sales - Commercial Sector,0.33901565076058676,%,39.0
2024,District of Columbia,Efficiency Programs - Electricity Savings as % of Sales - Commercial Sector,1.2270335537515913,%,16.0
2024,Florida,Efficiency Programs - Electricity Savings as % of Sales - Commercial Sector,0.13692344397647552,%,44.0
2024,Georgia,Efficiency Programs - Electricity Savings as % of Sales - Commercial Sector,0.5658847875859145,%,31.0
2024,Hawaii,Efficiency Programs - Electricity Savings as % of Sales - Commercial Sector,1.3552755209411746,%,11.0
2024,Idaho,Efficiency Programs - Electricity Savings as % of Sales - Commercial Sector,0.8289506395334644,%,25.0
2024,Illinois,Efficiency Programs - Electricity Savings as % of Sales - Commercial Sector,2.5865740842870464,%,2.0
2024,Indiana,Efficiency Programs - Electricity Savings as % of Sales - Commercial Sector,1.5319002996124897,%,8.0
2024,Iowa,Efficiency Programs - Electricity Savings as % of Sales - Commercial Sector,1.2894238223692585,%,12.0
2024,Kansas,Efficiency Programs - Electricity Savings as % of Sales - Commercial Sector,0.04730305521217525,%,47.0
2024,Kentucky,Efficiency Programs - Electricity Savings as % of Sales - Commercial Sector,0.21896414934911984,%,42.0
2024,Louisiana,Efficiency Programs - Electricity Savings as % of Sales - Commercial Sector,0.3905716249072854,%,36.0
2024,Maine,Efficiency Programs - Electricity Savings as % of Sales - Commercial Sector,1.0028576278405745,%,20.0
2024,Maryland,Efficiency Programs - Electricity Savings as % of Sales - Commercial Sector,1.575339567585991,%,6.0
2024,Massachusetts,Efficiency Programs - Electricity Savings as % of Sales - Commercial Sector,1.2568269801812648,%,13.0
2024,Michigan,Efficiency Programs - Electricity Savings as % of Sales - Commercial Sector,3.134444506437001,%,1.0
2024,Minnesota,Efficiency Programs - Electricity Savings as % of Sales - Commercial Sector,1.5864949306442635,%,5.0
2024,Mississippi,Efficiency Programs - Electricity Savings as % of Sales - Commercial Sector,0.4023056463144481,%,35.0
2024,Missouri,Efficiency Programs - Electricity Savings as % of Sales - Commercial Sector,0.621333896791686,%,29.0
2024,Montana,Efficiency Programs - Electricity Savings as % of Sales - Commercial Sector,1.0256922243864959,%,19.0
2024,Nebraska,Efficiency Programs - Electricity Savings as % of Sales - Commercial Sector,0.11677653107750217,%,45.0
2024,Nevada,Efficiency Programs - Electricity Savings as % of Sales - Commercial Sector,1.158578184268387,%,17.0
2024,New Hampshire,Efficiency Programs - Electricity Savings as % of Sales - Commercial Sector,1.5607845429917955,%,7.0
2024,New Jersey,Efficiency Programs - Electricity Savings as % of Sales - Commercial Sector,1.938678094327791,%,4.0
2024,New Mexico,Efficiency Programs - Electricity Savings as % of Sales - Commercial Sector,0.3656018703215509,%,38.0
2024,New York,Efficiency Programs - Electricity Savings as % of Sales - Commercial Sector,1.0869479884488769,%,18.0
2024,North Carolina,Efficiency Programs - Electricity Savings as % of Sales - Commercial Sector,0.5268156971685942,%,32.0
2024,North Dakota,Efficiency Programs - Electricity Savings as % of Sales - Commercial Sector,0.0018161989026055825,%,49.0
2024,Ohio,Efficiency Programs - Electricity Savings as % of Sales - Commercial Sector,0.1030256027863401,%,46.0
2024,Oklahoma,Efficiency Programs - Electricity Savings as % of Sales - Commercial Sector,0.42261743887066744,%,33.0
2024,Oregon,Efficiency Programs - Electricity Savings as % of Sales - Commercial Sector,0.5676026390571834,%,30.0
2024,Pennsylvania,Efficiency Programs - Electricity Savings as % of Sales - Commercial Sector,1.476683961144263,%,10.0
2024,Rhode Island,Efficiency Programs - Electricity Savings as % of Sales - Commercial Sector,0.6936055772545768,%,27.0
2024,South Carolina,Efficiency Programs - Electricity Savings as % of Sales - Commercial Sector,0.4190463139065492,%,34.0
2024,South Dakota,Efficiency Programs - Electricity Savings as % of Sales - Commercial Sector,0.38503833920443364,%,37.0
2024,Tennessee,Efficiency Programs - Electricity Savings as % of Sales - Commercial Sector,0.2825449452874584,%,41.0
2024,Texas,Efficiency Programs - Electricity Savings as % of Sales - Commercial Sector,0.29198571843548093,%,40.0
2024,Utah,Efficiency Programs - Electricity Savings as % of Sales - Commercial Sector,0.8742728507201742,%,23.0
2024,Vermont,Efficiency Programs - Electricity Savings as % of Sales - Commercial Sector,2.0461685559772618,%,3.0
2024,Virginia,Efficiency Programs - Electricity Savings as % of Sales - Commercial Sector,0.1726336414245887,%,43.0
2024,Washington,Efficiency Programs - Electricity Savings as % of Sales - Commercial Sector,0.9235400332054994,%,22.0
2024,West Virginia,Efficiency Programs - Electricity Savings as % of Sales - Commercial Sector,0.0,%,50.0
2024,Wisconsin,Efficiency Programs - Electricity Savings as % of Sales - Commercial Sector,0.6393643674720477,%,28.0
2024,Wyoming,Efficiency Programs - Electricity Savings as % of Sales - Commercial Sector,1.2342766688683917,%,15.0
2024,Alabama,Efficiency Programs - Electricity Savings as % of Sales - Industrial Sector,0.06732207592027276,%,25.0
2024,Arizona,Efficiency Programs - Electricity Savings as % of Sales - Industrial Sector,0.16776613036338253,%,22.0
2024,Arkansas,Efficiency Programs - Electricity Savings as % of Sales - Industrial Sector,0.46617157617350286,%,15.0
2024,California,Efficiency Programs - Electricity Savings as % of Sales - Industrial Sector,0.2902277436069922,%,17.0
2024,Colorado,Efficiency Programs - Electricity Savings as % of Sales - Industrial Sector,0.6511875224409103,%,11.0
2024,Connecticut,Efficiency Programs - Electricity Savings as % of Sales - Industrial Sector,1.1475582494164787,%,2.0
2024,Delaware,Efficiency Programs - Electricity Savings as % of Sales - Industrial Sector,0.009701739323653154,%,36.0
2024,District of Columbia,Efficiency Programs - Electricity Savings as % of Sales - Industrial Sector,0.0,%,50.0
2024,Florida,Efficiency Programs - Electricity Savings as % of Sales - Industrial Sector,0.04668521243891111,%,29.0
2024,Georgia,Efficiency Programs - Electricity Savings as % of Sales - Industrial Sector,0.007751713388188736,%,38.0
2024,Hawaii,Efficiency Programs - Electricity Savings as % of Sales - Industrial Sector,0.012857288580423896,%,34.0
2024,Idaho,Efficiency Programs - Electricity Savings as % of Sales - Industrial Sector,0.9278284819445444,%,6.0
2024,Illinois,Efficiency Programs - Electricity Savings as % of Sales - Industrial Sector,0.012281230035219056,%,35.0
2024,Indiana,Efficiency Programs - Electricity Savings as % of Sales - Industrial Sector,0.03386837216713239,%,31.0
2024,Iowa,Efficiency Programs - Electricity Savings as % of Sales - Industrial Sector,0.22354654461276463,%,20.0
2024,Kansas,Efficiency Programs - Electricity Savings as % of Sales - Industrial Sector,0.0,%,50.0
2024,Kentucky,Efficiency Programs - Electricity Savings as % of Sales - Industrial Sector,0.007366345200504739,%,39.0
2024,Louisiana,Efficiency Programs - Electricity Savings as % of Sales - Industrial Sector,0.003314778028879713,%,42.0
2024,Maine,Efficiency Programs - Electricity Savings as % of Sales - Industrial Sector,0.0,%,50.0
2024,Maryland,Efficiency Programs - Electricity Savings as % of Sales - Industrial Sector,0.5845683568792341,%,12.0
2024,Massachusetts,Efficiency Programs - Electricity Savings as % of Sales - Industrial Sector,0.9606238823657576,%,5.0
2024,Michigan,Efficiency Programs - Electricity Savings as % of Sales - Industrial Sector,0.481322853216146,%,14.0
2024,Minnesota,Efficiency Programs - Electricity Savings as % of Sales - Industrial Sector,0.657870126278123,%,10.0
2024,Mississippi,Efficiency Programs - Electricity Savings as % of Sales - Industrial Sector,0.04439908774573871,%,30.0
2024,Missouri,Efficiency Programs - Electricity Savings as % of Sales - Industrial Sector,0.018987171939731727,%,32.0
2024,Montana,Efficiency Programs - Electricity Savings as % of Sales - Industrial Sector,0.009281729061639807,%,37.0
2024,Nebraska,Efficiency Programs - Electricity Savings as % of Sales - Industrial Sector,0.06488464113774794,%,26.0
2024,Nevada,Efficiency Programs - Electricity Savings as % of Sales - Industrial Sector,0.0,%,50.0
2024,New Hampshire,Efficiency Programs - Electricity Savings as % of Sales - Industrial Sector,0.1924944081910887,%,21.0
2024,New Jersey,Efficiency Programs - Electricity Savings as % of Sales - Industrial Sector,0.07443900188626365,%,24.0
2024,New Mexico,Efficiency Programs - Electricity Savings as % of Sales - Industrial Sector,0.43286341026411834,%,16.0
2024,New York,Efficiency Programs - Electricity Savings as % of Sales - Industrial Sector,0.7356591422141892,%,7.0
2024,North Carolina,Efficiency Programs - Electricity Savings as % of Sales - Industrial Sector,0.0025561755688567507,%,43.0
2024,North Dakota,Efficiency Programs - Electricity Savings as % of Sales - Industrial Sector,0.0,%,50.0
2024,Ohio,Efficiency Programs - Electricity Savings as % of Sales - Industrial Sector,0.05390081914049316,%,27.0
2024,Oklahoma,Efficiency Programs - Electricity Savings as % of Sales - Industrial Sector,0.28567740120967083,%,18.0
2024,Oregon,Efficiency Programs - Electricity Savings as % of Sales - Industrial Sector,1.066834384552496,%,3.0
2024,Pennsylvania,Efficiency Programs - Electricity Savings as % of Sales - Industrial Sector,0.5291747486525927,%,13.0
2024,Rhode Island,Efficiency Programs - Electricity Savings as % of Sales - Industrial Sector,1.8955913717847144,%,1.0
2024,South Carolina,Efficiency Programs - Electricity Savings as % of Sales - Industrial Sector,0.014612765043694268,%,33.0
2024,South Dakota,Efficiency Programs - Electricity Savings as % of Sales - Industrial Sector,0.05245205189204267,%,28.0
2024,Tennessee,Efficiency Programs - Electricity Savings as % of Sales - Industrial Sector,0.10857911112326958,%,23.0
2024,Texas,Efficiency Programs - Electricity Savings as % of Sales - Industrial Sector,0.006379160545984667,%,40.0
2024,Utah,Efficiency Programs - Electricity Savings as % of Sales - Industrial Sector,0.6949972064883196,%,9.0
2024,Vermont,Efficiency Programs - Electricity Savings as % of Sales - Industrial Sector,0.0,%,50.0
2024,Virginia,Efficiency Programs - Electricity Savings as % of Sales - Industrial Sector,0.003697469353266263,%,41.0
2024,Washington,Efficiency Programs - Electricity Savings as % of Sales - Industrial Sector,0.729386926382706,%,8.0
2024,West Virginia,Efficiency Programs - Electricity Savings as % of Sales - Industrial Sector,0.0,%,50.0
2024,Wisconsin,Efficiency Programs - Electricity Savings as % of Sales - Industrial Sector,1.0464504509429067,%,4.0
2024,Wyoming,Efficiency Programs - Electricity Savings as % of Sales - Industrial Sector,0.24455017596001338,%,19.0
2024,Alabama,Efficiency Programs - Electricity Savings as % of Sales - Transportation Sector,,%,
2024,Arizona,Efficiency Programs - Electricity Savings as % of Sales - Transportation Sector,0.0,%,29.0
2024,Arkansas,Efficiency Programs - Electricity Savings as % of Sales - Transportation Sector,0.0,%,29.0
2024,California,Efficiency Programs - Electricity Savings as % of Sales - Transportation Sector,0.0,%,29.0
2024,Colorado,Efficiency Programs - Electricity Savings as % of Sales - Transportation Sector,0.0,%,29.0
2024,Connecticut,Efficiency Programs - Electricity Savings as % of Sales - Transportation Sector,0.0,%,29.0
2024,Delaware,Efficiency Programs - Electricity Savings as % of Sales - Transportation Sector,,%,
2024,District of Columbia,Efficiency Programs - Electricity Savings as % of Sales - Transportation Sector,0.0,%,29.0
2024,Florida,Efficiency Programs - Electricity Savings as % of Sales - Transportation Sector,0.0,%,29.0
2024,Georgia,Efficiency Programs - Electricity Savings as % of Sales - Transportation Sector,0.0,%,29.0
2024,Hawaii,Efficiency Programs - Electricity Savings as % of Sales - Transportation Sector,,%,
2024,Idaho,Efficiency Programs - Electricity Savings as % of Sales - Transportation Sector,,%,
2024,Illinois,Efficiency Programs - Electricity Savings as % of Sales - Transportation Sector,0.0,%,29.0
2024,Indiana,Efficiency Programs - Electricity Savings as % of Sales - Transportation Sector,0.0,%,29.0
2024,Iowa,Efficiency Programs - Electricity Savings as % of Sales - Transportation Sector,,%,
2024,Kansas,Efficiency Programs - Electricity Savings as % of Sales - Transportation Sector,,%,
2024,Kentucky,Efficiency Programs - Electricity Savings as % of Sales - Transportation Sector,,%,
2024,Louisiana,Efficiency Programs - Electricity Savings as % of Sales - Transportation Sector,0.0,%,29.0
2024,Maine,Efficiency Programs - Electricity Savings as % of Sales - Transportation Sector,,%,
2024,Maryland,Efficiency Programs - Electricity Savings as % of Sales - Transportation Sector,0.0,%,29.0
2024,Massachusetts,Efficiency Programs - Electricity Savings as % of Sales - Transportation Sector,0.0,%,29.0
2024,Michigan,Efficiency Programs - Electricity Savings as % of Sales - Transportation Sector,0.0,%,29.0
2024,Minnesota,Efficiency Programs - Electricity Savings as % of Sales - Transportation Sector,0.0,%,29.0
2024,Mississippi,Efficiency Programs - Electricity Savings as % of Sales - Transportation Sector,,%,
2024,Missouri,Efficiency Programs - Electricity Savings as % of Sales - Transportation Sector,0.0,%,29.0
2024,Montana,Efficiency Programs - Electricity Savings as % of Sales - Transportation Sector,,%,
2024,Nebraska,Efficiency Programs - Electricity Savings as % of Sales - Transportation Sector,,%,
2024,Nevada,Efficiency Programs - Electricity Savings as % of Sales - Transportation Sector,0.0,%,29.0
2024,New Hampshire,Efficiency Programs - Electricity Savings as % of Sales - Transportation Sector,,%,
2024,New Jersey,Efficiency Programs - Electricity Savings as % of Sales - Transportation Sector,0.0,%,29.0
2024,New Mexico,Efficiency Programs - Electricity Savings as % of Sales - Transportation Sector,,%,
2024,New York,Efficiency Programs - Electricity Savings as % of Sales - Transportation Sector,0.00035795259311655617,%,1.0
2024,North Carolina,Efficiency Programs - Electricity Savings as % of Sales - Transportation Sector,0.0,%,29.0
2024,North Dakota,Efficiency Programs - Electricity Savings as % of Sales - Transportation Sector,,%,
2024,Ohio,Efficiency Programs - Electricity Savings as % of Sales - Transportation Sector,0.0,%,29.0
2024,Oklahoma,Efficiency Programs - Electricity Savings as % of Sales - Transportation Sector,,%,
2024,Oregon,Efficiency Programs - Electricity Savings as % of Sales - Transportation Sector,0.0,%,29.0
2024,Pennsylvania,Efficiency Programs - Electricity Savings as % of Sales - Transportation Sector,0.0,%,29.0
2024,Rhode Island,Efficiency Programs - Electricity Savings as % of Sales - Transportation Sector,0.0,%,29.0
2024,South Carolina,Efficiency Programs - Electricity Savings as % of Sales - Transportation Sector,,%,
2024,South Dakota,Efficiency Programs - Electricity Savings as % of Sales - Transportation Sector,,%,
2024,Tennessee,Efficiency Programs - Electricity Savings as % of Sales - Transportation Sector,,%,
2024,Texas,Efficiency Programs - Electricity Savings as % of Sales - Transportation Sector,0.0,%,29.0
2024,Utah,Efficiency Programs - Electricity Savings as % of Sales - Transportation Sector,0.0,%,29.0
2024,Vermont,Efficiency Programs - Electricity Savings as % of Sales - Transportation Sector,,%,
2024,Virginia,Efficiency Programs - Electricity Savings as % of Sales - Transportation Sector,0.0,%,29.0
2024,Washington,Efficiency Programs - Electricity Savings as % of Sales - Transportation Sector,0.0,%,29.0
2024,West Virginia,Efficiency Programs - Electricity Savings as % of Sales - Transportation Sector,,%,
2024,Wisconsin,Efficiency Programs - Electricity Savings as % of Sales - Transportation Sector,0.0,%,29.0
2024,Wyoming,Efficiency Programs - Electricity Savings as % of Sales - Transportation Sector,,%,
2024,Alabama,Wood - Paid Consumption as fraction of Total,0.39,fraction,31.0
2024,Alaska,Wood - Paid Consumption as fraction of Total,0.42,fraction,14.0
2024,Arizona,Wood - Paid Consumption as fraction of Total,0.42,fraction,14.0
2024,Arkansas,Wood - Paid Consumption as fraction of Total,0.39,fraction,31.0
2024,California,Wood - Paid Consumption as fraction of Total,0.42,fraction,14.0
2024,Colorado,Wood - Paid Consumption as fraction of Total,0.42,fraction,14.0
2024,Connecticut,Wood - Paid Consumption as fraction of Total,0.61,fraction,1.0
2024,Delaware,Wood - Paid Consumption as fraction of Total,0.39,fraction,31.0
2024,District of Columbia,Wood - Paid Consumption as fraction of Total,0.39,fraction,31.0
2024,Florida,Wood - Paid Consumption as fraction of Total,0.39,fraction,31.0
2024,Georgia,Wood - Paid Consumption as fraction of Total,0.39,fraction,31.0
2024,Hawaii,Wood - Paid Consumption as fraction of Total,0.42,fraction,14.0
2024,Idaho,Wood - Paid Consumption as fraction of Total,0.42,fraction,14.0
2024,Illinois,Wood - Paid Consumption as fraction of Total,0.32,fraction,43.0
2024,Indiana,Wood - Paid Consumption as fraction of Total,0.32,fraction,43.0
2024,Iowa,Wood - Paid Consumption as fraction of Total,0.32,fraction,43.0
2024,Kansas,Wood - Paid Consumption as fraction of Total,0.32,fraction,43.0
2024,Kentucky,Wood - Paid Consumption as fraction of Total,0.39,fraction,31.0
2024,Louisiana,Wood - Paid Consumption as fraction of Total,0.39,fraction,31.0
2024,Maine,Wood - Paid Consumption as fraction of Total,0.61,fraction,1.0
2024,Maryland,Wood - Paid Consumption as fraction of Total,0.39,fraction,31.0
2024,Massachusetts,Wood - Paid Consumption as fraction of Total,0.61,fraction,1.0
2024,Michigan,Wood - Paid Consumption as fraction of Total,0.32,fraction,43.0
2024,Minnesota,Wood - Paid Consumption as fraction of Total,0.32,fraction,43.0
2024,Mississippi,Wood - Paid Consumption as fraction of Total,0.39,fraction,31.0
2024,Missouri,Wood - Paid Consumption as fraction of Total,0.32,fraction,43.0
2024,Montana,Wood - Paid Consumption as fraction of Total,0.42,fraction,14.0
2024,Nebraska,Wood - Paid Consumption as fraction of Total,0.32,fraction,43.0
2024,Nevada,Wood - Paid Consumption as fraction of Total,0.42,fraction,14.0
2024,New Hampshire,Wood - Paid Consumption as fraction of Total,0.61,fraction,1.0
2024,New Jersey,Wood - Paid Consumption as fraction of Total,0.61,fraction,1.0
2024,New Mexico,Wood - Paid Consumption as fraction of Total,0.42,fraction,14.0
2024,New York,Wood - Paid Consumption as fraction of Total,0.61,fraction,1.0
2024,North Carolina,Wood - Paid Consumption as fraction of Total,0.39,fraction,31.0
2024,North Dakota,Wood - Paid Consumption as fraction of Total,0.32,fraction,43.0
2024,Ohio,Wood - Paid Consumption as fraction of Total,0.32,fraction,43.0
2024,Oklahoma,Wood - Paid Consumption as fraction of Total,0.39,fraction,31.0
2024,Oregon,Wood - Paid Consumption as fraction of Total,0.42,fraction,14.0
2024,Pennsylvania,Wood - Paid Consumption as fraction of Total,0.61,fraction,1.0
2024,Rhode Island,Wood - Paid Consumption as fraction of Total,0.61,fraction,1.0
2024,South Carolina,Wood - Paid Consumption as fraction of Total,0.39,fraction,31.0
2024,South Dakota,Wood - Paid Consumption as fraction of Total,0.32,fraction,43.0
2024,Tennessee,Wood - Paid Consumption as fraction of Total,0.39,fraction,31.0
2024,Texas,Wood - Paid Consumption as fraction of Total,0.39,fraction,31.0
2024,Utah,Wood - Paid Consumption as fraction of Total,0.42,fraction,14.0
2024,Vermont,Wood - Paid Consumption as fraction of Total,0.61,fraction,1.0
2024,Virginia,Wood - Paid Consumption as fraction of Total,0.39,fraction,31.0
2024,Washington,Wood - Paid Consumption as fraction of Total,0.42,fraction,14.0
2024,West Virginia,Wood - Paid Consumption as fraction of Total,0.39,fraction,31.0
2024,Wisconsin,Wood - Paid Consumption as fraction of Total,0.32,fraction,43.0
2024,Wyoming,Wood - Paid Consumption as fraction of Total,0.42,fraction,14.0
2024,Alabama,Electrical Generation - all utility-scale solar,1257.0,GWh,25.0
2024,Alaska,Electrical Generation - all utility-scale solar,16.0,GWh,49.0
2024,Arizona,Electrical Generation - all utility-scale solar,10786.0,GWh,6.0
2024,Arkansas,Electrical Generation - all utility-scale solar,2200.0,GWh,20.0
2024,California,Electrical Generation - all utility-scale solar,47821.0,GWh,1.0
2024,Colorado,Electrical Generation - all utility-scale solar,4939.0,GWh,9.0
2024,Connecticut,Electrical Generation - all utility-scale solar,501.0,GWh,35.0
2024,Delaware,Electrical Generation - all utility-scale solar,167.0,GWh,46.0
2024,District of Columbia,Electrical Generation - all utility-scale solar,46.0,GWh,48.0
2024,Florida,Electrical Generation - all utility-scale solar,18680.0,GWh,3.0
2024,Georgia,Electrical Generation - all utility-scale solar,8780.0,GWh,7.0
2024,Hawaii,Electrical Generation - all utility-scale solar,736.0,GWh,32.0
2024,Idaho,Electrical Generation - all utility-scale solar,1013.0,GWh,31.0
2024,Illinois,Electrical Generation - all utility-scale solar,2703.0,GWh,17.0
2024,Indiana,Electrical Generation - all utility-scale solar,3102.0,GWh,14.0
2024,Iowa,Electrical Generation - all utility-scale solar,671.0,GWh,33.0
2024,Kansas,Electrical Generation - all utility-scale solar,83.0,GWh,47.0
2024,Kentucky,Electrical Generation - all utility-scale solar,245.0,GWh,41.0
2024,Louisiana,Electrical Generation - all utility-scale solar,1210.0,GWh,26.0
2024,Maine,Electrical Generation - all utility-scale solar,1077.0,GWh,30.0
2024,Maryland,Electrical Generation - all utility-scale solar,1111.0,GWh,28.0
2024,Massachusetts,Electrical Generation - all utility-scale solar,2246.0,GWh,19.0
2024,Michigan,Electrical Generation - all utility-scale solar,1916.0,GWh,22.0
2024,Minnesota,Electrical Generation - all utility-scale solar,2357.0,GWh,18.0
2024,Mississippi,Electrical Generation - all utility-scale solar,1553.0,GWh,24.0
2024,Missouri,Electrical Generation - all utility-scale solar,200.0,GWh,44.0
2024,Montana,Electrical Generation - all utility-scale solar,367.0,GWh,38.0
2024,Nebraska,Electrical Generation - all utility-scale solar,185.0,GWh,45.0
2024,Nevada,Electrical Generation - all utility-scale solar,12479.0,GWh,4.0
2024,New Hampshire,Electrical Generation - all utility-scale solar,4.0,GWh,50.0
2024,New Jersey,Electrical Generation - all utility-scale solar,1787.0,GWh,23.0
2024,New Mexico,Electrical Generation - all utility-scale solar,4319.0,GWh,11.0
2024,New York,Electrical Generation - all utility-scale solar,3380.0,GWh,13.0
2024,North Carolina,Electrical Generation - all utility-scale solar,12267.0,GWh,5.0
2024,North Dakota,Electrical Generation - all utility-scale solar,,GWh,
2024,Ohio,Electrical Generation - all utility-scale solar,4021.0,GWh,12.0
2024,Oklahoma,Electrical Generation - all utility-scale solar,297.0,GWh,40.0
2024,Oregon,Electrical Generation - all utility-scale solar,2076.0,GWh,21.0
2024,Pennsylvania,Electrical Generation - all utility-scale solar,1195.0,GWh,27.0
2024,Rhode Island,Electrical Generation - all utility-scale solar,623.0,GWh,34.0
2024,South Carolina,Electrical Generation - all utility-scale solar,2954.0,GWh,15.0
2024,South Dakota,Electrical Generation - all utility-scale solar,338.0,GWh,39.0
2024,Tennessee,Electrical Generation - all utility-scale solar,1101.0,GWh,29.0
2024,Texas,Electrical Generation - all utility-scale solar,39547.0,GWh,2.0
2024,Utah,Electrical Generation - all utility-scale solar,4923.0,GWh,10.0
2024,Vermont,Electrical Generation - all utility-scale solar,222.0,GWh,42.0
2024,Virginia,Electrical Generation - all utility-scale solar,7031.0,GWh,8.0
2024,Washington,Electrical Generation - all utility-scale solar,436.0,GWh,36.0
2024,West Virginia,Electrical Generation - all utility-scale solar,207.0,GWh,43.0
2024,Wisconsin,Electrical Generation - all utility-scale solar,2939.0,GWh,16.0
2024,Wyoming,Electrical Generation - all utility-scale solar,423.0,GWh,37.0
2024,Alabama,Electrical Generation - biomass,3246.0,GWh,4.0
2024,Alaska,Electrical Generation - biomass,43.0,GWh,44.0
2024,Arizona,Electrical Generation - biomass,217.0,GWh,33.0
2024,Arkansas,Electrical Generation - biomass,814.0,GWh,21.0
2024,California,Electrical Generation - biomass,4884.0,GWh,2.0
2024,Colorado,Electrical Generation - biomass,81.0,GWh,39.0
2024,Connecticut,Electrical Generation - biomass,597.0,GWh,23.0
2024,Delaware,Electrical Generation - biomass,62.0,GWh,41.0
2024,District of Columbia,Electrical Generation - biomass,56.0,GWh,43.0
2024,Florida,Electrical Generation - biomass,2975.0,GWh,5.0
2024,Georgia,Electrical Generation - biomass,5214.0,GWh,1.0
2024,Hawaii,Electrical Generation - biomass,,GWh,
2024,Idaho,Electrical Generation - biomass,401.0,GWh,27.0
2024,Illinois,Electrical Generation - biomass,254.0,GWh,31.0
2024,Indiana,Electrical Generation - biomass,226.0,GWh,32.0
2024,Iowa,Electrical Generation - biomass,211.0,GWh,34.0
2024,Kansas,Electrical Generation - biomass,64.0,GWh,40.0
2024,Kentucky,Electrical Generation - biomass,416.0,GWh,26.0
2024,Louisiana,Electrical Generation - biomass,1940.0,GWh,7.0
2024,Maine,Electrical Generation - biomass,1510.0,GWh,10.0
2024,Maryland,Electrical Generation - biomass,337.0,GWh,28.0
2024,Massachusetts,Electrical Generation - biomass,905.0,GWh,19.0
2024,Michigan,Electrical Generation - biomass,2030.0,GWh,6.0
2024,Minnesota,Electrical Generation - biomass,1192.0,GWh,15.0
2024,Mississippi,Electrical Generation - biomass,1249.0,GWh,13.0
2024,Missouri,Electrical Generation - biomass,100.0,GWh,36.0
2024,Montana,Electrical Generation - biomass,24.0,GWh,45.0
2024,Nebraska,Electrical Generation - biomass,81.0,GWh,39.0
2024,Nevada,Electrical Generation - biomass,56.0,GWh,43.0
2024,New Hampshire,Electrical Generation - biomass,829.0,GWh,20.0
2024,New Jersey,Electrical Generation - biomass,654.0,GWh,22.0
2024,New Mexico,Electrical Generation - biomass,13.0,GWh,46.0
2024,New York,Electrical Generation - biomass,1573.0,GWh,9.0
2024,North Carolina,Electrical Generation - biomass,1503.0,GWh,12.0
2024,North Dakota,Electrical Generation - biomass,0.0,GWh,48.0
2024,Ohio,Electrical Generation - biomass,279.0,GWh,30.0
2024,Oklahoma,Electrical Generation - biomass,331.0,GWh,29.0
2024,Oregon,Electrical Generation - biomass,940.0,GWh,18.0
2024,Pennsylvania,Electrical Generation - biomass,1506.0,GWh,11.0
2024,Rhode Island,Electrical Generation - biomass,208.0,GWh,35.0
2024,South Carolina,Electrical Generation - biomass,1883.0,GWh,8.0
2024,South Dakota,Electrical Generation - biomass,,GWh,
2024,Tennessee,Electrical Generation - biomass,440.0,GWh,24.0
2024,Texas,Electrical Generation - biomass,1199.0,GWh,14.0
2024,Utah,Electrical Generation - biomass,88.0,GWh,37.0
2024,Vermont,Electrical Generation - biomass,423.0,GWh,25.0
2024,Virginia,Electrical Generation - biomass,3349.0,GWh,3.0
2024,Washington,Electrical Generation - biomass,1121.0,GWh,16.0
2024,West Virginia,Electrical Generation - biomass,8.0,GWh,47.0
2024,Wisconsin,Electrical Generation - biomass,943.0,GWh,17.0
2024,Wyoming,Electrical Generation - biomass,,GWh,
2024,Alabama,Electrical Generation - coal,20936.0,GWh,11.0
2024,Alaska,Electrical Generation - coal,761.0,GWh,37.0
2024,Arizona,Electrical Generation - coal,9815.0,GWh,25.0
2024,Arkansas,Electrical Generation - coal,15660.0,GWh,20.0
2024,California,Electrical Generation - coal,246.0,GWh,38.0
2024,Colorado,Electrical Generation - coal,16478.0,GWh,17.0
2024,Connecticut,Electrical Generation - coal,0.0,GWh,47.0
2024,Delaware,Electrical Generation - coal,144.0,GWh,40.0
2024,District of Columbia,Electrical Generation - coal,,GWh,
2024,Florida,Electrical Generation - coal,7846.0,GWh,28.0
2024,Georgia,Electrical Generation - coal,17865.0,GWh,13.0
2024,Hawaii,Electrical Generation - coal,,GWh,
2024,Idaho,Electrical Generation - coal,0.0,GWh,47.0
2024,Illinois,Electrical Generation - coal,26972.0,GWh,7.0
2024,Indiana,Electrical Generation - coal,40610.0,GWh,4.0
2024,Iowa,Electrical Generation - coal,14481.0,GWh,21.0
2024,Kansas,Electrical Generation - coal,13079.0,GWh,23.0
2024,Kentucky,Electrical Generation - coal,44829.0,GWh,2.0
2024,Louisiana,Electrical Generation - coal,3764.0,GWh,30.0
2024,Maine,Electrical Generation - coal,29.0,GWh,41.0
2024,Maryland,Electrical Generation - coal,2466.0,GWh,33.0
2024,Massachusetts,Electrical Generation - coal,0.0,GWh,47.0
2024,Michigan,Electrical Generation - coal,25741.0,GWh,8.0
2024,Minnesota,Electrical Generation - coal,11422.0,GWh,24.0
2024,Mississippi,Electrical Generation - coal,3334.0,GWh,31.0
2024,Missouri,Electrical Generation - coal,38831.0,GWh,5.0
2024,Montana,Electrical Generation - coal,9754.0,GWh,26.0
2024,Nebraska,Electrical Generation - coal,16345.0,GWh,18.0
2024,Nevada,Electrical Generation - coal,2323.0,GWh,34.0
2024,New Hampshire,Electrical Generation - coal,224.0,GWh,39.0
2024,New Jersey,Electrical Generation - coal,0.0,GWh,47.0
2024,New Mexico,Electrical Generation - coal,8432.0,GWh,27.0
2024,New York,Electrical Generation - coal,0.0,GWh,47.0
2024,North Carolina,Electrical Generation - coal,17078.0,GWh,15.0
2024,North Dakota,Electrical Generation - coal,23171.0,GWh,10.0
2024,Ohio,Electrical Generation - coal,30180.0,GWh,6.0
2024,Oklahoma,Electrical Generation - coal,6135.0,GWh,29.0
2024,Oregon,Electrical Generation - coal,,GWh,
2024,Pennsylvania,Electrical Generation - coal,13201.0,GWh,22.0
2024,Rhode Island,Electrical Generation - coal,0.0,GWh,47.0
2024,South Carolina,Electrical Generation - coal,16842.0,GWh,16.0
2024,South Dakota,Electrical Generation - coal,1563.0,GWh,36.0
2024,Tennessee,Electrical Generation - coal,17435.0,GWh,14.0
2024,Texas,Electrical Generation - coal,65545.0,GWh,1.0
2024,Utah,Electrical Generation - coal,15967.0,GWh,19.0
2024,Vermont,Electrical Generation - coal,,GWh,
2024,Virginia,Electrical Generation - coal,1972.0,GWh,35.0
2024,Washington,Electrical Generation - coal,2847.0,GWh,32.0
2024,West Virginia,Electrical Generation - coal,43075.0,GWh,3.0
2024,Wisconsin,Electrical Generation - coal,20816.0,GWh,12.0
2024,Wyoming,Electrical Generation - coal,24544.0,GWh,9.0
2024,Alabama,Electrical Generation - conventional hydroelectric,8722.0,GWh,5.0
2024,Alaska,Electrical Generation - conventional hydroelectric,1760.0,GWh,21.0
2024,Arizona,Electrical Generation - conventional hydroelectric,5226.0,GWh,9.0
2024,Arkansas,Electrical Generation - conventional hydroelectric,3252.0,GWh,14.0
2024,California,Electrical Generation - conventional hydroelectric,30549.0,GWh,2.0
2024,Colorado,Electrical Generation - conventional hydroelectric,1613.0,GWh,22.0
2024,Connecticut,Electrical Generation - conventional hydroelectric,468.0,GWh,40.0
2024,Delaware,Electrical Generation - conventional hydroelectric,,GWh,
2024,District of Columbia,Electrical Generation - conventional hydroelectric,,GWh,
2024,Florida,Electrical Generation - conventional hydroelectric,223.0,GWh,42.0
2024,Georgia,Electrical Generation - conventional hydroelectric,3031.0,GWh,15.0
2024,Hawaii,Electrical Generation - conventional hydroelectric,101.0,GWh,44.0
2024,Idaho,Electrical Generation - conventional hydroelectric,8219.0,GWh,7.0
2024,Illinois,Electrical Generation - conventional hydroelectric,74.0,GWh,45.0
2024,Indiana,Electrical Generation - conventional hydroelectric,460.0,GWh,41.0
2024,Iowa,Electrical Generation - conventional hydroelectric,958.0,GWh,32.0
2024,Kansas,Electrical Generation - conventional hydroelectric,20.0,GWh,46.0
2024,Kentucky,Electrical Generation - conventional hydroelectric,3949.0,GWh,12.0
2024,Louisiana,Electrical Generation - conventional hydroelectric,716.0,GWh,38.0
2024,Maine,Electrical Generation - conventional hydroelectric,3781.0,GWh,13.0
2024,Maryland,Electrical Generation - conventional hydroelectric,1853.0,GWh,20.0
2024,Massachusetts,Electrical Generation - conventional hydroelectric,1257.0,GWh,29.0
2024,Michigan,Electrical Generation - conventional hydroelectric,1360.0,GWh,28.0
2024,Minnesota,Electrical Generation - conventional hydroelectric,747.0,GWh,37.0
2024,Mississippi,Electrical Generation - conventional hydroelectric,,GWh,
2024,Missouri,Electrical Generation - conventional hydroelectric,872.0,GWh,35.0
2024,Montana,Electrical Generation - conventional hydroelectric,8616.0,GWh,6.0
2024,Nebraska,Electrical Generation - conventional hydroelectric,1125.0,GWh,31.0
2024,Nevada,Electrical Generation - conventional hydroelectric,1607.0,GWh,23.0
2024,New Hampshire,Electrical Generation - conventional hydroelectric,1590.0,GWh,24.0
2024,New Jersey,Electrical Generation - conventional hydroelectric,4.0,GWh,47.0
2024,New Mexico,Electrical Generation - conventional hydroelectric,189.0,GWh,43.0
2024,New York,Electrical Generation - conventional hydroelectric,28465.0,GWh,3.0
2024,North Carolina,Electrical Generation - conventional hydroelectric,4529.0,GWh,10.0
2024,North Dakota,Electrical Generation - conventional hydroelectric,2074.0,GWh,18.0
2024,Ohio,Electrical Generation - conventional hydroelectric,504.0,GWh,39.0
2024,Oklahoma,Electrical Generation - conventional hydroelectric,1527.0,GWh,27.0
2024,Oregon,Electrical Generation - conventional hydroelectric,26144.0,GWh,4.0
2024,Pennsylvania,Electrical Generation - conventional hydroelectric,2835.0,GWh,16.0
2024,Rhode Island,Electrical Generation - conventional hydroelectric,,GWh,
2024,South Carolina,Electrical Generation - conventional hydroelectric,2372.0,GWh,17.0
2024,South Dakota,Electrical Generation - conventional hydroelectric,4214.0,GWh,11.0
2024,Tennessee,Electrical Generation - conventional hydroelectric,8040.0,GWh,8.0
2024,Texas,Electrical Generation - conventional hydroelectric,918.0,GWh,33.0
2024,Utah,Electrical Generation - conventional hydroelectric,776.0,GWh,36.0
2024,Vermont,Electrical Generation - conventional hydroelectric,1529.0,GWh,26.0
2024,Virginia,Electrical Generation - conventional hydroelectric,1156.0,GWh,30.0
2024,Washington,Electrical Generation - conventional hydroelectric,60456.0,GWh,1.0
2024,West Virginia,Electrical Generation - conventional hydroelectric,1530.0,GWh,25.0
2024,Wisconsin,Electrical Generation - conventional hydroelectric,1905.0,GWh,19.0
2024,Wyoming,Electrical Generation - conventional hydroelectric,903.0,GWh,34.0
2024,Alabama,Electrical Generation - geothermal,,GWh,
2024,Alaska,Electrical Generation - geothermal,,GWh,
2024,Arizona,Electrical Generation - geothermal,,GWh,
2024,Arkansas,Electrical Generation - geothermal,,GWh,
2024,California,Electrical Generation - geothermal,10913.0,GWh,7.0
2024,Colorado,Electrical Generation - geothermal,,GWh,
2024,Connecticut,Electrical Generation - geothermal,,GWh,
2024,Delaware,Electrical Generation - geothermal,,GWh,
2024,District of Columbia,Electrical Generation - geothermal,,GWh,
2024,Florida,Electrical Generation - geothermal,,GWh,
2024,Georgia,Electrical Generation - geothermal,,GWh,
2024,Hawaii,Electrical Generation - geothermal,248.0,GWh,4.0
2024,Idaho,Electrical Generation - geothermal,71.0,GWh,2.0
2024,Illinois,Electrical Generation - geothermal,,GWh,
2024,Indiana,Electrical Generation - geothermal,,GWh,
2024,Iowa,Electrical Generation - geothermal,,GWh,
2024,Kansas,Electrical Generation - geothermal,,GWh,
2024,Kentucky,Electrical Generation - geothermal,,GWh,
2024,Louisiana,Electrical Generation - geothermal,,GWh,
2024,Maine,Electrical Generation - geothermal,,GWh,
2024,Maryland,Electrical Generation - geothermal,,GWh,
2024,Massachusetts,Electrical Generation - geothermal,,GWh,
2024,Michigan,Electrical Generation - geothermal,,GWh,
2024,Minnesota,Electrical Generation - geothermal,,GWh,
2024,Mississippi,Electrical Generation - geothermal,,GWh,
2024,Missouri,Electrical Generation - geothermal,,GWh,
2024,Montana,Electrical Generation - geothermal,,GWh,
2024,Nebraska,Electrical Generation - geothermal,,GWh,
2024,Nevada,Electrical Generation - geothermal,3848.0,GWh,6.0
2024,New Hampshire,Electrical Generation - geothermal,,GWh,
2024,New Jersey,Electrical Generation - geothermal,,GWh,
2024,New Mexico,Electrical Generation - geothermal,26.0,GWh,1.0
2024,New York,Electrical Generation - geothermal,,GWh,
2024,North Carolina,Electrical Generation - geothermal,,GWh,
2024,North Dakota,Electrical Generation - geothermal,,GWh,
2024,Ohio,Electrical Generation - geothermal,,GWh,
2024,Oklahoma,Electrical Generation - geothermal,,GWh,
2024,Oregon,Electrical Generation - geothermal,158.0,GWh,3.0
2024,Pennsylvania,Electrical Generation - geothermal,,GWh,
2024,Rhode Island,Electrical Generation - geothermal,,GWh,
2024,South Carolina,Electrical Generation - geothermal,,GWh,
2024,South Dakota,Electrical Generation - geothermal,,GWh,
2024,Tennessee,Electrical Generation - geothermal,,GWh,
2024,Texas,Electrical Generation - geothermal,,GWh,
2024,Utah,Electrical Generation - geothermal,407.0,GWh,5.0
2024,Vermont,Electrical Generation - geothermal,,GWh,
2024,Virginia,Electrical Generation - geothermal,,GWh,
2024,Washington,Electrical Generation - geothermal,,GWh,
2024,West Virginia,Electrical Generation - geothermal,,GWh,
2024,Wisconsin,Electrical Generation - geothermal,,GWh,
2024,Wyoming,Electrical Generation - geothermal,,GWh,
2024,Alabama,Electrical Generation - natural gas,64557.0,GWh,44.0
2024,Alaska,Electrical Generation - natural gas,2853.0,GWh,6.0
2024,Arizona,Electrical Generation - natural gas,55155.0,GWh,37.0
2024,Arkansas,Electrical Generation - natural gas,22832.0,GWh,28.0
2024,California,Electrical Generation - natural gas,86244.0,GWh,47.0
2024,Colorado,Electrical Generation - natural gas,17813.0,GWh,25.0
2024,Connecticut,Electrical Generation - natural gas,26139.0,GWh,31.0
2024,Delaware,Electrical Generation - natural gas,4104.0,GWh,9.0
2024,District of Columbia,Electrical Generation - natural gas,109.0,GWh,2.0
2024,Florida,Electrical Generation - natural gas,203687.0,GWh,49.0
2024,Georgia,Electrical Generation - natural gas,58055.0,GWh,41.0
2024,Hawaii,Electrical Generation - natural gas,,GWh,
2024,Idaho,Electrical Generation - natural gas,5796.0,GWh,14.0
2024,Illinois,Electrical Generation - natural gas,32012.0,GWh,34.0
2024,Indiana,Electrical Generation - natural gas,38405.0,GWh,35.0
2024,Iowa,Electrical Generation - natural gas,9185.0,GWh,16.0
2024,Kansas,Electrical Generation - natural gas,5596.0,GWh,13.0
2024,Kentucky,Electrical Generation - natural gas,17520.0,GWh,24.0
2024,Louisiana,Electrical Generation - natural gas,75139.0,GWh,45.0
2024,Maine,Electrical Generation - natural gas,4182.0,GWh,10.0
2024,Maryland,Electrical Generation - natural gas,14179.0,GWh,20.0
2024,Massachusetts,Electrical Generation - natural gas,15372.0,GWh,21.0
2024,Michigan,Electrical Generation - natural gas,56039.0,GWh,39.0
2024,Minnesota,Electrical Generation - natural gas,15435.0,GWh,22.0
2024,Mississippi,Electrical Generation - natural gas,57193.0,GWh,40.0
2024,Missouri,Electrical Generation - natural gas,10288.0,GWh,17.0
2024,Montana,Electrical Generation - natural gas,1096.0,GWh,3.0
2024,Nebraska,Electrical Generation - natural gas,1603.0,GWh,4.0
2024,Nevada,Electrical Generation - natural gas,25007.0,GWh,30.0
2024,New Hampshire,Electrical Generation - natural gas,4421.0,GWh,11.0
2024,New Jersey,Electrical Generation - natural gas,30514.0,GWh,33.0
2024,New Mexico,Electrical Generation - natural gas,11891.0,GWh,19.0
2024,New York,Electrical Generation - natural gas,64153.0,GWh,43.0
2024,North Carolina,Electrical Generation - natural gas,55965.0,GWh,38.0
2024,North Dakota,Electrical Generation - natural gas,2869.0,GWh,7.0
2024,Ohio,Electrical Generation - natural gas,85417.0,GWh,46.0
2024,Oklahoma,Electrical Generation - natural gas,48071.0,GWh,36.0
2024,Oregon,Electrical Generation - natural gas,24317.0,GWh,29.0
2024,Pennsylvania,Electrical Generation - natural gas,145473.0,GWh,48.0
2024,Rhode Island,Electrical Generation - natural gas,8431.0,GWh,15.0
2024,South Carolina,Electrical Generation - natural gas,22663.0,GWh,27.0
2024,South Dakota,Electrical Generation - natural gas,2223.0,GWh,5.0
2024,Tennessee,Electrical Generation - natural gas,16639.0,GWh,23.0
2024,Texas,Electrical Generation - natural gas,290347.0,GWh,50.0
2024,Utah,Electrical Generation - natural gas,11574.0,GWh,18.0
2024,Vermont,Electrical Generation - natural gas,1.0,GWh,1.0
2024,Virginia,Electrical Generation - natural gas,60352.0,GWh,42.0
2024,Washington,Electrical Generation - natural gas,17959.0,GWh,26.0
2024,West Virginia,Electrical Generation - natural gas,3864.0,GWh,8.0
2024,Wisconsin,Electrical Generation - natural gas,26658.0,GWh,32.0
2024,Wyoming,Electrical Generation - natural gas,5475.0,GWh,12.0
2024,Alabama,Electrical Generation - nuclear,44487.0,GWh,5.0
2024,Alaska,Electrical Generation - nuclear,,GWh,
2024,Arizona,Electrical Generation - nuclear,32388.0,GWh,8.0
2024,Arkansas,Electrical Generation - nuclear,14763.0,GWh,19.0
2024,California,Electrical Generation - nuclear,18379.0,GWh,15.0
2024,Colorado,Electrical Generation - nuclear,,GWh,
2024,Connecticut,Electrical Generation - nuclear,16870.0,GWh,17.0
2024,Delaware,Electrical Generation - nuclear,,GWh,
2024,District of Columbia,Electrical Generation - nuclear,,GWh,
2024,Florida,Electrical Generation - nuclear,29054.0,GWh,10.0
2024,Georgia,Electrical Generation - nuclear,47976.0,GWh,4.0
2024,Hawaii,Electrical Generation - nuclear,,GWh,
2024,Idaho,Electrical Generation - nuclear,,GWh,
2024,Illinois,Electrical Generation - nuclear,99212.0,GWh,1.0
2024,Indiana,Electrical Generation - nuclear,,GWh,
2024,Iowa,Electrical Generation - nuclear,,GWh,
2024,Kansas,Electrical Generation - nuclear,9204.0,GWh,27.0
2024,Kentucky,Electrical Generation - nuclear,,GWh,
2024,Louisiana,Electrical Generation - nuclear,14686.0,GWh,20.0
2024,Maine,Electrical Generation - nuclear,,GWh,
2024,Maryland,Electrical Generation - nuclear,14767.0,GWh,18.0
2024,Massachusetts,Electrical Generation - nuclear,,GWh,
2024,Michigan,Electrical Generation - nuclear,26281.0,GWh,14.0
2024,Minnesota,Electrical Generation - nuclear,11845.0,GWh,21.0
2024,Mississippi,Electrical Generation - nuclear,10690.0,GWh,22.0
2024,Missouri,Electrical Generation - nuclear,10526.0,GWh,23.0
2024,Montana,Electrical Generation - nuclear,,GWh,
2024,Nebraska,Electrical Generation - nuclear,6096.0,GWh,28.0
2024,Nevada,Electrical Generation - nuclear,,GWh,
2024,New Hampshire,Electrical Generation - nuclear,9677.0,GWh,26.0
2024,New Jersey,Electrical Generation - nuclear,27677.0,GWh,12.0
2024,New Mexico,Electrical Generation - nuclear,,GWh,
2024,New York,Electrical Generation - nuclear,27073.0,GWh,13.0
2024,North Carolina,Electrical Generation - nuclear,43349.0,GWh,6.0
2024,North Dakota,Electrical Generation - nuclear,,GWh,
2024,Ohio,Electrical Generation - nuclear,17947.0,GWh,16.0
2024,Oklahoma,Electrical Generation - nuclear,,GWh,
2024,Oregon,Electrical Generation - nuclear,,GWh,
2024,Pennsylvania,Electrical Generation - nuclear,75404.0,GWh,2.0
2024,Rhode Island,Electrical Generation - nuclear,,GWh,
2024,South Carolina,Electrical Generation - nuclear,53770.0,GWh,3.0
2024,South Dakota,Electrical Generation - nuclear,,GWh,
2024,Tennessee,Electrical Generation - nuclear,32186.0,GWh,9.0
2024,Texas,Electrical Generation - nuclear,38613.0,GWh,7.0
2024,Utah,Electrical Generation - nuclear,,GWh,
2024,Vermont,Electrical Generation - nuclear,,GWh,
2024,Virginia,Electrical Generation - nuclear,28945.0,GWh,11.0
2024,Washington,Electrical Generation - nuclear,9967.0,GWh,25.0
2024,West Virginia,Electrical Generation - nuclear,,GWh,
2024,Wisconsin,Electrical Generation - nuclear,10147.0,GWh,24.0
2024,Wyoming,Electrical Generation - nuclear,,GWh,
2024,Alabama,Electrical Generation - other,0.0,GWh,45.0
2024,Alaska,Electrical Generation - other,-3.0,GWh,46.0
2024,Arizona,Electrical Generation - other,0.0,GWh,45.0
2024,Arkansas,Electrical Generation - other,7.0,GWh,36.0
2024,California,Electrical Generation - other,322.0,GWh,16.0
2024,Colorado,Electrical Generation - other,7.0,GWh,36.0
2024,Connecticut,Electrical Generation - other,424.0,GWh,12.0
2024,Delaware,Electrical Generation - other,,GWh,
2024,District of Columbia,Electrical Generation - other,,GWh,
2024,Florida,Electrical Generation - other,2109.0,GWh,2.0
2024,Georgia,Electrical Generation - other,77.0,GWh,25.0
2024,Hawaii,Electrical Generation - other,164.0,GWh,23.0
2024,Idaho,Electrical Generation - other,69.0,GWh,26.0
2024,Illinois,Electrical Generation - other,410.0,GWh,14.0
2024,Indiana,Electrical Generation - other,2107.0,GWh,3.0
2024,Iowa,Electrical Generation - other,0.0,GWh,45.0
2024,Kansas,Electrical Generation - other,5.0,GWh,37.0
2024,Kentucky,Electrical Generation - other,12.0,GWh,34.0
2024,Louisiana,Electrical Generation - other,1501.0,GWh,4.0
2024,Maine,Electrical Generation - other,286.0,GWh,19.0
2024,Maryland,Electrical Generation - other,339.0,GWh,15.0
2024,Massachusetts,Electrical Generation - other,927.0,GWh,8.0
2024,Michigan,Electrical Generation - other,1067.0,GWh,6.0
2024,Minnesota,Electrical Generation - other,306.0,GWh,17.0
2024,Mississippi,Electrical Generation - other,-4.0,GWh,47.0
2024,Missouri,Electrical Generation - other,0.0,GWh,45.0
2024,Montana,Electrical Generation - other,261.0,GWh,20.0
2024,Nebraska,Electrical Generation - other,0.0,GWh,45.0
2024,Nevada,Electrical Generation - other,-116.0,GWh,49.0
2024,New Hampshire,Electrical Generation - other,51.0,GWh,28.0
2024,New Jersey,Electrical Generation - other,777.0,GWh,9.0
2024,New Mexico,Electrical Generation - other,-9.0,GWh,48.0
2024,New York,Electrical Generation - other,1013.0,GWh,7.0
2024,North Carolina,Electrical Generation - other,225.0,GWh,21.0
2024,North Dakota,Electrical Generation - other,64.0,GWh,27.0
2024,Ohio,Electrical Generation - other,687.0,GWh,10.0
2024,Oklahoma,Electrical Generation - other,22.0,GWh,31.0
2024,Oregon,Electrical Generation - other,13.0,GWh,32.0
2024,Pennsylvania,Electrical Generation - other,1243.0,GWh,5.0
2024,Rhode Island,Electrical Generation - other,0.0,GWh,45.0
2024,South Carolina,Electrical Generation - other,47.0,GWh,29.0
2024,South Dakota,Electrical Generation - other,0.0,GWh,45.0
2024,Tennessee,Electrical Generation - other,12.0,GWh,34.0
2024,Texas,Electrical Generation - other,2339.0,GWh,1.0
2024,Utah,Electrical Generation - other,165.0,GWh,22.0
2024,Vermont,Electrical Generation - other,2.0,GWh,38.0
2024,Virginia,Electrical Generation - other,428.0,GWh,11.0
2024,Washington,Electrical Generation - other,298.0,GWh,18.0
2024,West Virginia,Electrical Generation - other,33.0,GWh,30.0
2024,Wisconsin,Electrical Generation - other,107.0,GWh,24.0
2024,Wyoming,Electrical Generation - other,414.0,GWh,13.0
2024,Alabama,Electrical Generation - petroleum coke,,GWh,
2024,Alaska,Electrical Generation - petroleum coke,,GWh,
2024,Arizona,Electrical Generation - petroleum coke,,GWh,
2024,Arkansas,Electrical Generation - petroleum coke,0.0,GWh,22.0
2024,California,Electrical Generation - petroleum coke,0.0,GWh,22.0
2024,Colorado,Electrical Generation - petroleum coke,,GWh,
2024,Connecticut,Electrical Generation - petroleum coke,0.0,GWh,22.0
2024,Delaware,Electrical Generation - petroleum coke,0.0,GWh,22.0
2024,District of Columbia,Electrical Generation - petroleum coke,,GWh,
2024,Florida,Electrical Generation - petroleum coke,646.0,GWh,3.0
2024,Georgia,Electrical Generation - petroleum coke,16.0,GWh,7.0
2024,Hawaii,Electrical Generation - petroleum coke,,GWh,
2024,Idaho,Electrical Generation - petroleum coke,,GWh,
2024,Illinois,Electrical Generation - petroleum coke,0.0,GWh,22.0
2024,Indiana,Electrical Generation - petroleum coke,0.0,GWh,22.0
2024,Iowa,Electrical Generation - petroleum coke,5.0,GWh,8.0
2024,Kansas,Electrical Generation - petroleum coke,,GWh,
2024,Kentucky,Electrical Generation - petroleum coke,0.0,GWh,22.0
2024,Louisiana,Electrical Generation - petroleum coke,37.0,GWh,6.0
2024,Maine,Electrical Generation - petroleum coke,,GWh,
2024,Maryland,Electrical Generation - petroleum coke,,GWh,
2024,Massachusetts,Electrical Generation - petroleum coke,,GWh,
2024,Michigan,Electrical Generation - petroleum coke,1406.0,GWh,1.0
2024,Minnesota,Electrical Generation - petroleum coke,,GWh,
2024,Mississippi,Electrical Generation - petroleum coke,,GWh,
2024,Missouri,Electrical Generation - petroleum coke,,GWh,
2024,Montana,Electrical Generation - petroleum coke,375.0,GWh,4.0
2024,Nebraska,Electrical Generation - petroleum coke,,GWh,
2024,Nevada,Electrical Generation - petroleum coke,,GWh,
2024,New Hampshire,Electrical Generation - petroleum coke,,GWh,
2024,New Jersey,Electrical Generation - petroleum coke,0.0,GWh,22.0
2024,New Mexico,Electrical Generation - petroleum coke,,GWh,
2024,New York,Electrical Generation - petroleum coke,,GWh,
2024,North Carolina,Electrical Generation - petroleum coke,,GWh,
2024,North Dakota,Electrical Generation - petroleum coke,,GWh,
2024,Ohio,Electrical Generation - petroleum coke,835.0,GWh,2.0
2024,Oklahoma,Electrical Generation - petroleum coke,0.0,GWh,22.0
2024,Oregon,Electrical Generation - petroleum coke,,GWh,
2024,Pennsylvania,Electrical Generation - petroleum coke,0.0,GWh,22.0
2024,Rhode Island,Electrical Generation - petroleum coke,,GWh,
2024,South Carolina,Electrical Generation - petroleum coke,0.0,GWh,22.0
2024,South Dakota,Electrical Generation - petroleum coke,,GWh,
2024,Tennessee,Electrical Generation - petroleum coke,,GWh,
2024,Texas,Electrical Generation - petroleum coke,57.0,GWh,5.0
2024,Utah,Electrical Generation - petroleum coke,,GWh,
2024,Vermont,Electrical Generation - petroleum coke,,GWh,
2024,Virginia,Electrical Generation - petroleum coke,,GWh,
2024,Washington,Electrical Generation - petroleum coke,0.0,GWh,22.0
2024,West Virginia,Electrical Generation - petroleum coke,0.0,GWh,22.0
2024,Wisconsin,Electrical Generation - petroleum coke,3.0,GWh,9.0
2024,Wyoming,Electrical Generation - petroleum coke,,GWh,
2024,Alabama,Electrical Generation - petroleum liquids,14.0,GWh,35.0
2024,Alaska,Electrical Generation - petroleum liquids,978.0,GWh,2.0
2024,Arizona,Electrical Generation - petroleum liquids,30.0,GWh,31.0
2024,Arkansas,Electrical Generation - petroleum liquids,35.0,GWh,28.0
2024,California,Electrical Generation - petroleum liquids,57.0,GWh,25.0
2024,Colorado,Electrical Generation - petroleum liquids,,GWh,
2024,Connecticut,Electrical Generation - petroleum liquids,144.0,GWh,12.0
2024,Delaware,Electrical Generation - petroleum liquids,,GWh,
2024,District of Columbia,Electrical Generation - petroleum liquids,,GWh,
2024,Florida,Electrical Generation - petroleum liquids,186.0,GWh,8.0
2024,Georgia,Electrical Generation - petroleum liquids,228.0,GWh,5.0
2024,Hawaii,Electrical Generation - petroleum liquids,7011.0,GWh,1.0
2024,Idaho,Electrical Generation - petroleum liquids,0.0,GWh,38.0
2024,Illinois,Electrical Generation - petroleum liquids,23.0,GWh,33.0
2024,Indiana,Electrical Generation - petroleum liquids,97.0,GWh,18.0
2024,Iowa,Electrical Generation - petroleum liquids,57.0,GWh,25.0
2024,Kansas,Electrical Generation - petroleum liquids,109.0,GWh,16.0
2024,Kentucky,Electrical Generation - petroleum liquids,58.0,GWh,22.0
2024,Louisiana,Electrical Generation - petroleum liquids,,GWh,
2024,Maine,Electrical Generation - petroleum liquids,61.0,GWh,21.0
2024,Maryland,Electrical Generation - petroleum liquids,204.0,GWh,6.0
2024,Massachusetts,Electrical Generation - petroleum liquids,190.0,GWh,7.0
2024,Michigan,Electrical Generation - petroleum liquids,93.0,GWh,19.0
2024,Minnesota,Electrical Generation - petroleum liquids,,GWh,
2024,Mississippi,Electrical Generation - petroleum liquids,9.0,GWh,36.0
2024,Missouri,Electrical Generation - petroleum liquids,146.0,GWh,11.0
2024,Montana,Electrical Generation - petroleum liquids,19.0,GWh,34.0
2024,Nebraska,Electrical Generation - petroleum liquids,,GWh,
2024,Nevada,Electrical Generation - petroleum liquids,6.0,GWh,37.0
2024,New Hampshire,Electrical Generation - petroleum liquids,57.0,GWh,25.0
2024,New Jersey,Electrical Generation - petroleum liquids,33.0,GWh,30.0
2024,New Mexico,Electrical Generation - petroleum liquids,,GWh,
2024,New York,Electrical Generation - petroleum liquids,433.0,GWh,3.0
2024,North Carolina,Electrical Generation - petroleum liquids,152.0,GWh,10.0
2024,North Dakota,Electrical Generation - petroleum liquids,44.0,GWh,27.0
2024,Ohio,Electrical Generation - petroleum liquids,141.0,GWh,13.0
2024,Oklahoma,Electrical Generation - petroleum liquids,28.0,GWh,32.0
2024,Oregon,Electrical Generation - petroleum liquids,,GWh,
2024,Pennsylvania,Electrical Generation - petroleum liquids,88.0,GWh,20.0
2024,Rhode Island,Electrical Generation - petroleum liquids,,GWh,
2024,South Carolina,Electrical Generation - petroleum liquids,101.0,GWh,17.0
2024,South Dakota,Electrical Generation - petroleum liquids,,GWh,
2024,Tennessee,Electrical Generation - petroleum liquids,121.0,GWh,15.0
2024,Texas,Electrical Generation - petroleum liquids,252.0,GWh,4.0
2024,Utah,Electrical Generation - petroleum liquids,34.0,GWh,29.0
2024,Vermont,Electrical Generation - petroleum liquids,,GWh,
2024,Virginia,Electrical Generation - petroleum liquids,170.0,GWh,9.0
2024,Washington,Electrical Generation - petroleum liquids,,GWh,
2024,West Virginia,Electrical Generation - petroleum liquids,125.0,GWh,14.0
2024,Wisconsin,Electrical Generation - petroleum liquids,,GWh,
2024,Wyoming,Electrical Generation - petroleum liquids,46.0,GWh,26.0
2024,Alabama,Electrical Generation - small-scale solar photovoltaic,27.0,GWh,4.0
2024,Alaska,Electrical Generation - small-scale solar photovoltaic,20.0,GWh,3.0
2024,Arizona,Electrical Generation - small-scale solar photovoltaic,5450.0,GWh,50.0
2024,Arkansas,Electrical Generation - small-scale solar photovoltaic,517.0,GWh,26.0
2024,California,Electrical Generation - small-scale solar photovoltaic,31723.0,GWh,51.0
2024,Colorado,Electrical Generation - small-scale solar photovoltaic,2036.0,GWh,43.0
2024,Connecticut,Electrical Generation - small-scale solar photovoltaic,1461.0,GWh,39.0
2024,Delaware,Electrical Generation - small-scale solar photovoltaic,205.0,GWh,13.0
2024,District of Columbia,Electrical Generation - small-scale solar photovoltaic,257.0,GWh,16.0
2024,Florida,Electrical Generation - small-scale solar photovoltaic,4622.0,GWh,48.0
2024,Georgia,Electrical Generation - small-scale solar photovoltaic,568.0,GWh,27.0
2024,Hawaii,Electrical Generation - small-scale solar photovoltaic,1575.0,GWh,41.0
2024,Idaho,Electrical Generation - small-scale solar photovoltaic,276.0,GWh,17.0
2024,Illinois,Electrical Generation - small-scale solar photovoltaic,1925.0,GWh,42.0
2024,Indiana,Electrical Generation - small-scale solar photovoltaic,387.0,GWh,22.0
2024,Iowa,Electrical Generation - small-scale solar photovoltaic,479.0,GWh,24.0
2024,Kansas,Electrical Generation - small-scale solar photovoltaic,167.0,GWh,12.0
2024,Kentucky,Electrical Generation - small-scale solar photovoltaic,161.0,GWh,11.0
2024,Louisiana,Electrical Generation - small-scale solar photovoltaic,336.0,GWh,18.0
2024,Maine,Electrical Generation - small-scale solar photovoltaic,1015.0,GWh,37.0
2024,Maryland,Electrical Generation - small-scale solar photovoltaic,1491.0,GWh,40.0
2024,Massachusetts,Electrical Generation - small-scale solar photovoltaic,4064.0,GWh,46.0
2024,Michigan,Electrical Generation - small-scale solar photovoltaic,346.0,GWh,19.0
2024,Minnesota,Electrical Generation - small-scale solar photovoltaic,401.0,GWh,23.0
2024,Mississippi,Electrical Generation - small-scale solar photovoltaic,30.0,GWh,5.0
2024,Missouri,Electrical Generation - small-scale solar photovoltaic,762.0,GWh,32.0
2024,Montana,Electrical Generation - small-scale solar photovoltaic,107.0,GWh,10.0
2024,Nebraska,Electrical Generation - small-scale solar photovoltaic,57.0,GWh,7.0
2024,Nevada,Electrical Generation - small-scale solar photovoltaic,2044.0,GWh,44.0
2024,New Hampshire,Electrical Generation - small-scale solar photovoltaic,361.0,GWh,20.0
2024,New Jersey,Electrical Generation - small-scale solar photovoltaic,3403.0,GWh,45.0
2024,New Mexico,Electrical Generation - small-scale solar photovoltaic,801.0,GWh,33.0
2024,New York,Electrical Generation - small-scale solar photovoltaic,4526.0,GWh,47.0
2024,North Carolina,Electrical Generation - small-scale solar photovoltaic,907.0,GWh,34.0
2024,North Dakota,Electrical Generation - small-scale solar photovoltaic,3.0,GWh,1.0
2024,Ohio,Electrical Generation - small-scale solar photovoltaic,509.0,GWh,25.0
2024,Oklahoma,Electrical Generation - small-scale solar photovoltaic,229.0,GWh,14.0
2024,Oregon,Electrical Generation - small-scale solar photovoltaic,621.0,GWh,28.0
2024,Pennsylvania,Electrical Generation - small-scale solar photovoltaic,994.0,GWh,35.0
2024,Rhode Island,Electrical Generation - small-scale solar photovoltaic,709.0,GWh,31.0
2024,South Carolina,Electrical Generation - small-scale solar photovoltaic,637.0,GWh,30.0
2024,South Dakota,Electrical Generation - small-scale solar photovoltaic,7.0,GWh,2.0
2024,Tennessee,Electrical Generation - small-scale solar photovoltaic,77.0,GWh,9.0
2024,Texas,Electrical Generation - small-scale solar photovoltaic,4959.0,GWh,49.0
2024,Utah,Electrical Generation - small-scale solar photovoltaic,995.0,GWh,36.0
2024,Vermont,Electrical Generation - small-scale solar photovoltaic,246.0,GWh,15.0
2024,Virginia,Electrical Generation - small-scale solar photovoltaic,1044.0,GWh,38.0
2024,Washington,Electrical Generation - small-scale solar photovoltaic,634.0,GWh,29.0
2024,West Virginia,Electrical Generation - small-scale solar photovoltaic,60.0,GWh,8.0
2024,Wisconsin,Electrical Generation - small-scale solar photovoltaic,363.0,GWh,21.0
2024,Wyoming,Electrical Generation - small-scale solar photovoltaic,33.0,GWh,6.0
2024,Alabama,Electrical Generation - wind,,GWh,
2024,Alaska,Electrical Generation - wind,124.0,GWh,6.0
2024,Arizona,Electrical Generation - wind,2540.0,GWh,19.0
2024,Arkansas,Electrical Generation - wind,,GWh,
2024,California,Electrical Generation - wind,14818.0,GWh,34.0
2024,Colorado,Electrical Generation - wind,17603.0,GWh,38.0
2024,Connecticut,Electrical Generation - wind,10.0,GWh,2.0
2024,Delaware,Electrical Generation - wind,3.0,GWh,1.0
2024,District of Columbia,Electrical Generation - wind,,GWh,
2024,Florida,Electrical Generation - wind,,GWh,
2024,Georgia,Electrical Generation - wind,,GWh,
2024,Hawaii,Electrical Generation - wind,662.0,GWh,15.0
2024,Idaho,Electrical Generation - wind,2835.0,GWh,21.0
2024,Illinois,Electrical Generation - wind,24432.0,GWh,39.0
2024,Indiana,Electrical Generation - wind,9793.0,GWh,31.0
2024,Iowa,Electrical Generation - wind,44306.0,GWh,42.0
2024,Kansas,Electrical Generation - wind,30320.0,GWh,40.0
2024,Kentucky,Electrical Generation - wind,,GWh,
2024,Louisiana,Electrical Generation - wind,,GWh,
2024,Maine,Electrical Generation - wind,2832.0,GWh,20.0
2024,Maryland,Electrical Generation - wind,558.0,GWh,14.0
2024,Massachusetts,Electrical Generation - wind,178.0,GWh,7.0
2024,Michigan,Electrical Generation - wind,9764.0,GWh,30.0
2024,Minnesota,Electrical Generation - wind,14934.0,GWh,35.0
2024,Mississippi,Electrical Generation - wind,347.0,GWh,10.0
2024,Missouri,Electrical Generation - wind,6810.0,GWh,26.0
2024,Montana,Electrical Generation - wind,5853.0,GWh,24.0
2024,Nebraska,Electrical Generation - wind,12245.0,GWh,33.0
2024,Nevada,Electrical Generation - wind,319.0,GWh,9.0
2024,New Hampshire,Electrical Generation - wind,445.0,GWh,12.0
2024,New Jersey,Electrical Generation - wind,19.0,GWh,3.0
2024,New Mexico,Electrical Generation - wind,15285.0,GWh,37.0
2024,New York,Electrical Generation - wind,5991.0,GWh,25.0
2024,North Carolina,Electrical Generation - wind,530.0,GWh,13.0
2024,North Dakota,Electrical Generation - wind,15030.0,GWh,36.0
2024,Ohio,Electrical Generation - wind,2865.0,GWh,22.0
2024,Oklahoma,Electrical Generation - wind,38635.0,GWh,41.0
2024,Oregon,Electrical Generation - wind,9580.0,GWh,29.0
2024,Pennsylvania,Electrical Generation - wind,3576.0,GWh,23.0
2024,Rhode Island,Electrical Generation - wind,179.0,GWh,8.0
2024,South Carolina,Electrical Generation - wind,,GWh,
2024,South Dakota,Electrical Generation - wind,12129.0,GWh,32.0
2024,Tennessee,Electrical Generation - wind,22.0,GWh,4.0
2024,Texas,Electrical Generation - wind,124936.0,GWh,43.0
2024,Utah,Electrical Generation - wind,751.0,GWh,16.0
2024,Vermont,Electrical Generation - wind,355.0,GWh,11.0
2024,Virginia,Electrical Generation - wind,50.0,GWh,5.0
2024,Washington,Electrical Generation - wind,8421.0,GWh,27.0
2024,West Virginia,Electrical Generation - wind,2003.0,GWh,18.0
2024,Wisconsin,Electrical Generation - wind,1994.0,GWh,17.0
2024,Wyoming,Electrical Generation - wind,9372.0,GWh,28.0
2024,Alabama,Electrical Generation - Total from All Sources,143246.0,GWh,7.0
2024,Alaska,Electrical Generation - Total from All Sources,6552.0,GWh,48.0
2024,Arizona,Electrical Generation - Total from All Sources,121607.0,GWh,12.0
2024,Arkansas,Electrical Generation - Total from All Sources,60080.0,GWh,28.0
2024,California,Electrical Generation - Total from All Sources,245956.0,GWh,3.0
2024,Colorado,Electrical Generation - Total from All Sources,60570.0,GWh,27.0
2024,Connecticut,Electrical Generation - Total from All Sources,46614.0,GWh,33.0
2024,Delaware,Electrical Generation - Total from All Sources,4685.0,GWh,49.0
2024,District of Columbia,Electrical Generation - Total from All Sources,468.0,GWh,51.0
2024,Florida,Electrical Generation - Total from All Sources,270028.0,GWh,2.0
2024,Georgia,Electrical Generation - Total from All Sources,141810.0,GWh,8.0
2024,Hawaii,Electrical Generation - Total from All Sources,10497.0,GWh,46.0
2024,Idaho,Electrical Generation - Total from All Sources,18680.0,GWh,43.0
2024,Illinois,Electrical Generation - Total from All Sources,188017.0,GWh,5.0
2024,Indiana,Electrical Generation - Total from All Sources,95187.0,GWh,18.0
2024,Iowa,Electrical Generation - Total from All Sources,70353.0,GWh,21.0
2024,Kansas,Electrical Generation - Total from All Sources,58647.0,GWh,29.0
2024,Kentucky,Electrical Generation - Total from All Sources,67190.0,GWh,23.0
2024,Louisiana,Electrical Generation - Total from All Sources,99329.0,GWh,16.0
2024,Maine,Electrical Generation - Total from All Sources,14773.0,GWh,45.0
2024,Maryland,Electrical Generation - Total from All Sources,37305.0,GWh,38.0
2024,Massachusetts,Electrical Generation - Total from All Sources,25139.0,GWh,41.0
2024,Michigan,Electrical Generation - Total from All Sources,126043.0,GWh,11.0
2024,Minnesota,Electrical Generation - Total from All Sources,58639.0,GWh,30.0
2024,Mississippi,Electrical Generation - Total from All Sources,74401.0,GWh,20.0
2024,Missouri,Electrical Generation - Total from All Sources,68535.0,GWh,22.0
2024,Montana,Electrical Generation - Total from All Sources,26472.0,GWh,40.0
2024,Nebraska,Electrical Generation - Total from All Sources,37737.0,GWh,37.0
2024,Nevada,Electrical Generation - Total from All Sources,47573.0,GWh,32.0
2024,New Hampshire,Electrical Generation - Total from All Sources,17659.0,GWh,44.0
2024,New Jersey,Electrical Generation - Total from All Sources,64868.0,GWh,25.0
2024,New Mexico,Electrical Generation - Total from All Sources,40947.0,GWh,36.0
2024,New York,Electrical Generation - Total from All Sources,136607.0,GWh,9.0
2024,North Carolina,Electrical Generation - Total from All Sources,136505.0,GWh,10.0
2024,North Dakota,Electrical Generation - Total from All Sources,43255.0,GWh,34.0
2024,Ohio,Electrical Generation - Total from All Sources,143385.0,GWh,6.0
2024,Oklahoma,Electrical Generation - Total from All Sources,95275.0,GWh,17.0
2024,Oregon,Electrical Generation - Total from All Sources,63849.0,GWh,26.0
2024,Pennsylvania,Electrical Generation - Total from All Sources,245515.0,GWh,4.0
2024,Rhode Island,Electrical Generation - Total from All Sources,10150.0,GWh,47.0
2024,South Carolina,Electrical Generation - Total from All Sources,101269.0,GWh,15.0
2024,South Dakota,Electrical Generation - Total from All Sources,20474.0,GWh,42.0
2024,Tennessee,Electrical Generation - Total from All Sources,76073.0,GWh,19.0
2024,Texas,Electrical Generation - Total from All Sources,568712.0,GWh,1.0
2024,Utah,Electrical Generation - Total from All Sources,35680.0,GWh,39.0
2024,Vermont,Electrical Generation - Total from All Sources,2778.0,GWh,50.0
2024,Virginia,Electrical Generation - Total from All Sources,104497.0,GWh,13.0
2024,Washington,Electrical Generation - Total from All Sources,102139.0,GWh,14.0
2024,West Virginia,Electrical Generation - Total from All Sources,50905.0,GWh,31.0
2024,Wisconsin,Electrical Generation - Total from All Sources,65875.0,GWh,24.0
2024,Wyoming,Electrical Generation - Total from All Sources,41210.0,GWh,35.0
2024,Alabama,Electrical Generation - Total from Renewable Sources,13252.0,GWh,28.0
2024,Alaska,Electrical Generation - Total from Renewable Sources,1963.0,GWh,4.0
2024,Arizona,Electrical Generation - Total from Renewable Sources,24219.0,GWh,40.0
2024,Arkansas,Electrical Generation - Total from Renewable Sources,6783.0,GWh,15.0
2024,California,Electrical Generation - Total from Renewable Sources,140708.0,GWh,50.0
2024,Colorado,Electrical Generation - Total from Renewable Sources,26272.0,GWh,41.0
2024,Connecticut,Electrical Generation - Total from Renewable Sources,3037.0,GWh,6.0
2024,Delaware,Electrical Generation - Total from Renewable Sources,437.0,GWh,2.0
2024,District of Columbia,Electrical Generation - Total from Renewable Sources,359.0,GWh,1.0
2024,Florida,Electrical Generation - Total from Renewable Sources,26500.0,GWh,42.0
2024,Georgia,Electrical Generation - Total from Renewable Sources,17593.0,GWh,35.0
2024,Hawaii,Electrical Generation - Total from Renewable Sources,3322.0,GWh,9.0
2024,Idaho,Electrical Generation - Total from Renewable Sources,12815.0,GWh,27.0
2024,Illinois,Electrical Generation - Total from Renewable Sources,29388.0,GWh,43.0
2024,Indiana,Electrical Generation - Total from Renewable Sources,13968.0,GWh,30.0
2024,Iowa,Electrical Generation - Total from Renewable Sources,46625.0,GWh,48.0
2024,Kansas,Electrical Generation - Total from Renewable Sources,30654.0,GWh,44.0
2024,Kentucky,Electrical Generation - Total from Renewable Sources,4771.0,GWh,12.0
2024,Louisiana,Electrical Generation - Total from Renewable Sources,4202.0,GWh,11.0
2024,Maine,Electrical Generation - Total from Renewable Sources,10215.0,GWh,24.0
2024,Maryland,Electrical Generation - Total from Renewable Sources,5350.0,GWh,13.0
2024,Massachusetts,Electrical Generation - Total from Renewable Sources,8650.0,GWh,20.0
2024,Michigan,Electrical Generation - Total from Renewable Sources,15416.0,GWh,32.0
2024,Minnesota,Electrical Generation - Total from Renewable Sources,19631.0,GWh,36.0
2024,Mississippi,Electrical Generation - Total from Renewable Sources,3179.0,GWh,7.0
2024,Missouri,Electrical Generation - Total from Renewable Sources,8744.0,GWh,21.0
2024,Montana,Electrical Generation - Total from Renewable Sources,14967.0,GWh,31.0
2024,Nebraska,Electrical Generation - Total from Renewable Sources,13693.0,GWh,29.0
2024,Nevada,Electrical Generation - Total from Renewable Sources,20353.0,GWh,38.0
2024,New Hampshire,Electrical Generation - Total from Renewable Sources,3229.0,GWh,8.0
2024,New Jersey,Electrical Generation - Total from Renewable Sources,5867.0,GWh,14.0
2024,New Mexico,Electrical Generation - Total from Renewable Sources,20633.0,GWh,39.0
2024,New York,Electrical Generation - Total from Renewable Sources,43935.0,GWh,47.0
2024,North Carolina,Electrical Generation - Total from Renewable Sources,19736.0,GWh,37.0
2024,North Dakota,Electrical Generation - Total from Renewable Sources,17107.0,GWh,34.0
2024,Ohio,Electrical Generation - Total from Renewable Sources,8178.0,GWh,19.0
2024,Oklahoma,Electrical Generation - Total from Renewable Sources,41019.0,GWh,46.0
2024,Oregon,Electrical Generation - Total from Renewable Sources,39519.0,GWh,45.0
2024,Pennsylvania,Electrical Generation - Total from Renewable Sources,10106.0,GWh,23.0
2024,Rhode Island,Electrical Generation - Total from Renewable Sources,1719.0,GWh,3.0
2024,South Carolina,Electrical Generation - Total from Renewable Sources,7846.0,GWh,16.0
2024,South Dakota,Electrical Generation - Total from Renewable Sources,16688.0,GWh,33.0
2024,Tennessee,Electrical Generation - Total from Renewable Sources,9680.0,GWh,22.0
2024,Texas,Electrical Generation - Total from Renewable Sources,171559.0,GWh,51.0
2024,Utah,Electrical Generation - Total from Renewable Sources,7940.0,GWh,17.0
2024,Vermont,Electrical Generation - Total from Renewable Sources,2775.0,GWh,5.0
2024,Virginia,Electrical Generation - Total from Renewable Sources,12630.0,GWh,26.0
2024,Washington,Electrical Generation - Total from Renewable Sources,71068.0,GWh,49.0
2024,West Virginia,Electrical Generation - Total from Renewable Sources,3808.0,GWh,10.0
2024,Wisconsin,Electrical Generation - Total from Renewable Sources,8144.0,GWh,18.0
2024,Wyoming,Electrical Generation - Total from Renewable Sources,10731.0,GWh,25.0
2024,Alabama,Electrical Generation - Total from Clean Sources,54493.0,GWh,41.0
2024,Alaska,Electrical Generation - Total from Clean Sources,1920.0,GWh,4.0
2024,Arizona,Electrical Generation - Total from Clean Sources,56390.0,GWh,42.0
2024,Arkansas,Electrical Generation - Total from Clean Sources,20732.0,GWh,28.0
2024,California,Electrical Generation - Total from Clean Sources,154203.0,GWh,50.0
2024,Colorado,Electrical Generation - Total from Clean Sources,26191.0,GWh,30.0
2024,Connecticut,Electrical Generation - Total from Clean Sources,19310.0,GWh,23.0
2024,Delaware,Electrical Generation - Total from Clean Sources,375.0,GWh,2.0
2024,District of Columbia,Electrical Generation - Total from Clean Sources,303.0,GWh,1.0
2024,Florida,Electrical Generation - Total from Clean Sources,52579.0,GWh,40.0
2024,Georgia,Electrical Generation - Total from Clean Sources,60355.0,GWh,44.0
2024,Hawaii,Electrical Generation - Total from Clean Sources,3322.0,GWh,6.0
2024,Idaho,Electrical Generation - Total from Clean Sources,12414.0,GWh,14.0
2024,Illinois,Electrical Generation - Total from Clean Sources,128346.0,GWh,49.0
2024,Indiana,Electrical Generation - Total from Clean Sources,13742.0,GWh,16.0
2024,Iowa,Electrical Generation - Total from Clean Sources,46414.0,GWh,39.0
2024,Kansas,Electrical Generation - Total from Clean Sources,39794.0,GWh,36.0
2024,Kentucky,Electrical Generation - Total from Clean Sources,4355.0,GWh,8.0
2024,Louisiana,Electrical Generation - Total from Clean Sources,16948.0,GWh,19.0
2024,Maine,Electrical Generation - Total from Clean Sources,8705.0,GWh,11.0
2024,Maryland,Electrical Generation - Total from Clean Sources,19780.0,GWh,25.0
2024,Massachusetts,Electrical Generation - Total from Clean Sources,7745.0,GWh,9.0
2024,Michigan,Electrical Generation - Total from Clean Sources,39667.0,GWh,35.0
2024,Minnesota,Electrical Generation - Total from Clean Sources,30284.0,GWh,31.0
2024,Mississippi,Electrical Generation - Total from Clean Sources,12620.0,GWh,15.0
2024,Missouri,Electrical Generation - Total from Clean Sources,19170.0,GWh,22.0
2024,Montana,Electrical Generation - Total from Clean Sources,14943.0,GWh,17.0
2024,Nebraska,Electrical Generation - Total from Clean Sources,19708.0,GWh,24.0
2024,Nevada,Electrical Generation - Total from Clean Sources,20297.0,GWh,26.0
2024,New Hampshire,Electrical Generation - Total from Clean Sources,12077.0,GWh,13.0
2024,New Jersey,Electrical Generation - Total from Clean Sources,32890.0,GWh,32.0
2024,New Mexico,Electrical Generation - Total from Clean Sources,20620.0,GWh,27.0
2024,New York,Electrical Generation - Total from Clean Sources,69435.0,GWh,46.0
2024,North Carolina,Electrical Generation - Total from Clean Sources,61582.0,GWh,45.0
2024,North Dakota,Electrical Generation - Total from Clean Sources,17107.0,GWh,20.0
2024,Ohio,Electrical Generation - Total from Clean Sources,25846.0,GWh,29.0
2024,Oklahoma,Electrical Generation - Total from Clean Sources,40688.0,GWh,37.0
2024,Oregon,Electrical Generation - Total from Clean Sources,38579.0,GWh,34.0
2024,Pennsylvania,Electrical Generation - Total from Clean Sources,84004.0,GWh,48.0
2024,Rhode Island,Electrical Generation - Total from Clean Sources,1511.0,GWh,3.0
2024,South Carolina,Electrical Generation - Total from Clean Sources,59733.0,GWh,43.0
2024,South Dakota,Electrical Generation - Total from Clean Sources,16688.0,GWh,18.0
2024,Tennessee,Electrical Generation - Total from Clean Sources,41426.0,GWh,38.0
2024,Texas,Electrical Generation - Total from Clean Sources,208973.0,GWh,51.0
2024,Utah,Electrical Generation - Total from Clean Sources,7852.0,GWh,10.0
2024,Vermont,Electrical Generation - Total from Clean Sources,2352.0,GWh,5.0
2024,Virginia,Electrical Generation - Total from Clean Sources,38226.0,GWh,33.0
2024,Washington,Electrical Generation - Total from Clean Sources,79914.0,GWh,47.0
2024,West Virginia,Electrical Generation - Total from Clean Sources,3800.0,GWh,7.0
2024,Wisconsin,Electrical Generation - Total from Clean Sources,17348.0,GWh,21.0
2024,Wyoming,Electrical Generation - Total from Clean Sources,10731.0,GWh,12.0
2024,Alabama,Electrical Generation - Total from Fossil Sources,85507.0,GWh,6.0
2024,Alaska,Electrical Generation - Total from Fossil Sources,4589.0,GWh,46.0
2024,Arizona,Electrical Generation - Total from Fossil Sources,65000.0,GWh,13.0
2024,Arkansas,Electrical Generation - Total from Fossil Sources,38534.0,GWh,23.0
2024,California,Electrical Generation - Total from Fossil Sources,86869.0,GWh,5.0
2024,Colorado,Electrical Generation - Total from Fossil Sources,34298.0,GWh,24.0
2024,Connecticut,Electrical Generation - Total from Fossil Sources,26707.0,GWh,31.0
2024,Delaware,Electrical Generation - Total from Fossil Sources,4248.0,GWh,48.0
2024,District of Columbia,Electrical Generation - Total from Fossil Sources,109.0,GWh,50.0
2024,Florida,Electrical Generation - Total from Fossil Sources,214474.0,GWh,2.0
2024,Georgia,Electrical Generation - Total from Fossil Sources,76241.0,GWh,10.0
2024,Hawaii,Electrical Generation - Total from Fossil Sources,7175.0,GWh,43.0
2024,Idaho,Electrical Generation - Total from Fossil Sources,5865.0,GWh,44.0
2024,Illinois,Electrical Generation - Total from Fossil Sources,59417.0,GWh,17.0
2024,Indiana,Electrical Generation - Total from Fossil Sources,81219.0,GWh,8.0
2024,Iowa,Electrical Generation - Total from Fossil Sources,23728.0,GWh,34.0
2024,Kansas,Electrical Generation - Total from Fossil Sources,18789.0,GWh,37.0
2024,Kentucky,Electrical Generation - Total from Fossil Sources,62419.0,GWh,15.0
2024,Louisiana,Electrical Generation - Total from Fossil Sources,80441.0,GWh,9.0
2024,Maine,Electrical Generation - Total from Fossil Sources,4558.0,GWh,47.0
2024,Maryland,Electrical Generation - Total from Fossil Sources,17188.0,GWh,39.0
2024,Massachusetts,Electrical Generation - Total from Fossil Sources,16489.0,GWh,40.0
2024,Michigan,Electrical Generation - Total from Fossil Sources,84346.0,GWh,7.0
2024,Minnesota,Electrical Generation - Total from Fossil Sources,27163.0,GWh,30.0
2024,Mississippi,Electrical Generation - Total from Fossil Sources,60532.0,GWh,16.0
2024,Missouri,Electrical Generation - Total from Fossil Sources,49265.0,GWh,19.0
2024,Montana,Electrical Generation - Total from Fossil Sources,11505.0,GWh,41.0
2024,Nebraska,Electrical Generation - Total from Fossil Sources,17948.0,GWh,38.0
2024,Nevada,Electrical Generation - Total from Fossil Sources,27220.0,GWh,29.0
2024,New Hampshire,Electrical Generation - Total from Fossil Sources,4753.0,GWh,45.0
2024,New Jersey,Electrical Generation - Total from Fossil Sources,31324.0,GWh,26.0
2024,New Mexico,Electrical Generation - Total from Fossil Sources,20314.0,GWh,36.0
2024,New York,Electrical Generation - Total from Fossil Sources,65599.0,GWh,12.0
2024,North Carolina,Electrical Generation - Total from Fossil Sources,73420.0,GWh,11.0
2024,North Dakota,Electrical Generation - Total from Fossil Sources,26148.0,GWh,32.0
2024,Ohio,Electrical Generation - Total from Fossil Sources,117260.0,GWh,4.0
2024,Oklahoma,Electrical Generation - Total from Fossil Sources,54256.0,GWh,18.0
2024,Oregon,Electrical Generation - Total from Fossil Sources,24330.0,GWh,33.0
2024,Pennsylvania,Electrical Generation - Total from Fossil Sources,160005.0,GWh,3.0
2024,Rhode Island,Electrical Generation - Total from Fossil Sources,8431.0,GWh,42.0
2024,South Carolina,Electrical Generation - Total from Fossil Sources,39653.0,GWh,22.0
2024,South Dakota,Electrical Generation - Total from Fossil Sources,3786.0,GWh,49.0
2024,Tennessee,Electrical Generation - Total from Fossil Sources,34207.0,GWh,25.0
2024,Texas,Electrical Generation - Total from Fossil Sources,358540.0,GWh,1.0
2024,Utah,Electrical Generation - Total from Fossil Sources,27740.0,GWh,28.0
2024,Vermont,Electrical Generation - Total from Fossil Sources,3.0,GWh,51.0
2024,Virginia,Electrical Generation - Total from Fossil Sources,62922.0,GWh,14.0
2024,Washington,Electrical Generation - Total from Fossil Sources,21104.0,GWh,35.0
2024,West Virginia,Electrical Generation - Total from Fossil Sources,47097.0,GWh,21.0
2024,Wisconsin,Electrical Generation - Total from Fossil Sources,47584.0,GWh,20.0
2024,Wyoming,Electrical Generation - Total from Fossil Sources,30479.0,GWh,27.0
2024,Alabama,Renewable Generation as % of Total Generation,9.251218184102871,%,42.0
2024,Alaska,Renewable Generation as % of Total Generation,29.96031746031746,%,23.0
2024,Arizona,Renewable Generation as % of Total Generation,19.915794321050598,%,26.0
2024,Arkansas,Renewable Generation as % of Total Generation,11.289946737683088,%,39.0
2024,California,Renewable Generation as % of Total Generation,57.20860641740799,%,9.0
2024,Colorado,Renewable Generation as % of Total Generation,43.37460789169556,%,13.0
2024,Connecticut,Renewable Generation as % of Total Generation,6.515210022739949,%,47.0
2024,Delaware,Renewable Generation as % of Total Generation,9.327641408751335,%,41.0
2024,District of Columbia,Renewable Generation as % of Total Generation,76.70940170940172,%,3.0
2024,Florida,Renewable Generation as % of Total Generation,9.813797087709423,%,40.0
2024,Georgia,Renewable Generation as % of Total Generation,12.406036245680841,%,35.0
2024,Hawaii,Renewable Generation as % of Total Generation,31.647137277317327,%,21.0
2024,Idaho,Renewable Generation as % of Total Generation,68.60278372591007,%,6.0
2024,Illinois,Renewable Generation as % of Total Generation,15.63050149720504,%,29.0
2024,Indiana,Renewable Generation as % of Total Generation,14.674272747328942,%,30.0
2024,Iowa,Renewable Generation as % of Total Generation,66.27293789888135,%,7.0
2024,Kansas,Renewable Generation as % of Total Generation,52.26865824338841,%,11.0
2024,Kentucky,Renewable Generation as % of Total Generation,7.100759041524037,%,46.0
2024,Louisiana,Renewable Generation as % of Total Generation,4.230385889317319,%,50.0
2024,Maine,Renewable Generation as % of Total Generation,69.14641575847831,%,5.0
2024,Maryland,Renewable Generation as % of Total Generation,14.341241120493232,%,32.0
2024,Massachusetts,Renewable Generation as % of Total Generation,34.408687696407966,%,18.0
2024,Michigan,Renewable Generation as % of Total Generation,12.230746649952794,%,37.0
2024,Minnesota,Renewable Generation as % of Total Generation,33.477719606405294,%,19.0
2024,Mississippi,Renewable Generation as % of Total Generation,4.272792032365157,%,49.0
2024,Missouri,Renewable Generation as % of Total Generation,12.758444590355293,%,33.0
2024,Montana,Renewable Generation as % of Total Generation,56.53898458748867,%,10.0
2024,Nebraska,Renewable Generation as % of Total Generation,36.28534329702944,%,17.0
2024,Nevada,Renewable Generation as % of Total Generation,42.782670842704896,%,15.0
2024,New Hampshire,Renewable Generation as % of Total Generation,18.28529361798516,%,27.0
2024,New Jersey,Renewable Generation as % of Total Generation,9.044521181476227,%,43.0
2024,New Mexico,Renewable Generation as % of Total Generation,50.38952792634382,%,12.0
2024,New York,Renewable Generation as % of Total Generation,32.161602260499095,%,20.0
2024,North Carolina,Renewable Generation as % of Total Generation,14.458078458664517,%,31.0
2024,North Dakota,Renewable Generation as % of Total Generation,39.54918506531037,%,16.0
2024,Ohio,Renewable Generation as % of Total Generation,5.703525473375876,%,48.0
2024,Oklahoma,Renewable Generation as % of Total Generation,43.053266859092105,%,14.0
2024,Oregon,Renewable Generation as % of Total Generation,61.894469764600856,%,8.0
2024,Pennsylvania,Renewable Generation as % of Total Generation,4.116245443251939,%,51.0
2024,Rhode Island,Renewable Generation as % of Total Generation,16.935960591133004,%,28.0
2024,South Carolina,Renewable Generation as % of Total Generation,7.747681916479871,%,44.0
2024,South Dakota,Renewable Generation as % of Total Generation,81.50825437139787,%,2.0
2024,Tennessee,Renewable Generation as % of Total Generation,12.72461977311267,%,34.0
2024,Texas,Renewable Generation as % of Total Generation,30.16623528253316,%,22.0
2024,Utah,Renewable Generation as % of Total Generation,22.253363228699552,%,25.0
2024,Vermont,Renewable Generation as % of Total Generation,99.89200863930886,%,1.0
2024,Virginia,Renewable Generation as % of Total Generation,12.08647138195355,%,38.0
2024,Washington,Renewable Generation as % of Total Generation,69.57969042187607,%,4.0
2024,West Virginia,Renewable Generation as % of Total Generation,7.480601119732835,%,45.0
2024,Wisconsin,Renewable Generation as % of Total Generation,12.362808349146109,%,36.0
2024,Wyoming,Renewable Generation as % of Total Generation,26.03979616597913,%,24.0
2024,Alabama,Clean Generation as % of Total Generation,38.04155089845441,%,30.0
2024,Alaska,Clean Generation as % of Total Generation,29.304029304029307,%,38.0
2024,Arizona,Clean Generation as % of Total Generation,46.370685898015736,%,22.0
2024,Arkansas,Clean Generation as % of Total Generation,34.50732356857523,%,33.0
2024,California,Clean Generation as % of Total Generation,62.69536014571712,%,10.0
2024,Colorado,Clean Generation as % of Total Generation,43.24087832260195,%,24.0
2024,Connecticut,Clean Generation as % of Total Generation,41.42532286437551,%,28.0
2024,Delaware,Clean Generation as % of Total Generation,8.004268943436498,%,49.0
2024,District of Columbia,Clean Generation as % of Total Generation,64.74358974358975,%,9.0
2024,Florida,Clean Generation as % of Total Generation,19.471684417912215,%,43.0
2024,Georgia,Clean Generation as % of Total Generation,42.560468232141595,%,27.0
2024,Hawaii,Clean Generation as % of Total Generation,31.647137277317327,%,35.0
2024,Idaho,Clean Generation as % of Total Generation,66.45610278372591,%,7.0
2024,Illinois,Clean Generation as % of Total Generation,68.2629762202354,%,5.0
2024,Indiana,Clean Generation as % of Total Generation,14.436845367539686,%,48.0
2024,Iowa,Clean Generation as % of Total Generation,65.97302176168749,%,8.0
2024,Kansas,Clean Generation as % of Total Generation,67.85342813784166,%,6.0
2024,Kentucky,Clean Generation as % of Total Generation,6.481619288584612,%,51.0
2024,Louisiana,Clean Generation as % of Total Generation,17.062489303224638,%,45.0
2024,Maine,Clean Generation as % of Total Generation,58.925065998781555,%,13.0
2024,Maryland,Clean Generation as % of Total Generation,53.02238305857123,%,16.0
2024,Massachusetts,Clean Generation as % of Total Generation,30.80870360793985,%,37.0
2024,Michigan,Clean Generation as % of Total Generation,31.471005926548877,%,36.0
2024,Minnesota,Clean Generation as % of Total Generation,51.644809768242986,%,18.0
2024,Mississippi,Clean Generation as % of Total Generation,16.962137605677345,%,46.0
2024,Missouri,Clean Generation as % of Total Generation,27.971109652002625,%,39.0
2024,Montana,Clean Generation as % of Total Generation,56.44832275611967,%,14.0
2024,Nebraska,Clean Generation as % of Total Generation,52.22460714948194,%,17.0
2024,Nevada,Clean Generation as % of Total Generation,42.66495701343199,%,26.0
2024,New Hampshire,Clean Generation as % of Total Generation,68.39005606206467,%,4.0
2024,New Jersey,Clean Generation as % of Total Generation,50.70296602330887,%,20.0
2024,New Mexico,Clean Generation as % of Total Generation,50.35777956871077,%,21.0
2024,New York,Clean Generation as % of Total Generation,50.82828844788334,%,19.0
2024,North Carolina,Clean Generation as % of Total Generation,45.11336581077616,%,23.0
2024,North Dakota,Clean Generation as % of Total Generation,39.54918506531037,%,29.0
2024,Ohio,Clean Generation as % of Total Generation,18.025595424904974,%,44.0
2024,Oklahoma,Clean Generation as % of Total Generation,42.705851482550514,%,25.0
2024,Oregon,Clean Generation as % of Total Generation,60.42224623721593,%,11.0
2024,Pennsylvania,Clean Generation as % of Total Generation,34.215424719467244,%,34.0
2024,Rhode Island,Clean Generation as % of Total Generation,14.886699507389162,%,47.0
2024,South Carolina,Clean Generation as % of Total Generation,58.98448686172472,%,12.0
2024,South Dakota,Clean Generation as % of Total Generation,81.50825437139787,%,2.0
2024,Tennessee,Clean Generation as % of Total Generation,54.45558871084353,%,15.0
2024,Texas,Clean Generation as % of Total Generation,36.74496054241866,%,31.0
2024,Utah,Clean Generation as % of Total Generation,22.006726457399104,%,42.0
2024,Vermont,Clean Generation as % of Total Generation,84.66522678185746,%,1.0
2024,Virginia,Clean Generation as % of Total Generation,36.580954477162024,%,32.0
2024,Washington,Clean Generation as % of Total Generation,78.24043705146909,%,3.0
2024,West Virginia,Clean Generation as % of Total Generation,7.464885571161968,%,50.0
2024,Wisconsin,Clean Generation as % of Total Generation,26.33472485768501,%,40.0
2024,Wyoming,Clean Generation as % of Total Generation,26.03979616597913,%,41.0
2024,Alabama,Fossil Generation as % of Total Generation,59.69241724027198,%,29.0
2024,Alaska,Fossil Generation as % of Total Generation,70.03968253968253,%,38.0
2024,Arizona,Fossil Generation as % of Total Generation,53.45087042686687,%,22.0
2024,Arkansas,Fossil Generation as % of Total Generation,64.13781624500666,%,33.0
2024,California,Fossil Generation as % of Total Generation,35.31891883101043,%,11.0
2024,Colorado,Fossil Generation as % of Total Generation,56.62539210830444,%,25.0
2024,Connecticut,Fossil Generation as % of Total Generation,57.29394602479941,%,28.0
2024,Delaware,Fossil Generation as % of Total Generation,90.67235859124867,%,49.0
2024,District of Columbia,Fossil Generation as % of Total Generation,23.29059829059829,%,4.0
2024,Florida,Fossil Generation as % of Total Generation,79.42657798450531,%,43.0
2024,Georgia,Fossil Generation as % of Total Generation,53.76278118609407,%,23.0
2024,Hawaii,Fossil Generation as % of Total Generation,68.35286272268267,%,37.0
2024,Idaho,Fossil Generation as % of Total Generation,31.397216274089935,%,7.0
2024,Illinois,Fossil Generation as % of Total Generation,31.60192961274778,%,8.0
2024,Indiana,Fossil Generation as % of Total Generation,85.32572725267106,%,48.0
2024,Iowa,Fossil Generation as % of Total Generation,33.72706210111864,%,10.0
2024,Kansas,Fossil Generation as % of Total Generation,32.03744437055604,%,9.0
2024,Kentucky,Fossil Generation as % of Total Generation,92.89924095847596,%,51.0
2024,Louisiana,Fossil Generation as % of Total Generation,80.98440535996538,%,44.0
2024,Maine,Fossil Generation as % of Total Generation,30.8535842415217,%,6.0
2024,Maryland,Fossil Generation as % of Total Generation,46.074252781128536,%,16.0
2024,Massachusetts,Fossil Generation as % of Total Generation,65.59131230359203,%,35.0
2024,Michigan,Fossil Generation as % of Total Generation,66.91843259839897,%,36.0
2024,Minnesota,Fossil Generation as % of Total Generation,46.3224134108699,%,17.0
2024,Mississippi,Fossil Generation as % of Total Generation,81.35912151718391,%,45.0
2024,Missouri,Fossil Generation as % of Total Generation,71.88297949952579,%,39.0
2024,Montana,Fossil Generation as % of Total Generation,43.46101541251134,%,14.0
2024,Nebraska,Fossil Generation as % of Total Generation,47.56074939714339,%,18.0
2024,Nevada,Fossil Generation as % of Total Generation,57.217329157295104,%,27.0
2024,New Hampshire,Fossil Generation as % of Total Generation,26.91545387621043,%,5.0
2024,New Jersey,Fossil Generation as % of Total Generation,48.288832706419186,%,20.0
2024,New Mexico,Fossil Generation as % of Total Generation,49.61047207365619,%,21.0
2024,New York,Fossil Generation as % of Total Generation,48.0202332237733,%,19.0
2024,North Carolina,Fossil Generation as % of Total Generation,53.78557561994066,%,24.0
2024,North Dakota,Fossil Generation as % of Total Generation,60.45081493468963,%,31.0
2024,Ohio,Fossil Generation as % of Total Generation,81.77982355197545,%,46.0
2024,Oklahoma,Fossil Generation as % of Total Generation,56.9467331409079,%,26.0
2024,Oregon,Fossil Generation as % of Total Generation,38.105530235399144,%,12.0
2024,Pennsylvania,Fossil Generation as % of Total Generation,65.17117080422786,%,34.0
2024,Rhode Island,Fossil Generation as % of Total Generation,83.06403940886699,%,47.0
2024,South Carolina,Fossil Generation as % of Total Generation,39.15610897708085,%,13.0
2024,South Dakota,Fossil Generation as % of Total Generation,18.49174562860213,%,2.0
2024,Tennessee,Fossil Generation as % of Total Generation,44.96601948128771,%,15.0
2024,Texas,Fossil Generation as % of Total Generation,63.04421218472619,%,32.0
2024,Utah,Fossil Generation as % of Total Generation,77.74663677130044,%,42.0
2024,Vermont,Fossil Generation as % of Total Generation,0.10799136069114472,%,1.0
2024,Virginia,Fossil Generation as % of Total Generation,60.21416882781324,%,30.0
2024,Washington,Fossil Generation as % of Total Generation,20.662038986087587,%,3.0
2024,West Virginia,Fossil Generation as % of Total Generation,92.51939888026716,%,50.0
2024,Wisconsin,Fossil Generation as % of Total Generation,72.2337760910816,%,40.0
2024,Wyoming,Fossil Generation as % of Total Generation,73.96020383402086,%,41.0
2024,Alabama,Electrical Generation - all utility-scale solar as % of All Utility Scale Generation,0.8776768445527479,%,40.0
2024,Alaska,Electrical Generation - all utility-scale solar as % of All Utility Scale Generation,0.2449479485609308,%,48.0
2024,Arizona,Electrical Generation - all utility-scale solar as % of All Utility Scale Generation,9.285708136401595,%,7.0
2024,Arkansas,Electrical Generation - all utility-scale solar as % of All Utility Scale Generation,3.6935681547269277,%,22.0
2024,California,Electrical Generation - all utility-scale solar as % of All Utility Scale Generation,22.32195786830227,%,2.0
2024,Colorado,Electrical Generation - all utility-scale solar as % of All Utility Scale Generation,8.437831004202685,%,10.0
2024,Connecticut,Electrical Generation - all utility-scale solar as % of All Utility Scale Generation,1.1095608265231547,%,37.0
2024,Delaware,Electrical Generation - all utility-scale solar as % of All Utility Scale Generation,3.727678571428571,%,21.0
2024,District of Columbia,Electrical Generation - all utility-scale solar as % of All Utility Scale Generation,21.80094786729858,%,3.0
2024,Florida,Electrical Generation - all utility-scale solar as % of All Utility Scale Generation,7.038273437676616,%,13.0
2024,Georgia,Electrical Generation - all utility-scale solar as % of All Utility Scale Generation,6.216281276107673,%,17.0
2024,Hawaii,Electrical Generation - all utility-scale solar as % of All Utility Scale Generation,8.249271463797355,%,11.0
2024,Idaho,Electrical Generation - all utility-scale solar as % of All Utility Scale Generation,5.504238209084981,%,18.0
2024,Illinois,Electrical Generation - all utility-scale solar as % of All Utility Scale Generation,1.4525073619500033,%,33.0
2024,Indiana,Electrical Generation - all utility-scale solar as % of All Utility Scale Generation,3.272151898734177,%,24.0
2024,Iowa,Electrical Generation - all utility-scale solar as % of All Utility Scale Generation,0.9602999685147551,%,39.0
2024,Kansas,Electrical Generation - all utility-scale solar as % of All Utility Scale Generation,0.14192886456908343,%,49.0
2024,Kentucky,Electrical Generation - all utility-scale solar as % of All Utility Scale Generation,0.36551343448358176,%,45.0
2024,Louisiana,Electrical Generation - all utility-scale solar as % of All Utility Scale Generation,1.2223086480862284,%,36.0
2024,Maine,Electrical Generation - all utility-scale solar as % of All Utility Scale Generation,7.828172699520279,%,12.0
2024,Maryland,Electrical Generation - all utility-scale solar as % of All Utility Scale Generation,3.1021388283911318,%,25.0
2024,Massachusetts,Electrical Generation - all utility-scale solar as % of All Utility Scale Generation,10.65717674970344,%,6.0
2024,Michigan,Electrical Generation - all utility-scale solar as % of All Utility Scale Generation,1.5243005004097154,%,32.0
2024,Minnesota,Electrical Generation - all utility-scale solar as % of All Utility Scale Generation,4.0471856863216455,%,20.0
2024,Mississippi,Electrical Generation - all utility-scale solar as % of All Utility Scale Generation,2.0881795323445966,%,30.0
2024,Missouri,Electrical Generation - all utility-scale solar as % of All Utility Scale Generation,0.29510276953949216,%,47.0
2024,Montana,Electrical Generation - all utility-scale solar as % of All Utility Scale Generation,1.3919969656741893,%,35.0
2024,Nebraska,Electrical Generation - all utility-scale solar as % of All Utility Scale Generation,0.49097664543524416,%,41.0
2024,Nevada,Electrical Generation - all utility-scale solar as % of All Utility Scale Generation,27.408904214896,%,1.0
2024,New Hampshire,Electrical Generation - all utility-scale solar as % of All Utility Scale Generation,0.02312406058503873,%,50.0
2024,New Jersey,Electrical Generation - all utility-scale solar as % of All Utility Scale Generation,2.9073456438623606,%,27.0
2024,New Mexico,Electrical Generation - all utility-scale solar as % of All Utility Scale Generation,10.758232451551835,%,5.0
2024,New York,Electrical Generation - all utility-scale solar as % of All Utility Scale Generation,2.5590357432181765,%,29.0
2024,North Carolina,Electrical Generation - all utility-scale solar as % of All Utility Scale Generation,9.046593607575334,%,8.0
2024,North Dakota,Electrical Generation - all utility-scale solar as % of All Utility Scale Generation,,%,
2024,Ohio,Electrical Generation - all utility-scale solar as % of All Utility Scale Generation,2.81432850863686,%,28.0
2024,Oklahoma,Electrical Generation - all utility-scale solar as % of All Utility Scale Generation,0.3124802727100562,%,46.0
2024,Oregon,Electrical Generation - all utility-scale solar as % of All Utility Scale Generation,3.283355475422281,%,23.0
2024,Pennsylvania,Electrical Generation - all utility-scale solar as % of All Utility Scale Generation,0.4887105810952842,%,42.0
2024,Rhode Island,Electrical Generation - all utility-scale solar as % of All Utility Scale Generation,6.598877237580765,%,16.0
2024,South Carolina,Electrical Generation - all utility-scale solar as % of All Utility Scale Generation,2.93544796883695,%,26.0
2024,South Dakota,Electrical Generation - all utility-scale solar as % of All Utility Scale Generation,1.6514389016465532,%,31.0
2024,Tennessee,Electrical Generation - all utility-scale solar as % of All Utility Scale Generation,1.448760461076899,%,34.0
2024,Texas,Electrical Generation - all utility-scale solar as % of All Utility Scale Generation,7.014951583406208,%,14.0
2024,Utah,Electrical Generation - all utility-scale solar as % of All Utility Scale Generation,14.193455384171832,%,4.0
2024,Vermont,Electrical Generation - all utility-scale solar as % of All Utility Scale Generation,8.767772511848342,%,9.0
2024,Virginia,Electrical Generation - all utility-scale solar as % of All Utility Scale Generation,6.796322967917797,%,15.0
2024,Washington,Electrical Generation - all utility-scale solar as % of All Utility Scale Generation,0.42953549086251913,%,43.0
2024,West Virginia,Electrical Generation - all utility-scale solar as % of All Utility Scale Generation,0.4071196774510768,%,44.0
2024,Wisconsin,Electrical Generation - all utility-scale solar as % of All Utility Scale Generation,4.486201001343265,%,19.0
2024,Wyoming,Electrical Generation - all utility-scale solar as % of All Utility Scale Generation,1.027272506496345,%,38.0
2024,Alabama,Electrical Generation - biomass as % of All Utility Scale Generation,2.2664590592030387,%,9.0
2024,Alaska,Electrical Generation - biomass as % of All Utility Scale Generation,0.6582976117575016,%,28.0
2024,Arizona,Electrical Generation - biomass as % of All Utility Scale Generation,0.1868161195623165,%,39.0
2024,Arkansas,Electrical Generation - biomass as % of All Utility Scale Generation,1.3666202172489632,%,20.0
2024,California,Electrical Generation - biomass as % of All Utility Scale Generation,2.279760821162006,%,8.0
2024,Colorado,Electrical Generation - biomass as % of All Utility Scale Generation,0.13838111183243926,%,41.0
2024,Connecticut,Electrical Generation - biomass as % of All Utility Scale Generation,1.3221712843000464,%,21.0
2024,Delaware,Electrical Generation - biomass as % of All Utility Scale Generation,1.3839285714285714,%,19.0
2024,District of Columbia,Electrical Generation - biomass as % of All Utility Scale Generation,26.540284360189574,%,1.0
2024,Florida,Electrical Generation - biomass as % of All Utility Scale Generation,1.12092416900899,%,23.0
2024,Georgia,Electrical Generation - biomass as % of All Utility Scale Generation,3.691536511802438,%,6.0
2024,Hawaii,Electrical Generation - biomass as % of All Utility Scale Generation,,%,
2024,Idaho,Electrical Generation - biomass as % of All Utility Scale Generation,2.178874157791784,%,11.0
2024,Illinois,Electrical Generation - biomass as % of All Utility Scale Generation,0.13649162779700363,%,42.0
2024,Indiana,Electrical Generation - biomass as % of All Utility Scale Generation,0.23839662447257384,%,35.0
2024,Iowa,Electrical Generation - biomass as % of All Utility Scale Generation,0.3019721212468157,%,33.0
2024,Kansas,Electrical Generation - biomass as % of All Utility Scale Generation,0.1094391244870041,%,44.0
2024,Kentucky,Electrical Generation - biomass as % of All Utility Scale Generation,0.6206268928374286,%,29.0
2024,Louisiana,Electrical Generation - biomass as % of All Utility Scale Generation,1.9597345266837047,%,13.0
2024,Maine,Electrical Generation - biomass as % of All Utility Scale Generation,10.97543247565053,%,3.0
2024,Maryland,Electrical Generation - biomass as % of All Utility Scale Generation,0.9409728039314235,%,27.0
2024,Massachusetts,Electrical Generation - biomass as % of All Utility Scale Generation,4.294187425860024,%,5.0
2024,Michigan,Electrical Generation - biomass as % of All Utility Scale Generation,1.6149947890562226,%,16.0
2024,Minnesota,Electrical Generation - biomass as % of All Utility Scale Generation,2.0467735842577013,%,12.0
2024,Mississippi,Electrical Generation - biomass as % of All Utility Scale Generation,1.679418052735609,%,15.0
2024,Missouri,Electrical Generation - biomass as % of All Utility Scale Generation,0.14755138476974608,%,40.0
2024,Montana,Electrical Generation - biomass as % of All Utility Scale Generation,0.09102977432201782,%,45.0
2024,Nebraska,Electrical Generation - biomass as % of All Utility Scale Generation,0.21496815286624205,%,36.0
2024,Nevada,Electrical Generation - biomass as % of All Utility Scale Generation,0.12299852841046366,%,43.0
2024,New Hampshire,Electrical Generation - biomass as % of All Utility Scale Generation,4.792461556249277,%,4.0
2024,New Jersey,Electrical Generation - biomass as % of All Utility Scale Generation,1.0640201740828115,%,26.0
2024,New Mexico,Electrical Generation - biomass as % of All Utility Scale Generation,0.03238180640661585,%,46.0
2024,New York,Electrical Generation - biomass as % of All Utility Scale Generation,1.1909358651130746,%,22.0
2024,North Carolina,Electrical Generation - biomass as % of All Utility Scale Generation,1.1084234280741603,%,24.0
2024,North Dakota,Electrical Generation - biomass as % of All Utility Scale Generation,0.0,%,48.0
2024,Ohio,Electrical Generation - biomass as % of All Utility Scale Generation,0.19527422380245807,%,38.0
2024,Oklahoma,Electrical Generation - biomass as % of All Utility Scale Generation,0.34825242514151045,%,32.0
2024,Oregon,Electrical Generation - biomass as % of All Utility Scale Generation,1.4866831150755995,%,17.0
2024,Pennsylvania,Electrical Generation - biomass as % of All Utility Scale Generation,0.6158980210288687,%,30.0
2024,Rhode Island,Electrical Generation - biomass as % of All Utility Scale Generation,2.203156445291812,%,10.0
2024,South Carolina,Electrical Generation - biomass as % of All Utility Scale Generation,1.8711741791875347,%,14.0
2024,South Dakota,Electrical Generation - biomass as % of All Utility Scale Generation,,%,
2024,Tennessee,Electrical Generation - biomass as % of All Utility Scale Generation,0.5789778409389967,%,31.0
2024,Texas,Electrical Generation - biomass as % of All Utility Scale Generation,0.21268179504144546,%,37.0
2024,Utah,Electrical Generation - biomass as % of All Utility Scale Generation,0.25371197924174715,%,34.0
2024,Vermont,Electrical Generation - biomass as % of All Utility Scale Generation,16.70616113744076,%,2.0
2024,Virginia,Electrical Generation - biomass as % of All Utility Scale Generation,3.2372188336732624,%,7.0
2024,Washington,Electrical Generation - biomass as % of All Utility Scale Generation,1.1043790946258805,%,25.0
2024,West Virginia,Electrical Generation - biomass as % of All Utility Scale Generation,0.015734093814534368,%,47.0
2024,Wisconsin,Electrical Generation - biomass as % of All Utility Scale Generation,1.4394309439492001,%,18.0
2024,Wyoming,Electrical Generation - biomass as % of All Utility Scale Generation,,%,
2024,Alabama,Electrical Generation - coal as % of All Utility Scale Generation,14.61817216989366,%,27.0
2024,Alaska,Electrical Generation - coal as % of All Utility Scale Generation,11.650336803429271,%,23.0
2024,Arizona,Electrical Generation - coal as % of All Utility Scale Generation,8.449770569143487,%,21.0
2024,Arkansas,Electrical Generation - coal as % of All Utility Scale Generation,26.291489683192587,%,36.0
2024,California,Electrical Generation - coal as % of All Utility Scale Generation,0.11482824774894625,%,7.0
2024,Colorado,Electrical Generation - coal as % of All Utility Scale Generation,28.15116000956709,%,37.0
2024,Connecticut,Electrical Generation - coal as % of All Utility Scale Generation,0.0,%,1.0
2024,Delaware,Electrical Generation - coal as % of All Utility Scale Generation,3.214285714285714,%,13.0
2024,District of Columbia,Electrical Generation - coal as % of All Utility Scale Generation,,%,
2024,Florida,Electrical Generation - coal as % of All Utility Scale Generation,2.956225556317491,%,12.0
2024,Georgia,Electrical Generation - coal as % of All Utility Scale Generation,12.648503986066467,%,25.0
2024,Hawaii,Electrical Generation - coal as % of All Utility Scale Generation,,%,
2024,Idaho,Electrical Generation - coal as % of All Utility Scale Generation,0.0,%,1.0
2024,Illinois,Electrical Generation - coal as % of All Utility Scale Generation,14.493906239924339,%,26.0
2024,Indiana,Electrical Generation - coal as % of All Utility Scale Generation,42.83755274261603,%,40.0
2024,Iowa,Electrical Generation - coal as % of All Utility Scale Generation,20.724446861493544,%,31.0
2024,Kansas,Electrical Generation - coal as % of All Utility Scale Generation,22.364911080711355,%,34.0
2024,Kentucky,Electrical Generation - coal as % of All Utility Scale Generation,66.88000716107953,%,46.0
2024,Louisiana,Electrical Generation - coal as % of All Utility Scale Generation,3.8022890507409617,%,14.0
2024,Maine,Electrical Generation - coal as % of All Utility Scale Generation,0.21078645151911615,%,8.0
2024,Maryland,Electrical Generation - coal as % of All Utility Scale Generation,6.885575473278606,%,19.0
2024,Massachusetts,Electrical Generation - coal as % of All Utility Scale Generation,0.0,%,1.0
2024,Michigan,Electrical Generation - coal as % of All Utility Scale Generation,20.4786112635942,%,30.0
2024,Minnesota,Electrical Generation - coal as % of All Utility Scale Generation,19.612624059892166,%,29.0
2024,Mississippi,Electrical Generation - coal as % of All Utility Scale Generation,4.482930174395934,%,15.0
2024,Missouri,Electrical Generation - coal as % of All Utility Scale Generation,57.29567821994009,%,44.0
2024,Montana,Electrical Generation - coal as % of All Utility Scale Generation,36.99601744737341,%,39.0
2024,Nebraska,Electrical Generation - coal as % of All Utility Scale Generation,43.37845010615711,%,41.0
2024,Nevada,Electrical Generation - coal as % of All Utility Scale Generation,5.102242526741198,%,16.0
2024,New Hampshire,Electrical Generation - coal as % of All Utility Scale Generation,1.294947392762169,%,9.0
2024,New Jersey,Electrical Generation - coal as % of All Utility Scale Generation,0.0,%,1.0
2024,New Mexico,Electrical Generation - coal as % of All Utility Scale Generation,21.003337816968067,%,32.0
2024,New York,Electrical Generation - coal as % of All Utility Scale Generation,0.0,%,1.0
2024,North Carolina,Electrical Generation - coal as % of All Utility Scale Generation,12.594581041018305,%,24.0
2024,North Dakota,Electrical Generation - coal as % of All Utility Scale Generation,53.572089151946734,%,43.0
2024,Ohio,Electrical Generation - coal as % of All Utility Scale Generation,21.12321173605084,%,33.0
2024,Oklahoma,Electrical Generation - coal as % of All Utility Scale Generation,6.454769269616817,%,18.0
2024,Oregon,Electrical Generation - coal as % of All Utility Scale Generation,,%,
2024,Pennsylvania,Electrical Generation - coal as % of All Utility Scale Generation,5.398718310492759,%,17.0
2024,Rhode Island,Electrical Generation - coal as % of All Utility Scale Generation,0.0,%,1.0
2024,South Carolina,Electrical Generation - coal as % of All Utility Scale Generation,16.736227045075125,%,28.0
2024,South Dakota,Electrical Generation - coal as % of All Utility Scale Generation,7.636683441637758,%,20.0
2024,Tennessee,Electrical Generation - coal as % of All Utility Scale Generation,22.94199694720775,%,35.0
2024,Texas,Electrical Generation - coal as % of All Utility Scale Generation,11.62654566804966,%,22.0
2024,Utah,Electrical Generation - coal as % of All Utility Scale Generation,46.0343087790111,%,42.0
2024,Vermont,Electrical Generation - coal as % of All Utility Scale Generation,,%,
2024,Virginia,Electrical Generation - coal as % of All Utility Scale Generation,1.906179617797454,%,10.0
2024,Washington,Electrical Generation - coal as % of All Utility Scale Generation,2.8047879414807153,%,11.0
2024,West Virginia,Electrical Generation - coal as % of All Utility Scale Generation,84.7182613826335,%,47.0
2024,Wisconsin,Electrical Generation - coal as % of All Utility Scale Generation,31.774331420197825,%,38.0
2024,Wyoming,Electrical Generation - coal as % of All Utility Scale Generation,59.606090778832844,%,45.0
2024,Alabama,Electrical Generation - conventional hydroelectric as % of All Utility Scale Generation,6.089974095615805,%,35.0
2024,Alaska,Electrical Generation - conventional hydroelectric as % of All Utility Scale Generation,26.94427434170239,%,41.0
2024,Arizona,Electrical Generation - conventional hydroelectric as % of All Utility Scale Generation,4.499083137477724,%,29.0
2024,Arkansas,Electrical Generation - conventional hydroelectric as % of All Utility Scale Generation,5.4597652905327125,%,32.0
2024,California,Electrical Generation - conventional hydroelectric as % of All Utility Scale Generation,14.259707888140483,%,38.0
2024,Colorado,Electrical Generation - conventional hydroelectric as % of All Utility Scale Generation,2.755663375132402,%,23.0
2024,Connecticut,Electrical Generation - conventional hydroelectric as % of All Utility Scale Generation,1.0364759816623481,%,10.0
2024,Delaware,Electrical Generation - conventional hydroelectric as % of All Utility Scale Generation,,%,
2024,District of Columbia,Electrical Generation - conventional hydroelectric as % of All Utility Scale Generation,,%,
2024,Florida,Electrical Generation - conventional hydroelectric as % of All Utility Scale Generation,0.0840222150215142,%,4.0
2024,Georgia,Electrical Generation - conventional hydroelectric as % of All Utility Scale Generation,2.145962249189335,%,19.0
2024,Hawaii,Electrical Generation - conventional hydroelectric as % of All Utility Scale Generation,1.1320331764178435,%,13.0
2024,Idaho,Electrical Generation - conventional hydroelectric as % of All Utility Scale Generation,44.65876983264508,%,45.0
2024,Illinois,Electrical Generation - conventional hydroelectric as % of All Utility Scale Generation,0.03976527738967822,%,3.0
2024,Indiana,Electrical Generation - conventional hydroelectric as % of All Utility Scale Generation,0.4852320675105486,%,8.0
2024,Iowa,Electrical Generation - conventional hydroelectric as % of All Utility Scale Generation,1.371039299310187,%,17.0
2024,Kansas,Electrical Generation - conventional hydroelectric as % of All Utility Scale Generation,0.03419972640218878,%,2.0
2024,Kentucky,Electrical Generation - conventional hydroelectric as % of All Utility Scale Generation,5.89147980724761,%,33.0
2024,Louisiana,Electrical Generation - conventional hydroelectric as % of All Utility Scale Generation,0.723283464487388,%,9.0
2024,Maine,Electrical Generation - conventional hydroelectric as % of All Utility Scale Generation,27.482192179095797,%,42.0
2024,Maryland,Electrical Generation - conventional hydroelectric as % of All Utility Scale Generation,5.1739543195398445,%,31.0
2024,Massachusetts,Electrical Generation - conventional hydroelectric as % of All Utility Scale Generation,5.9644128113879,%,34.0
2024,Michigan,Electrical Generation - conventional hydroelectric as % of All Utility Scale Generation,1.0819669522741195,%,11.0
2024,Minnesota,Electrical Generation - conventional hydroelectric as % of All Utility Scale Generation,1.2826676740272673,%,15.0
2024,Mississippi,Electrical Generation - conventional hydroelectric as % of All Utility Scale Generation,,%,
2024,Missouri,Electrical Generation - conventional hydroelectric as % of All Utility Scale Generation,1.2866480751921856,%,16.0
2024,Montana,Electrical Generation - conventional hydroelectric as % of All Utility Scale Generation,32.6796889816044,%,43.0
2024,Nebraska,Electrical Generation - conventional hydroelectric as % of All Utility Scale Generation,2.9856687898089174,%,25.0
2024,Nevada,Electrical Generation - conventional hydroelectric as % of All Utility Scale Generation,3.5296184849216985,%,28.0
2024,New Hampshire,Electrical Generation - conventional hydroelectric as % of All Utility Scale Generation,9.191814082552895,%,36.0
2024,New Jersey,Electrical Generation - conventional hydroelectric as % of All Utility Scale Generation,0.006507768648824535,%,1.0
2024,New Mexico,Electrical Generation - conventional hydroelectric as % of All Utility Scale Generation,0.470781646988492,%,7.0
2024,New York,Electrical Generation - conventional hydroelectric as % of All Utility Scale Generation,21.551169358196866,%,40.0
2024,North Carolina,Electrical Generation - conventional hydroelectric as % of All Utility Scale Generation,3.3400197643033085,%,27.0
2024,North Dakota,Electrical Generation - conventional hydroelectric as % of All Utility Scale Generation,4.795153981318783,%,30.0
2024,Ohio,Electrical Generation - conventional hydroelectric as % of All Utility Scale Generation,0.35275343654637586,%,6.0
2024,Oklahoma,Electrical Generation - conventional hydroelectric as % of All Utility Scale Generation,1.6065904930244304,%,18.0
2024,Oregon,Electrical Generation - conventional hydroelectric as % of All Utility Scale Generation,41.348769532485605,%,44.0
2024,Pennsylvania,Electrical Generation - conventional hydroelectric as % of All Utility Scale Generation,1.1594096212595237,%,14.0
2024,Rhode Island,Electrical Generation - conventional hydroelectric as % of All Utility Scale Generation,,%,
2024,South Carolina,Electrical Generation - conventional hydroelectric as % of All Utility Scale Generation,2.3571031083551954,%,22.0
2024,South Dakota,Electrical Generation - conventional hydroelectric as % of All Utility Scale Generation,20.589241217569747,%,39.0
2024,Tennessee,Electrical Generation - conventional hydroelectric as % of All Utility Scale Generation,10.579504184430759,%,37.0
2024,Texas,Electrical Generation - conventional hydroelectric as % of All Utility Scale Generation,0.16283727093248285,%,5.0
2024,Utah,Electrical Generation - conventional hydroelectric as % of All Utility Scale Generation,2.2372783624044974,%,21.0
2024,Vermont,Electrical Generation - conventional hydroelectric as % of All Utility Scale Generation,60.38704581358609,%,47.0
2024,Virginia,Electrical Generation - conventional hydroelectric as % of All Utility Scale Generation,1.117415638019197,%,12.0
2024,Washington,Electrical Generation - conventional hydroelectric as % of All Utility Scale Generation,59.5596276045515,%,46.0
2024,West Virginia,Electrical Generation - conventional hydroelectric as % of All Utility Scale Generation,3.0091454420296984,%,26.0
2024,Wisconsin,Electrical Generation - conventional hydroelectric as % of All Utility Scale Generation,2.9078642080840154,%,24.0
2024,Wyoming,Electrical Generation - conventional hydroelectric as % of All Utility Scale Generation,2.192971804648226,%,20.0
2024,Alabama,Electrical Generation - geothermal as % of All Utility Scale Generation,,%,
2024,Alaska,Electrical Generation - geothermal as % of All Utility Scale Generation,,%,
2024,Arizona,Electrical Generation - geothermal as % of All Utility Scale Generation,,%,
2024,Arkansas,Electrical Generation - geothermal as % of All Utility Scale Generation,,%,
2024,California,Electrical Generation - geothermal as % of All Utility Scale Generation,5.093986454001017,%,6.0
2024,Colorado,Electrical Generation - geothermal as % of All Utility Scale Generation,,%,
2024,Connecticut,Electrical Generation - geothermal as % of All Utility Scale Generation,,%,
2024,Delaware,Electrical Generation - geothermal as % of All Utility Scale Generation,,%,
2024,District of Columbia,Electrical Generation - geothermal as % of All Utility Scale Generation,,%,
2024,Florida,Electrical Generation - geothermal as % of All Utility Scale Generation,,%,
2024,Georgia,Electrical Generation - geothermal as % of All Utility Scale Generation,,%,
2024,Hawaii,Electrical Generation - geothermal as % of All Utility Scale Generation,2.779645819323022,%,5.0
2024,Idaho,Electrical Generation - geothermal as % of All Utility Scale Generation,0.3857856987611389,%,3.0
2024,Illinois,Electrical Generation - geothermal as % of All Utility Scale Generation,,%,
2024,Indiana,Electrical Generation - geothermal as % of All Utility Scale Generation,,%,
2024,Iowa,Electrical Generation - geothermal as % of All Utility Scale Generation,,%,
2024,Kansas,Electrical Generation - geothermal as % of All Utility Scale Generation,,%,
2024,Kentucky,Electrical Generation - geothermal as % of All Utility Scale Generation,,%,
2024,Louisiana,Electrical Generation - geothermal as % of All Utility Scale Generation,,%,
2024,Maine,Electrical Generation - geothermal as % of All Utility Scale Generation,,%,
2024,Maryland,Electrical Generation - geothermal as % of All Utility Scale Generation,,%,
2024,Massachusetts,Electrical Generation - geothermal as % of All Utility Scale Generation,,%,
2024,Michigan,Electrical Generation - geothermal as % of All Utility Scale Generation,,%,
2024,Minnesota,Electrical Generation - geothermal as % of All Utility Scale Generation,,%,
2024,Mississippi,Electrical Generation - geothermal as % of All Utility Scale Generation,,%,
2024,Missouri,Electrical Generation - geothermal as % of All Utility Scale Generation,,%,
2024,Montana,Electrical Generation - geothermal as % of All Utility Scale Generation,,%,
2024,Nebraska,Electrical Generation - geothermal as % of All Utility Scale Generation,,%,
2024,Nevada,Electrical Generation - geothermal as % of All Utility Scale Generation,8.451756023633289,%,7.0
2024,New Hampshire,Electrical Generation - geothermal as % of All Utility Scale Generation,,%,
2024,New Jersey,Electrical Generation - geothermal as % of All Utility Scale Generation,,%,
2024,New Mexico,Electrical Generation - geothermal as % of All Utility Scale Generation,0.0647636128132317,%,1.0
2024,New York,Electrical Generation - geothermal as % of All Utility Scale Generation,,%,
2024,North Carolina,Electrical Generation - geothermal as % of All Utility Scale Generation,,%,
2024,North Dakota,Electrical Generation - geothermal as % of All Utility Scale Generation,,%,
2024,Ohio,Electrical Generation - geothermal as % of All Utility Scale Generation,,%,
2024,Oklahoma,Electrical Generation - geothermal as % of All Utility Scale Generation,,%,
2024,Oregon,Electrical Generation - geothermal as % of All Utility Scale Generation,0.24988928955526035,%,2.0
2024,Pennsylvania,Electrical Generation - geothermal as % of All Utility Scale Generation,,%,
2024,Rhode Island,Electrical Generation - geothermal as % of All Utility Scale Generation,,%,
2024,South Carolina,Electrical Generation - geothermal as % of All Utility Scale Generation,,%,
2024,South Dakota,Electrical Generation - geothermal as % of All Utility Scale Generation,,%,
2024,Tennessee,Electrical Generation - geothermal as % of All Utility Scale Generation,,%,
2024,Texas,Electrical Generation - geothermal as % of All Utility Scale Generation,,%,
2024,Utah,Electrical Generation - geothermal as % of All Utility Scale Generation,1.1734179039930805,%,4.0
2024,Vermont,Electrical Generation - geothermal as % of All Utility Scale Generation,,%,
2024,Virginia,Electrical Generation - geothermal as % of All Utility Scale Generation,,%,
2024,Washington,Electrical Generation - geothermal as % of All Utility Scale Generation,,%,
2024,West Virginia,Electrical Generation - geothermal as % of All Utility Scale Generation,,%,
2024,Wisconsin,Electrical Generation - geothermal as % of All Utility Scale Generation,,%,
2024,Wyoming,Electrical Generation - geothermal as % of All Utility Scale Generation,,%,
2024,Alabama,Electrical Generation - natural gas as % of All Utility Scale Generation,45.075723193151745,%,33.0
2024,Alaska,Electrical Generation - natural gas as % of All Utility Scale Generation,43.67728107777097,%,31.0
2024,Arizona,Electrical Generation - natural gas as % of All Utility Scale Generation,47.483147808569434,%,34.0
2024,Arkansas,Electrical Generation - natural gas as % of All Utility Scale Generation,38.332521867602374,%,23.0
2024,California,Electrical Generation - natural gas as % of All Utility Scale Generation,40.25710324739886,%,26.0
2024,Colorado,Electrical Generation - natural gas as % of All Utility Scale Generation,30.431885741620256,%,20.0
2024,Connecticut,Electrical Generation - natural gas as % of All Utility Scale Generation,57.889841206564356,%,41.0
2024,Delaware,Electrical Generation - natural gas as % of All Utility Scale Generation,91.60714285714285,%,50.0
2024,District of Columbia,Electrical Generation - natural gas as % of All Utility Scale Generation,51.65876777251185,%,39.0
2024,Florida,Electrical Generation - natural gas as % of All Utility Scale Generation,76.74543906317113,%,47.0
2024,Georgia,Electrical Generation - natural gas as % of All Utility Scale Generation,41.10321292533383,%,29.0
2024,Hawaii,Electrical Generation - natural gas as % of All Utility Scale Generation,,%,
2024,Idaho,Electrical Generation - natural gas as % of All Utility Scale Generation,31.493153662247337,%,21.0
2024,Illinois,Electrical Generation - natural gas as % of All Utility Scale Generation,17.202244051329448,%,11.0
2024,Indiana,Electrical Generation - natural gas as % of All Utility Scale Generation,40.51160337552743,%,27.0
2024,Iowa,Electrical Generation - natural gas as % of All Utility Scale Generation,13.145089732947879,%,8.0
2024,Kansas,Electrical Generation - natural gas as % of All Utility Scale Generation,9.569083447332421,%,6.0
2024,Kentucky,Electrical Generation - natural gas as % of All Utility Scale Generation,26.137940294499394,%,16.0
2024,Louisiana,Electrical Generation - natural gas as % of All Utility Scale Generation,75.9033467012819,%,46.0
2024,Maine,Electrical Generation - natural gas as % of All Utility Scale Generation,30.3968600087222,%,19.0
2024,Maryland,Electrical Generation - natural gas as % of All Utility Scale Generation,39.590662869268996,%,25.0
2024,Massachusetts,Electrical Generation - natural gas as % of All Utility Scale Generation,72.93950177935943,%,45.0
2024,Michigan,Electrical Generation - natural gas as % of All Utility Scale Generation,44.5826073812422,%,32.0
2024,Minnesota,Electrical Generation - natural gas as % of All Utility Scale Generation,26.503313987430886,%,17.0
2024,Mississippi,Electrical Generation - natural gas as % of All Utility Scale Generation,76.90228718183162,%,48.0
2024,Missouri,Electrical Generation - natural gas as % of All Utility Scale Generation,15.180086465111476,%,10.0
2024,Montana,Electrical Generation - natural gas as % of All Utility Scale Generation,4.157026360705481,%,2.0
2024,Nebraska,Electrical Generation - natural gas as % of All Utility Scale Generation,4.254246284501061,%,3.0
2024,Nevada,Electrical Generation - natural gas as % of All Utility Scale Generation,54.92543214215115,%,40.0
2024,New Hampshire,Electrical Generation - natural gas as % of All Utility Scale Generation,25.55786796161406,%,15.0
2024,New Jersey,Electrical Generation - natural gas as % of All Utility Scale Generation,49.64451313755796,%,36.0
2024,New Mexico,Electrical Generation - natural gas as % of All Utility Scale Generation,29.619389229313008,%,18.0
2024,New York,Electrical Generation - natural gas as % of All Utility Scale Generation,48.57095267298097,%,35.0
2024,North Carolina,Electrical Generation - natural gas as % of All Utility Scale Generation,41.272732636174574,%,30.0
2024,North Dakota,Electrical Generation - natural gas as % of All Utility Scale Generation,6.633219273097198,%,4.0
2024,Ohio,Electrical Generation - natural gas as % of All Utility Scale Generation,59.78400851087656,%,44.0
2024,Oklahoma,Electrical Generation - natural gas as % of All Utility Scale Generation,50.57656292742462,%,37.0
2024,Oregon,Electrical Generation - natural gas as % of All Utility Scale Generation,38.45922692478016,%,24.0
2024,Pennsylvania,Electrical Generation - natural gas as % of All Utility Scale Generation,59.49304967671488,%,43.0
2024,Rhode Island,Electrical Generation - natural gas as % of All Utility Scale Generation,89.3019807223811,%,49.0
2024,South Carolina,Electrical Generation - natural gas as % of All Utility Scale Generation,22.52066936958423,%,14.0
2024,South Dakota,Electrical Generation - natural gas as % of All Utility Scale Generation,10.861386622367714,%,7.0
2024,Tennessee,Electrical Generation - natural gas as % of All Utility Scale Generation,21.894573398599924,%,13.0
2024,Texas,Electrical Generation - natural gas as % of All Utility Scale Generation,51.502519720515906,%,38.0
2024,Utah,Electrical Generation - natural gas as % of All Utility Scale Generation,33.36889145163615,%,22.0
2024,Vermont,Electrical Generation - natural gas as % of All Utility Scale Generation,0.03949447077409163,%,1.0
2024,Virginia,Electrical Generation - natural gas as % of All Utility Scale Generation,58.337602582815386,%,42.0
2024,Washington,Electrical Generation - natural gas as % of All Utility Scale Generation,17.692724496330232,%,12.0
2024,West Virginia,Electrical Generation - natural gas as % of All Utility Scale Generation,7.5995673124201,%,5.0
2024,Wisconsin,Electrical Generation - natural gas as % of All Utility Scale Generation,40.69178165832214,%,28.0
2024,Wyoming,Electrical Generation - natural gas as % of All Utility Scale Generation,13.29625761954489,%,9.0
2024,Alabama,Electrical Generation - nuclear as % of All Utility Scale Generation,31.062219398264197,%,19.0
2024,Alaska,Electrical Generation - nuclear as % of All Utility Scale Generation,,%,
2024,Arizona,Electrical Generation - nuclear as % of All Utility Scale Generation,27.882951522508332,%,16.0
2024,Arkansas,Electrical Generation - nuclear as % of All Utility Scale Generation,24.78552121283347,%,15.0
2024,California,Electrical Generation - nuclear as % of All Utility Scale Generation,8.578977095032045,%,2.0
2024,Colorado,Electrical Generation - nuclear as % of All Utility Scale Generation,,%,
2024,Connecticut,Electrical Generation - nuclear as % of All Utility Scale Generation,37.36185856975173,%,22.0
2024,Delaware,Electrical Generation - nuclear as % of All Utility Scale Generation,,%,
2024,District of Columbia,Electrical Generation - nuclear as % of All Utility Scale Generation,,%,
2024,Florida,Electrical Generation - nuclear as % of All Utility Scale Generation,10.947001951726788,%,4.0
2024,Georgia,Electrical Generation - nuclear as % of All Utility Scale Generation,33.96723354243072,%,21.0
2024,Hawaii,Electrical Generation - nuclear as % of All Utility Scale Generation,,%,
2024,Idaho,Electrical Generation - nuclear as % of All Utility Scale Generation,,%,
2024,Illinois,Electrical Generation - nuclear as % of All Utility Scale Generation,53.31341487006427,%,26.0
2024,Indiana,Electrical Generation - nuclear as % of All Utility Scale Generation,,%,
2024,Iowa,Electrical Generation - nuclear as % of All Utility Scale Generation,,%,
2024,Kansas,Electrical Generation - nuclear as % of All Utility Scale Generation,15.738714090287278,%,10.0
2024,Kentucky,Electrical Generation - nuclear as % of All Utility Scale Generation,,%,
2024,Louisiana,Electrical Generation - nuclear as % of All Utility Scale Generation,14.835392401482933,%,7.0
2024,Maine,Electrical Generation - nuclear as % of All Utility Scale Generation,,%,
2024,Maryland,Electrical Generation - nuclear as % of All Utility Scale Generation,41.23247891885855,%,23.0
2024,Massachusetts,Electrical Generation - nuclear as % of All Utility Scale Generation,,%,
2024,Michigan,Electrical Generation - nuclear as % of All Utility Scale Generation,20.908215788761865,%,14.0
2024,Minnesota,Electrical Generation - nuclear as % of All Utility Scale Generation,20.338953947594355,%,12.0
2024,Mississippi,Electrical Generation - nuclear as % of All Utility Scale Generation,14.373882292829194,%,6.0
2024,Missouri,Electrical Generation - nuclear as % of All Utility Scale Generation,15.53125876086347,%,9.0
2024,Montana,Electrical Generation - nuclear as % of All Utility Scale Generation,,%,
2024,Nebraska,Electrical Generation - nuclear as % of All Utility Scale Generation,16.178343949044585,%,11.0
2024,Nevada,Electrical Generation - nuclear as % of All Utility Scale Generation,,%,
2024,New Hampshire,Electrical Generation - nuclear as % of All Utility Scale Generation,55.94288357035495,%,28.0
2024,New Jersey,Electrical Generation - nuclear as % of All Utility Scale Generation,45.02887822337916,%,25.0
2024,New Mexico,Electrical Generation - nuclear as % of All Utility Scale Generation,,%,
2024,New York,Electrical Generation - nuclear as % of All Utility Scale Generation,20.49727061424429,%,13.0
2024,North Carolina,Electrical Generation - nuclear as % of All Utility Scale Generation,31.968760601188805,%,20.0
2024,North Dakota,Electrical Generation - nuclear as % of All Utility Scale Generation,,%,
2024,Ohio,Electrical Generation - nuclear as % of All Utility Scale Generation,12.561241916067079,%,5.0
2024,Oklahoma,Electrical Generation - nuclear as % of All Utility Scale Generation,,%,
2024,Oregon,Electrical Generation - nuclear as % of All Utility Scale Generation,,%,
2024,Pennsylvania,Electrical Generation - nuclear as % of All Utility Scale Generation,30.837433185697755,%,18.0
2024,Rhode Island,Electrical Generation - nuclear as % of All Utility Scale Generation,,%,
2024,South Carolina,Electrical Generation - nuclear as % of All Utility Scale Generation,53.432307814611654,%,27.0
2024,South Dakota,Electrical Generation - nuclear as % of All Utility Scale Generation,,%,
2024,Tennessee,Electrical Generation - nuclear as % of All Utility Scale Generation,42.35222906468761,%,24.0
2024,Texas,Electrical Generation - nuclear as % of All Utility Scale Generation,6.849276190104532,%,1.0
2024,Utah,Electrical Generation - nuclear as % of All Utility Scale Generation,,%,
2024,Vermont,Electrical Generation - nuclear as % of All Utility Scale Generation,,%,
2024,Virginia,Electrical Generation - nuclear as % of All Utility Scale Generation,27.97888896407064,%,17.0
2024,Washington,Electrical Generation - nuclear as % of All Utility Scale Generation,9.819220728042954,%,3.0
2024,West Virginia,Electrical Generation - nuclear as % of All Utility Scale Generation,,%,
2024,Wisconsin,Electrical Generation - nuclear as % of All Utility Scale Generation,15.488765417022835,%,8.0
2024,Wyoming,Electrical Generation - nuclear as % of All Utility Scale Generation,,%,
2024,Alabama,Electrical Generation - other as % of All Utility Scale Generation,0.0,%,5.0
2024,Alaska,Electrical Generation - other as % of All Utility Scale Generation,-0.04592774035517452,%,2.0
2024,Arizona,Electrical Generation - other as % of All Utility Scale Generation,0.0,%,5.0
2024,Arkansas,Electrical Generation - other as % of All Utility Scale Generation,0.01175226231049477,%,13.0
2024,California,Electrical Generation - other as % of All Utility Scale Generation,0.15030364136244181,%,24.0
2024,Colorado,Electrical Generation - other as % of All Utility Scale Generation,0.01195886151638364,%,14.0
2024,Connecticut,Electrical Generation - other as % of All Utility Scale Generation,0.9390295218479392,%,40.0
2024,Delaware,Electrical Generation - other as % of All Utility Scale Generation,,%,
2024,District of Columbia,Electrical Generation - other as % of All Utility Scale Generation,,%,
2024,Florida,Electrical Generation - other as % of All Utility Scale Generation,0.7946316209882218,%,38.0
2024,Georgia,Electrical Generation - other as % of All Utility Scale Generation,0.0545163619886436,%,20.0
2024,Hawaii,Electrical Generation - other as % of All Utility Scale Generation,1.8381528805200626,%,46.0
2024,Idaho,Electrical Generation - other as % of All Utility Scale Generation,0.37491849597913496,%,30.0
2024,Illinois,Electrical Generation - other as % of All Utility Scale Generation,0.2203211314833523,%,27.0
2024,Indiana,Electrical Generation - other as % of All Utility Scale Generation,2.2225738396624473,%,48.0
2024,Iowa,Electrical Generation - other as % of All Utility Scale Generation,0.0,%,5.0
2024,Kansas,Electrical Generation - other as % of All Utility Scale Generation,0.008549931600547196,%,12.0
2024,Kentucky,Electrical Generation - other as % of All Utility Scale Generation,0.017902698831848904,%,16.0
2024,Louisiana,Electrical Generation - other as % of All Utility Scale Generation,1.516268827088784,%,45.0
2024,Maine,Electrical Generation - other as % of All Utility Scale Generation,2.07879052187818,%,47.0
2024,Maryland,Electrical Generation - other as % of All Utility Scale Generation,0.9465572122633606,%,41.0
2024,Massachusetts,Electrical Generation - other as % of All Utility Scale Generation,4.3985765124555165,%,49.0
2024,Michigan,Electrical Generation - other as % of All Utility Scale Generation,0.8488667191738865,%,39.0
2024,Minnesota,Electrical Generation - other as % of All Utility Scale Generation,0.5254301315292421,%,36.0
2024,Mississippi,Electrical Generation - other as % of All Utility Scale Generation,-0.005378440521170887,%,4.0
2024,Missouri,Electrical Generation - other as % of All Utility Scale Generation,0.0,%,5.0
2024,Montana,Electrical Generation - other as % of All Utility Scale Generation,0.9899487957519439,%,42.0
2024,Nebraska,Electrical Generation - other as % of All Utility Scale Generation,0.0,%,5.0
2024,Nevada,Electrical Generation - other as % of All Utility Scale Generation,-0.2547826659931033,%,1.0
2024,New Hampshire,Electrical Generation - other as % of All Utility Scale Generation,0.29483177245924386,%,29.0
2024,New Jersey,Electrical Generation - other as % of All Utility Scale Generation,1.2641340600341657,%,44.0
2024,New Mexico,Electrical Generation - other as % of All Utility Scale Generation,-0.022418173666118667,%,3.0
2024,New York,Electrical Generation - other as % of All Utility Scale Generation,0.7669536117988205,%,37.0
2024,North Carolina,Electrical Generation - other as % of All Utility Scale Generation,0.16593165090930545,%,26.0
2024,North Dakota,Electrical Generation - other as % of All Utility Scale Generation,0.1479700360676963,%,23.0
2024,Ohio,Electrical Generation - other as % of All Utility Scale Generation,0.48083652957809575,%,34.0
2024,Oklahoma,Electrical Generation - other as % of All Utility Scale Generation,0.02314668686741157,%,18.0
2024,Oregon,Electrical Generation - other as % of All Utility Scale Generation,0.02056051116593914,%,17.0
2024,Pennsylvania,Electrical Generation - other as % of All Utility Scale Generation,0.5083407969049692,%,35.0
2024,Rhode Island,Electrical Generation - other as % of All Utility Scale Generation,0.0,%,5.0
2024,South Carolina,Electrical Generation - other as % of All Utility Scale Generation,0.046704825502822164,%,19.0
2024,South Dakota,Electrical Generation - other as % of All Utility Scale Generation,0.0,%,5.0
2024,Tennessee,Electrical Generation - other as % of All Utility Scale Generation,0.01579030475288173,%,15.0
2024,Texas,Electrical Generation - other as % of All Utility Scale Generation,0.4148980138464895,%,32.0
2024,Utah,Electrical Generation - other as % of All Utility Scale Generation,0.47570996107827596,%,33.0
2024,Vermont,Electrical Generation - other as % of All Utility Scale Generation,0.07898894154818326,%,22.0
2024,Virginia,Electrical Generation - other as % of All Utility Scale Generation,0.4137144403738896,%,31.0
2024,Washington,Electrical Generation - other as % of All Utility Scale Generation,0.2935815969656667,%,28.0
2024,West Virginia,Electrical Generation - other as % of All Utility Scale Generation,0.06490313698495427,%,21.0
2024,Wisconsin,Electrical Generation - other as % of All Utility Scale Generation,0.16332885578214676,%,25.0
2024,Wyoming,Electrical Generation - other as % of All Utility Scale Generation,1.0054156446559972,%,43.0
2024,Alabama,Electrical Generation - petroleum coke as % of All Utility Scale Generation,,%,
2024,Alaska,Electrical Generation - petroleum coke as % of All Utility Scale Generation,,%,
2024,Arizona,Electrical Generation - petroleum coke as % of All Utility Scale Generation,,%,
2024,Arkansas,Electrical Generation - petroleum coke as % of All Utility Scale Generation,0.0,%,22.0
2024,California,Electrical Generation - petroleum coke as % of All Utility Scale Generation,0.0,%,22.0
2024,Colorado,Electrical Generation - petroleum coke as % of All Utility Scale Generation,,%,
2024,Connecticut,Electrical Generation - petroleum coke as % of All Utility Scale Generation,0.0,%,22.0
2024,Delaware,Electrical Generation - petroleum coke as % of All Utility Scale Generation,0.0,%,22.0
2024,District of Columbia,Electrical Generation - petroleum coke as % of All Utility Scale Generation,,%,
2024,Florida,Electrical Generation - petroleum coke as % of All Utility Scale Generation,0.243400676699095,%,4.0
2024,Georgia,Electrical Generation - petroleum coke as % of All Utility Scale Generation,0.011328075218419451,%,6.0
2024,Hawaii,Electrical Generation - petroleum coke as % of All Utility Scale Generation,,%,
2024,Idaho,Electrical Generation - petroleum coke as % of All Utility Scale Generation,,%,
2024,Illinois,Electrical Generation - petroleum coke as % of All Utility Scale Generation,0.0,%,22.0
2024,Indiana,Electrical Generation - petroleum coke as % of All Utility Scale Generation,0.0,%,22.0
2024,Iowa,Electrical Generation - petroleum coke as % of All Utility Scale Generation,0.00715573747030369,%,8.0
2024,Kansas,Electrical Generation - petroleum coke as % of All Utility Scale Generation,,%,
2024,Kentucky,Electrical Generation - petroleum coke as % of All Utility Scale Generation,0.0,%,22.0
2024,Louisiana,Electrical Generation - petroleum coke as % of All Utility Scale Generation,0.037376380148091276,%,5.0
2024,Maine,Electrical Generation - petroleum coke as % of All Utility Scale Generation,,%,
2024,Maryland,Electrical Generation - petroleum coke as % of All Utility Scale Generation,,%,
2024,Massachusetts,Electrical Generation - petroleum coke as % of All Utility Scale Generation,,%,
2024,Michigan,Electrical Generation - petroleum coke as % of All Utility Scale Generation,1.1185628933069207,%,2.0
2024,Minnesota,Electrical Generation - petroleum coke as % of All Utility Scale Generation,,%,
2024,Mississippi,Electrical Generation - petroleum coke as % of All Utility Scale Generation,,%,
2024,Missouri,Electrical Generation - petroleum coke as % of All Utility Scale Generation,,%,
2024,Montana,Electrical Generation - petroleum coke as % of All Utility Scale Generation,1.4223402237815286,%,1.0
2024,Nebraska,Electrical Generation - petroleum coke as % of All Utility Scale Generation,,%,
2024,Nevada,Electrical Generation - petroleum coke as % of All Utility Scale Generation,,%,
2024,New Hampshire,Electrical Generation - petroleum coke as % of All Utility Scale Generation,,%,
2024,New Jersey,Electrical Generation - petroleum coke as % of All Utility Scale Generation,0.0,%,22.0
2024,New Mexico,Electrical Generation - petroleum coke as % of All Utility Scale Generation,,%,
2024,New York,Electrical Generation - petroleum coke as % of All Utility Scale Generation,,%,
2024,North Carolina,Electrical Generation - petroleum coke as % of All Utility Scale Generation,,%,
2024,North Dakota,Electrical Generation - petroleum coke as % of All Utility Scale Generation,,%,
2024,Ohio,Electrical Generation - petroleum coke as % of All Utility Scale Generation,0.5844228561829838,%,3.0
2024,Oklahoma,Electrical Generation - petroleum coke as % of All Utility Scale Generation,0.0,%,22.0
2024,Oregon,Electrical Generation - petroleum coke as % of All Utility Scale Generation,,%,
2024,Pennsylvania,Electrical Generation - petroleum coke as % of All Utility Scale Generation,0.0,%,22.0
2024,Rhode Island,Electrical Generation - petroleum coke as % of All Utility Scale Generation,,%,
2024,South Carolina,Electrical Generation - petroleum coke as % of All Utility Scale Generation,0.0,%,22.0
2024,South Dakota,Electrical Generation - petroleum coke as % of All Utility Scale Generation,,%,
2024,Tennessee,Electrical Generation - petroleum coke as % of All Utility Scale Generation,,%,
2024,Texas,Electrical Generation - petroleum coke as % of All Utility Scale Generation,0.010110810940252204,%,7.0
2024,Utah,Electrical Generation - petroleum coke as % of All Utility Scale Generation,,%,
2024,Vermont,Electrical Generation - petroleum coke as % of All Utility Scale Generation,,%,
2024,Virginia,Electrical Generation - petroleum coke as % of All Utility Scale Generation,,%,
2024,Washington,Electrical Generation - petroleum coke as % of All Utility Scale Generation,0.0,%,22.0
2024,West Virginia,Electrical Generation - petroleum coke as % of All Utility Scale Generation,0.0,%,22.0
2024,Wisconsin,Electrical Generation - petroleum coke as % of All Utility Scale Generation,0.004579313713518134,%,9.0
2024,Wyoming,Electrical Generation - petroleum coke as % of All Utility Scale Generation,,%,
2024,Alabama,Electrical Generation - petroleum liquids as % of All Utility Scale Generation,0.009775239318805466,%,37.0
2024,Alaska,Electrical Generation - petroleum liquids as % of All Utility Scale Generation,14.972443355786897,%,2.0
2024,Arizona,Electrical Generation - petroleum liquids as % of All Utility Scale Generation,0.025827113303546066,%,33.0
2024,Arkansas,Electrical Generation - petroleum liquids as % of All Utility Scale Generation,0.05876131155247385,%,27.0
2024,California,Electrical Generation - petroleum liquids as % of All Utility Scale Generation,0.026606545210121686,%,32.0
2024,Colorado,Electrical Generation - petroleum liquids as % of All Utility Scale Generation,,%,
2024,Connecticut,Electrical Generation - petroleum liquids as % of All Utility Scale Generation,0.31891568666533787,%,8.0
2024,Delaware,Electrical Generation - petroleum liquids as % of All Utility Scale Generation,,%,
2024,District of Columbia,Electrical Generation - petroleum liquids as % of All Utility Scale Generation,,%,
2024,Florida,Electrical Generation - petroleum liquids as % of All Utility Scale Generation,0.0700813093901419,%,26.0
2024,Georgia,Electrical Generation - petroleum liquids as % of All Utility Scale Generation,0.16142507186247718,%,13.0
2024,Hawaii,Electrical Generation - petroleum liquids as % of All Utility Scale Generation,78.58103564223269,%,1.0
2024,Idaho,Electrical Generation - petroleum liquids as % of All Utility Scale Generation,0.0,%,38.0
2024,Illinois,Electrical Generation - petroleum liquids as % of All Utility Scale Generation,0.012359478107602693,%,35.0
2024,Indiana,Electrical Generation - petroleum liquids as % of All Utility Scale Generation,0.10232067510548522,%,17.0
2024,Iowa,Electrical Generation - petroleum liquids as % of All Utility Scale Generation,0.08157540716146205,%,23.0
2024,Kansas,Electrical Generation - petroleum liquids as % of All Utility Scale Generation,0.18638850889192887,%,11.0
2024,Kentucky,Electrical Generation - petroleum liquids as % of All Utility Scale Generation,0.08652971102060301,%,22.0
2024,Louisiana,Electrical Generation - petroleum liquids as % of All Utility Scale Generation,,%,
2024,Maine,Electrical Generation - petroleum liquids as % of All Utility Scale Generation,0.44337839802296847,%,5.0
2024,Maryland,Electrical Generation - petroleum liquids as % of All Utility Scale Generation,0.5696096498575975,%,4.0
2024,Massachusetts,Electrical Generation - petroleum liquids as % of All Utility Scale Generation,0.9015421115065243,%,3.0
2024,Michigan,Electrical Generation - petroleum liquids as % of All Utility Scale Generation,0.07398744600109788,%,24.0
2024,Minnesota,Electrical Generation - petroleum liquids as % of All Utility Scale Generation,,%,
2024,Mississippi,Electrical Generation - petroleum liquids as % of All Utility Scale Generation,0.012101491172634496,%,36.0
2024,Missouri,Electrical Generation - petroleum liquids as % of All Utility Scale Generation,0.21542502176382927,%,10.0
2024,Montana,Electrical Generation - petroleum liquids as % of All Utility Scale Generation,0.07206523800493078,%,25.0
2024,Nebraska,Electrical Generation - petroleum liquids as % of All Utility Scale Generation,,%,
2024,Nevada,Electrical Generation - petroleum liquids as % of All Utility Scale Generation,0.013178413758263964,%,34.0
2024,New Hampshire,Electrical Generation - petroleum liquids as % of All Utility Scale Generation,0.32951786333680194,%,6.0
2024,New Jersey,Electrical Generation - petroleum liquids as % of All Utility Scale Generation,0.053689091352802414,%,28.0
2024,New Mexico,Electrical Generation - petroleum liquids as % of All Utility Scale Generation,,%,
2024,New York,Electrical Generation - petroleum liquids as % of All Utility Scale Generation,0.32782913515191436,%,7.0
2024,North Carolina,Electrical Generation - petroleum liquids as % of All Utility Scale Generation,0.11209604861428635,%,15.0
2024,North Dakota,Electrical Generation - petroleum liquids as % of All Utility Scale Generation,0.10172939979654119,%,18.0
2024,Ohio,Electrical Generation - petroleum liquids as % of All Utility Scale Generation,0.09868697331952184,%,20.0
2024,Oklahoma,Electrical Generation - petroleum liquids as % of All Utility Scale Generation,0.029459419649432907,%,31.0
2024,Oregon,Electrical Generation - petroleum liquids as % of All Utility Scale Generation,,%,
2024,Pennsylvania,Electrical Generation - petroleum liquids as % of All Utility Scale Generation,0.03598872898442261,%,30.0
2024,Rhode Island,Electrical Generation - petroleum liquids as % of All Utility Scale Generation,,%,
2024,South Carolina,Electrical Generation - petroleum liquids as % of All Utility Scale Generation,0.10036568884649018,%,19.0
2024,South Dakota,Electrical Generation - petroleum liquids as % of All Utility Scale Generation,,%,
2024,Tennessee,Electrical Generation - petroleum liquids as % of All Utility Scale Generation,0.15921890625822413,%,14.0
2024,Texas,Electrical Generation - petroleum liquids as % of All Utility Scale Generation,0.04470042731479921,%,29.0
2024,Utah,Electrical Generation - petroleum liquids as % of All Utility Scale Generation,0.09802508288885685,%,21.0
2024,Vermont,Electrical Generation - petroleum liquids as % of All Utility Scale Generation,,%,
2024,Virginia,Electrical Generation - petroleum liquids as % of All Utility Scale Generation,0.16432582912047017,%,12.0
2024,Washington,Electrical Generation - petroleum liquids as % of All Utility Scale Generation,,%,
2024,West Virginia,Electrical Generation - petroleum liquids as % of All Utility Scale Generation,0.24584521585209954,%,9.0
2024,Wisconsin,Electrical Generation - petroleum liquids as % of All Utility Scale Generation,,%,
2024,Wyoming,Electrical Generation - petroleum liquids as % of All Utility Scale Generation,0.11171284940622193,%,16.0
2024,Alabama,Electrical Generation - wind as % of All Utility Scale Generation,,%,
2024,Alaska,Electrical Generation - wind as % of All Utility Scale Generation,1.8983466013472137,%,31.0
2024,Arizona,Electrical Generation - wind as % of All Utility Scale Generation,2.1866955930335665,%,28.0
2024,Arkansas,Electrical Generation - wind as % of All Utility Scale Generation,,%,
2024,California,Electrical Generation - wind as % of All Utility Scale Generation,6.91676819164181,%,23.0
2024,Colorado,Electrical Generation - wind as % of All Utility Scale Generation,30.07311989612875,%,8.0
2024,Connecticut,Electrical Generation - wind as % of All Utility Scale Generation,0.022146922685092905,%,43.0
2024,Delaware,Electrical Generation - wind as % of All Utility Scale Generation,0.06696428571428571,%,39.0
2024,District of Columbia,Electrical Generation - wind as % of All Utility Scale Generation,,%,
2024,Florida,Electrical Generation - wind as % of All Utility Scale Generation,,%,
2024,Georgia,Electrical Generation - wind as % of All Utility Scale Generation,,%,
2024,Hawaii,Electrical Generation - wind as % of All Utility Scale Generation,7.419861017709034,%,22.0
2024,Idaho,Electrical Generation - wind as % of All Utility Scale Generation,15.404259943490544,%,14.0
2024,Illinois,Electrical Generation - wind as % of All Utility Scale Generation,13.128989961954302,%,17.0
2024,Indiana,Electrical Generation - wind as % of All Utility Scale Generation,10.330168776371309,%,18.0
2024,Iowa,Electrical Generation - wind as % of All Utility Scale Generation,63.40842087185506,%,1.0
2024,Kansas,Electrical Generation - wind as % of All Utility Scale Generation,51.84678522571819,%,3.0
2024,Kentucky,Electrical Generation - wind as % of All Utility Scale Generation,,%,
2024,Louisiana,Electrical Generation - wind as % of All Utility Scale Generation,,%,
2024,Maine,Electrical Generation - wind as % of All Utility Scale Generation,20.584387265590927,%,13.0
2024,Maryland,Electrical Generation - wind as % of All Utility Scale Generation,1.5580499246104875,%,33.0
2024,Massachusetts,Electrical Generation - wind as % of All Utility Scale Generation,0.8446026097271649,%,35.0
2024,Michigan,Electrical Generation - wind as % of All Utility Scale Generation,7.767886266179781,%,21.0
2024,Minnesota,Electrical Generation - wind as % of All Utility Scale Generation,25.643050928946735,%,9.0
2024,Mississippi,Electrical Generation - wind as % of All Utility Scale Generation,0.4665797152115744,%,37.0
2024,Missouri,Electrical Generation - wind as % of All Utility Scale Generation,10.048249302819707,%,19.0
2024,Montana,Electrical Generation - wind as % of All Utility Scale Generation,22.199886212782097,%,11.0
2024,Nebraska,Electrical Generation - wind as % of All Utility Scale Generation,32.497346072186836,%,7.0
2024,Nevada,Electrical Generation - wind as % of All Utility Scale Generation,0.7006523314810341,%,36.0
2024,New Hampshire,Electrical Generation - wind as % of All Utility Scale Generation,2.5725517400855593,%,27.0
2024,New Jersey,Electrical Generation - wind as % of All Utility Scale Generation,0.030911901081916538,%,41.0
2024,New Mexico,Electrical Generation - wind as % of All Utility Scale Generation,38.073531609624865,%,5.0
2024,New York,Electrical Generation - wind as % of All Utility Scale Generation,4.535852999295887,%,24.0
2024,North Carolina,Electrical Generation - wind as % of All Utility Scale Generation,0.39086122214191954,%,38.0
2024,North Dakota,Electrical Generation - wind as % of All Utility Scale Generation,34.74983815777305,%,6.0
2024,Ohio,Electrical Generation - wind as % of All Utility Scale Generation,2.00523530893922,%,30.0
2024,Oklahoma,Electrical Generation - wind as % of All Utility Scale Generation,40.648738505565724,%,4.0
2024,Oregon,Electrical Generation - wind as % of All Utility Scale Generation,15.151515151515152,%,15.0
2024,Pennsylvania,Electrical Generation - wind as % of All Utility Scale Generation,1.4624510778215367,%,34.0
2024,Rhode Island,Electrical Generation - wind as % of All Utility Scale Generation,1.8959855947463193,%,32.0
2024,South Carolina,Electrical Generation - wind as % of All Utility Scale Generation,,%,
2024,South Dakota,Electrical Generation - wind as % of All Utility Scale Generation,59.261249816778225,%,2.0
2024,Tennessee,Electrical Generation - wind as % of All Utility Scale Generation,0.028948892046949837,%,42.0
2024,Texas,Electrical Generation - wind as % of All Utility Scale Generation,22.16147851984823,%,12.0
2024,Utah,Electrical Generation - wind as % of All Utility Scale Generation,2.165201095574456,%,29.0
2024,Vermont,Electrical Generation - wind as % of All Utility Scale Generation,14.020537124802528,%,16.0
2024,Virginia,Electrical Generation - wind as % of All Utility Scale Generation,0.04833112621190299,%,40.0
2024,Washington,Electrical Generation - wind as % of All Utility Scale Generation,8.296143047140534,%,20.0
2024,West Virginia,Electrical Generation - wind as % of All Utility Scale Generation,3.939423738814043,%,25.0
2024,Wisconsin,Electrical Generation - wind as % of All Utility Scale Generation,3.043717181585053,%,26.0
2024,Wyoming,Electrical Generation - wind as % of All Utility Scale Generation,22.760278796415477,%,10.0
2024,US AVERAGE,CO2 Equivalent Emissions From Lost NG,1102.6841796759363,thousand metric tons,
2024,US AVERAGE,NG - Consumption per Customer - All Sectors,93.54565886581744,Mcf per customer,
2024,US AVERAGE,NG - Consumption per Customer - Commercial Sector,362.231258836804,Mcf per customer,
2024,US AVERAGE,NG - Consumption per Customer - Industrial Sector,10115.080682706506,Mcf per customer,
2024,US AVERAGE,NG - Consumption per Customer - Residential Sector,57.18632020186004,Mcf per customer,
2024,US AVERAGE,NG - Expenditures per Customer - All Sectors,1084.4237595247405,$ per customer,
2024,US AVERAGE,NG - Expenditures per Customer - Commercial Sector,16244.338832317939,$ per customer,
2024,US AVERAGE,NG - Expenditures per Customer - Industrial Sector,681882.8248327977,$ per customer,
2024,US AVERAGE,NG - Expenditures per Customer - Residential Sector,1163.9786306854796,$ per customer,
2024,US AVERAGE,NG - Losses from Leaks,2968058.254901961,Mcf,
2024,US AVERAGE,NG - Losses from Leaks as % of Sales,2.2352171792741222,%,
2024,US AVERAGE,NG - Number of Customers - All Sectors,1419479.2745098039,customers,
2024,US AVERAGE,NG - Number of Customers - Commercial Sector,94760.2156862745,customers,
2024,US AVERAGE,NG - Number of Customers - Industrial Sector,2257.450980392157,customers,
2024,US AVERAGE,NG - Number of Customers - Residential Sector,1322461.6078431373,customers,
2024,US AVERAGE,NG - Price - All Sectors,11.592454130664102,$/Mcf,
2024,US AVERAGE,NG - Price - Commercial Sector,10.537430320486855,$/Mcf,
2024,US AVERAGE,NG - Price - Industrial Sector,4.0732480732830565,$/Mcf,
2024,US AVERAGE,NG - Price - Residential Sector,14.341609824695928,$/Mcf,
2024,US AVERAGE,NG - Revenue - All Sectors,1539317051.4313726,$,
2024,US AVERAGE,NG - Revenue - Commercial Sector,361698478.21568626,$,
2024,US AVERAGE,NG - Revenue - Industrial Sector,93009763.60784313,$,
2024,US AVERAGE,NG - Revenue - Residential Sector,1084608809.6078432,$,
2024,US AVERAGE,NG - Sales - All Sectors,132786123.98039216,Mcf,
2024,US AVERAGE,NG - Sales - Commercial Sector,34325112.21568628,Mcf,
2024,US AVERAGE,NG - Sales - Industrial Sector,22834298.80392157,Mcf,
2024,US AVERAGE,NG - Sales - Residential Sector,75626712.96078432,Mcf,
2024,US AVERAGE,NG - Unaccounted for Volume,7827690.803921568,Mcf,
2024,US AVERAGE,NG - Unaccounted for Volume as % of Sales,5.894961438197747,%,
2024,US AVERAGE,Revenue from Electric Sales - Residential Sector,4791517817.6470585,$,
2024,US AVERAGE,Sales of Electricity - Residential Sector,29075952.666666668,MWh,
2024,US AVERAGE,Number of Electric Customers - Residential Sector,2806748.725490196,customers,
2024,US AVERAGE,Revenue from Electric Sales - Commercial Sector,3628298543.137255,$,
2024,US AVERAGE,Sales of Electricity - Commercial Sector,28449827.76470588,MWh,
2024,US AVERAGE,Number of Electric Customers - Commercial Sector,381978.1568627451,customers,
2024,US AVERAGE,Revenue from Electric Sales - Industrial Sector,1648917852.9411764,$,
2024,US AVERAGE,Sales of Electricity - Industrial Sector,20285964.50980392,MWh,
2024,US AVERAGE,Number of Electric Customers - Industrial Sector,21881.843137254902,customers,
2024,US AVERAGE,Revenue from Electric Sales - Transportation Sector,17457411.76470588,$,
2024,US AVERAGE,Sales of Electricity - Transportation Sector,136918.431372549,MWh,
2024,US AVERAGE,Number of Electric Customers - Transportation Sector,1.588235294117647,customers,
2024,US AVERAGE,Revenue from Electric Sales - All Sectors,10086191631.372547,$,
2024,US AVERAGE,Sales of Electricity - All Sectors,77948663.37254901,MWh,
2024,US AVERAGE,Number of Electric Customers - All Sectors,3210610.31372549,customers,
2024,US AVERAGE,Average Price of Electricity - All Sectors,0.12939531218343606,$/kWh,
2024,US AVERAGE,Electricity Consumption per Customer - All Sectors,24278.45666579818,kWh per customer,
2024,US AVERAGE,Average Price of Electricity - Residential Sector,0.16479314960297634,$/kWh,
2024,US AVERAGE,Electricity Consumption per Customer - Residential Sector,10359.300211880769,kWh per customer,
2024,US AVERAGE,Average Price of Electricity - Commercial Sector,0.12753323405487987,$/kWh,
2024,US AVERAGE,Electricity Consumption per Customer - Commercial Sector,74480.24776696501,kWh per customer,
2024,US AVERAGE,Average Price of Electricity - Industrial Sector,0.08128368025805614,$/kWh,
2024,US AVERAGE,Electricity Consumption per Customer - Industrial Sector,927068.3635998688,kWh per customer,
2024,US AVERAGE,Average Price of Electricity - Transportation Sector,0.12750227701050001,$/kWh,
2024,US AVERAGE,Electricity Consumption per Customer - Transportation Sector,86207901.23456791,kWh per customer,
2024,US AVERAGE,SAIDI with MED,610.8700707049885,outage minutes per customer,
2024,US AVERAGE,SAIDI without MED,125.02144417372803,outage minutes per customer,
2024,US AVERAGE,SAIFI with MED,1.499426117364206,interruptions per customer,
2024,US AVERAGE,SAIFI without MED,1.0244618083077754,interruptions per customer,
2024,US AVERAGE,CAIDI with MED,407.40258131478845,outage minutes per interruption,
2024,US AVERAGE,CAIDI without MED,122.03621761189977,outage minutes per interruption,
2024,US AVERAGE,Efficiency Programs - RY Electricity Savings - Residential Sector,200001.64731372544,MWh,
2024,US AVERAGE,Efficiency Programs - RY Electricity Savings - Commercial Sector,225466.36337254915,MWh,
2024,US AVERAGE,Efficiency Programs - RY Electricity Savings - Industrial Sector,41962.47539215686,MWh,
2024,US AVERAGE,Efficiency Programs - RY Electricity Savings - Transportation Sector,0.19527450980392155,$/kWh,
2024,US AVERAGE,Efficiency Programs - RY Electricity Savings - All Sectors,467430.6813529411,MWh,
2024,US AVERAGE,Efficiency Programs - IL Electricity Savings - Residential Sector,2091508.8925686274,MWh,
2024,US AVERAGE,Efficiency Programs - IL Electricity Savings - Commercial Sector,2924514.480313725,MWh,
2024,US AVERAGE,Efficiency Programs - IL Electricity Savings - Industrial Sector,501360.49809803924,MWh,
2024,US AVERAGE,Efficiency Programs - IL Electricity Savings - Transportation Sector,2.929254901960784,$/kWh,
2024,US AVERAGE,Efficiency Programs - IL Electricity Savings - All Sectors,5517386.800235295,MWh,
2024,US AVERAGE,Efficiency Programs - RY Peak Demand Savings - Residential Sector,43.09517647058824,MW,
2024,US AVERAGE,Efficiency Programs - RY Peak Demand Savings - Commercial Sector,62.867058823529405,MW,
2024,US AVERAGE,Efficiency Programs - RY Peak Demand Savings - Industrial Sector,16.866254901960783,MW,
2024,US AVERAGE,Efficiency Programs - RY Peak Demand Savings - Transportation Sector,0.0012352941176470588,$/kWh,
2024,US AVERAGE,Efficiency Programs - RY Peak Demand Savings - All Sectors,122.82972549019613,MW,
2024,US AVERAGE,Efficiency Programs - IL Peak Demand Savings - Residential Sector,41.982098039215686,MW,
2024,US AVERAGE,Efficiency Programs - IL Peak Demand Savings - Commercial Sector,62.052294117647065,MW,
2024,US AVERAGE,Efficiency Programs - IL Peak Demand Savings - Industrial Sector,16.589352941176468,MW,
2024,US AVERAGE,Efficiency Programs - IL Peak Demand Savings - Transportation Sector,0.0012352941176470588,$/kWh,
2024,US AVERAGE,Efficiency Programs - IL Peak Demand Savings - All Sectors,120.62498039215687,MW,
2024,US AVERAGE,Efficiency Programs - Cost per kW of Peak Demand Savings - Residential Sector,6059.029757781912,$/kW,
2024,US AVERAGE,Efficiency Programs - Cost per kW of Peak Demand Savings - Commercial Sector,2342.827152430255,$/kW,
2024,US AVERAGE,Efficiency Programs - Cost per kW of Peak Demand Savings - Industrial Sector,524.0290075018585,$/kW,
2024,US AVERAGE,Efficiency Programs - Cost per kW of Peak Demand Savings - Transportation Sector,57.36507936507936,$/kWh,
2024,US AVERAGE,Efficiency Programs - Cost per kW of Peak Demand Savings - All Sectors,3386.04783615529,$/kW,
2024,US AVERAGE,Efficiency Programs - Cost per kWh of Electricity Savings - Residential Sector,0.12162070274600996,$/kWh,
2024,US AVERAGE,Efficiency Programs - Cost per kWh of Electricity Savings - Commercial Sector,0.049710063160233166,$/kWh,
2024,US AVERAGE,Efficiency Programs - Cost per kWh of Electricity Savings - Industrial Sector,0.017339423807503078,$/kWh,
2024,US AVERAGE,Efficiency Programs - Cost per kWh of Electricity Savings - Transportation Sector,0.024191389097140407,$/kWh,
2024,US AVERAGE,Efficiency Programs - Cost per kWh of Electricity Savings - All Sectors,0.07402815293387055,$/kWh,
2024,US AVERAGE,Efficiency Programs - Electricity Savings as % of Sales - All Sectors,0.5996647808043813,%,
2024,US AVERAGE,Efficiency Programs - Electricity Savings as % of Sales - Residential Sector,0.6878593097415923,%,
2024,US AVERAGE,Efficiency Programs - Electricity Savings as % of Sales - Commercial Sector,0.792505196295975,%,
2024,US AVERAGE,Efficiency Programs - Electricity Savings as % of Sales - Industrial Sector,0.20685472150893783,%,
2024,US AVERAGE,Efficiency Programs - Electricity Savings as % of Sales - Transportation Sector,0.000142621053897841,%,
2024,US AVERAGE,Wood - Paid Consumption as fraction of Total,0.43,fraction,
2024,US AVERAGE,Electrical Generation - all utility-scale solar,4285.058823529412,GWh,
2024,US AVERAGE,Electrical Generation - biomass,916.4705882352941,GWh,
2024,US AVERAGE,Electrical Generation - coal,12799.21568627451,GWh,
2024,US AVERAGE,Electrical Generation - conventional hydroelectric,4749.529411764706,GWh,
2024,US AVERAGE,Electrical Generation - geothermal,307.27450980392155,GWh,
2024,US AVERAGE,Electrical Generation - natural gas,36566.1568627451,GWh,
2024,US AVERAGE,Electrical Generation - nuclear,15332.921568627451,GWh,
2024,US AVERAGE,Electrical Generation - other,361.37254901960785,GWh,
2024,US AVERAGE,Electrical Generation - petroleum coke,66.27450980392157,GWh,
2024,US AVERAGE,Electrical Generation - petroleum liquids,233.07843137254903,GWh,
2024,US AVERAGE,Electrical Generation - small-scale solar photovoltaic,1659.4117647058824,GWh,
2024,US AVERAGE,Electrical Generation - wind,8891.254901960785,GWh,
2024,US AVERAGE,Electrical Generation - Total from All Sources,86168.01960784313,GWh,
2024,US AVERAGE,Electrical Generation - Total from Renewable Sources,20809.0,GWh,
2024,US AVERAGE,Electrical Generation - Total from Clean Sources,35225.450980392154,GWh,
2024,US AVERAGE,Electrical Generation - Total from Fossil Sources,50026.098039215685,GWh,
2024,US AVERAGE,Renewable Generation as % of Total Generation,24.14933068521623,%,
2024,US AVERAGE,Clean Generation as % of Total Generation,40.879958876513264,%,
2024,US AVERAGE,Fossil Generation as % of Total Generation,58.05645559325613,%,
2024,US AVERAGE,Electrical Generation - all utility-scale solar as % of All Utility Scale Generation,5.070559003271276,%,
2024,US AVERAGE,Electrical Generation - biomass as % of All Utility Scale Generation,1.0844701050293286,%,
2024,US AVERAGE,Electrical Generation - coal as % of All Utility Scale Generation,15.145457975159276,%,
2024,US AVERAGE,Electrical Generation - conventional hydroelectric as % of All Utility Scale Generation,5.620172350467141,%,
2024,US AVERAGE,Electrical Generation - geothermal as % of All Utility Scale Generation,0.36360143380219534,%,
2024,US AVERAGE,Electrical Generation - natural gas as % of All Utility Scale Generation,43.26915067707455,%,
2024,US AVERAGE,Electrical Generation - nuclear as % of All Utility Scale Generation,18.14362105820987,%,
2024,US AVERAGE,Electrical Generation - other as % of All Utility Scale Generation,0.4276162609261987,%,
2024,US AVERAGE,Electrical Generation - petroleum coke as % of All Utility Scale Generation,0.07842338371842386,%,
2024,US AVERAGE,Electrical Generation - petroleum liquids as % of All Utility Scale Generation,0.27580436753281196,%,
2024,US AVERAGE,Electrical Generation - wind as % of All Utility Scale Generation,10.521123384808927,%,
